ISO-10303-21;
HEADER;
FILE_DESCRIPTION(('Redacted'),'2;1');
FILE_NAME('9','2025-06-13T22:20:19+01:00',('User_9'),('Organization_9'),'Redacted','Redacted','Authorized_9');
FILE_SCHEMA(('IFC4'));
ENDSEC;
DATA;
#1=IFCORGANIZATION($,'Organization_9',$,$,$);
#2=IFCAPPLICATION(#1,'2025','Autodesk Revit 2025 (ENG)','Revit');
#3=IFCCARTESIANPOINT((0.,0.,0.));
#4=IFCCARTESIANPOINT((0.,0.));
#5=IFCDIRECTION((1.,0.,0.));
#6=IFCDIRECTION((-1.,0.,0.));
#7=IFCDIRECTION((0.,1.,0.));
#8=IFCDIRECTION((0.,-1.,0.));
#9=IFCDIRECTION((0.,0.,1.));
#10=IFCDIRECTION((0.,0.,-1.));
#11=IFCDIRECTION((1.,0.));
#12=IFCDIRECTION((-1.,0.));
#13=IFCDIRECTION((0.,1.));
#14=IFCDIRECTION((0.,-1.));
#15=IFCPERSON('User_9','9','User',$,$,$,$,$);
#16=IFCORGANIZATION($,'Organization_9',$,$,$);
#17=IFCPERSONANDORGANIZATION(#15,#16,$);
#18=IFCOWNERHISTORY(#17,#2,$,.NOCHANGE.,$,$,$,1749844328);
#19=IFCSIUNIT(*,.LENGTHUNIT.,$,.METRE.);
#20=IFCAXIS2PLACEMENT3D(#3,$,$);
#21=IFCDIRECTION((6.12323399573677E-17,1.));
#22=IFCGEOMETRICREPRESENTATIONCONTEXT($,'Model',3,1.E-05,#20,#21);
#23=IFCGEOMETRICREPRESENTATIONSUBCONTEXT('Axis','Model',*,*,*,*,#22,$,.GRAPH_VIEW.,$);
#24=IFCGEOMETRICREPRESENTATIONSUBCONTEXT('Body','Model',*,*,*,*,#22,$,.MODEL_VIEW.,$);
#25=IFCGEOMETRICREPRESENTATIONSUBCONTEXT('Box','Model',*,*,*,*,#22,$,.MODEL_VIEW.,$);
#26=IFCGEOMETRICREPRESENTATIONSUBCONTEXT('FootPrint','Model',*,*,*,*,#22,$,.MODEL_VIEW.,$);
#27=IFCPROJECT('39Q8k8enj9gwsnSmoqqmHv',#18,'Project_9','Redacted','AnonymizedSubmission','Anonymous Project 9','Projektstatus',(#22),#6716);
#28=IFCCLASSIFICATION('CSI (Construction Specifications Institute)','1998',$,'Uniformat','UniFormat Classification','https://www.csiresources.org/standards/uniformat',$);
#29=IFCAXIS2PLACEMENT3D(#3,$,$);
#30=IFCLOCALPLACEMENT(#53,#29);
#31=IFCPOSTALADDRESS($,$,$,$,$,$,$,$,$,$);
#32=IFCBUILDING('39Q8k8enj9gwsnSmoqqmHu',#18,'Building_9',$,$,#30,$,'Building_9',.ELEMENT.,$,$,#31);
#33=IFCCARTESIANPOINT((0.,0.,-4.4));
#34=IFCAXIS2PLACEMENT3D(#33,$,$);
#35=IFCLOCALPLACEMENT(#30,#34);
#36=IFCBUILDINGSTOREY('1nC356ilb3OeWYbP_o7Kqi',#18,'UG',$,'Level:Ebene',#35,$,'UG',.ELEMENT.,-4.4);
#37=IFCAXIS2PLACEMENT3D(#3,$,$);
#38=IFCLOCALPLACEMENT(#30,#37);
#39=IFCBUILDINGSTOREY('13LV5dTeP3CAox54x56C1Z',#18,'EG',$,'Level:Ebene',#38,$,'EG',.ELEMENT.,0.);
#40=IFCCARTESIANPOINT((0.,0.,4.4));
#41=IFCAXIS2PLACEMENT3D(#40,$,$);
#42=IFCLOCALPLACEMENT(#30,#41);
#43=IFCBUILDINGSTOREY('0kWfSd9l1F5hqE2TIsDduT',#18,'1. OG',$,'Level:Ebene',#42,$,'1. OG',.ELEMENT.,4.4);
#44=IFCCARTESIANPOINT((0.,0.,8.8));
#45=IFCAXIS2PLACEMENT3D(#44,$,$);
#46=IFCLOCALPLACEMENT(#30,#45);
#47=IFCBUILDINGSTOREY('3N$RrPsovAHgl0embh8NAI',#18,'2. OG',$,'Level:Ebene',#46,$,'2. OG',.ELEMENT.,8.8);
#48=IFCCARTESIANPOINT((0.,0.,13.2));
#49=IFCAXIS2PLACEMENT3D(#48,$,$);
#50=IFCLOCALPLACEMENT(#30,#49);
#51=IFCBUILDINGSTOREY('1nC356ilb3OeWYbP_o7K_W',#18,'3. OG',$,'Level:Ebene',#50,$,'3. OG',.ELEMENT.,13.2);
#52=IFCAXIS2PLACEMENT3D(#3,$,$);
#53=IFCLOCALPLACEMENT($,#52);
#54=IFCSITE('39Q8k8enj9gwsnSmoqqmHx',#18,'Default',$,$,#53,$,$,.ELEMENT.,(48,8,20,852966),(11,34,48,669204),0.,$,$);
#55=IFCPROPERTYSINGLEVALUE('Reference',$,IFCIDENTIFIER('Project Information'),$);
#56=IFCPROPERTYSET('1BhNijT5nVkyZx8MnyZX3G',#18,'Pset_SiteCommon',$,(#55));
#57=IFCRELDEFINESBYPROPERTIES('3TFTeY4uHBTXSqImOv3Nvc',#18,$,$,(#54),#56);
#58=IFCAXIS2PLACEMENT3D(#3,$,$);
#59=IFCLOCALPLACEMENT(#38,#58);
#60=IFCCARTESIANPOINTLIST2D(((-2.3,1.77666666666666),(-2.29999999999999,-1.77333333333332),(-2.20000000000002,-1.77333333333332),(-2.20000000000002,-1.87333333333334),(2.20000000000001,-1.87333333333333),(2.20000000000001,-1.77333333333332),(2.30000000000001,-1.77333333333332),(2.3,1.77666666666666),(2.2,1.77666666666666),(2.2,1.86666666666667),(-2.20000000000003,1.86666666666666),(-2.20000000000003,1.77666666666666),(-2.3,1.77666666666666)));
#61=IFCINDEXEDPOLYCURVE(#60,$,.F.);
#62=IFCARBITRARYCLOSEDPROFILEDEF(.AREA.,$,#61);
#63=IFCCARTESIANPOINT((-6.06739250439299,27.2531498923767,0.));
#64=IFCAXIS2PLACEMENT3D(#63,#10,#8);
#65=IFCEXTRUDEDAREASOLID(#62,#64,#10,2.75);
#66=IFCSIUNIT(*,.PLANEANGLEUNIT.,$,.RADIAN.);
#67=IFCDIMENSIONALEXPONENTS(0,0,0,0,0,0,0);
#68=IFCMEASUREWITHUNIT(IFCPLANEANGLEMEASURE(0.0174532925199433),#66);
#69=IFCCONVERSIONBASEDUNIT(#67,.PLANEANGLEUNIT.,'DEGREE',#68);
#70=IFCSIUNIT(*,.AREAUNIT.,$,.SQUARE_METRE.);
#71=IFCSHAPEREPRESENTATION(#24,'Body','SweptSolid',(#65));
#72=IFCPRODUCTDEFINITIONSHAPE($,$,(#71));
#73=IFCSPACE('20LeAmtxjFagTYkRE7culH',#18,'1.',$,$,#59,#72,'WC',.ELEMENT.,.NOTDEFINED.,$);
#74=IFCSPACETYPE('20LeAmtxjFagTYiRE7culH',#18,'WC 1.:501001',$,$,$,$,'501001',$,.NOTDEFINED.,$);
#75=IFCPROPERTYSINGLEVALUE('Reference',$,IFCIDENTIFIER('WC 1.'),$);
#76=IFCPROPERTYSINGLEVALUE('IsExternal',$,IFCBOOLEAN(.F.),$);
#77=IFCPROPERTYSET('1DbPi4J8XDXaGAn6Pqu8nL',#18,'Pset_SpaceCommon',$,(#75,#76));
#78=IFCPROPERTYSINGLEVALUE('FloorCovering',$,IFCLABEL('m/f/d'),$);
#79=IFCPROPERTYSET('2CWgtx4bKxwQri6nca6y8X',#18,'Pset_SpaceCoveringRequirements',$,(#78));
#80=IFCPROPERTYSET('1QLECjbTuISMT03CtiVPGO',#18,'Pset_SpaceHeaterTypeCommon',$,(#75));
#81=IFCRELDEFINESBYPROPERTIES('1nGCKDDa8B5VnRyxD4VyT8',#18,$,$,(#73),#77);
#82=IFCRELDEFINESBYPROPERTIES('1vFdoQcL8lthiBwMtZ8ymt',#18,$,$,(#73),#79);
#83=IFCRELDEFINESBYPROPERTIES('1Y5pniaz$DtRVuKeVfeS_P',#18,$,$,(#73),#80);
#84=IFCAXIS2PLACEMENT3D(#3,$,$);
#85=IFCLOCALPLACEMENT(#38,#84);
#86=IFCCARTESIANPOINTLIST2D(((-2.3,1.84833333333328),(-2.29999999999999,-1.85166666666666),(-2.19999999999999,-1.85166666666666),(-2.19999999999999,-1.94166666666666),(2.20000000000001,-1.94166666666666),(2.20000000000001,-1.85166666666666),(2.30000000000001,-1.85166666666666),(2.3,1.84833333333333),(2.19999999999999,1.84833333333333),(2.19999999999999,1.94833333333336),(-2.20000000000001,1.94833333333335),(-2.20000000000001,1.84833333333328),(-2.3,1.84833333333328)));
#87=IFCINDEXEDPOLYCURVE(#86,$,.F.);
#88=IFCARBITRARYCLOSEDPROFILEDEF(.AREA.,$,#87);
#89=IFCCARTESIANPOINT((-6.142392504393,-6.74685010762333,0.));
#90=IFCAXIS2PLACEMENT3D(#89,#10,#7);
#91=IFCEXTRUDEDAREASOLID(#88,#90,#10,2.75);
#92=IFCSHAPEREPRESENTATION(#24,'Body','SweptSolid',(#91));
#93=IFCPRODUCTDEFINITIONSHAPE($,$,(#92));
#94=IFCSPACE('20LeAmtxjFagTYkRE7culK',#18,'2.',$,$,#85,#93,'WC',.ELEMENT.,.NOTDEFINED.,$);
#95=IFCSPACETYPE('20LeAmtxjFagTYiRE7culK',#18,'WC 2.:501004',$,$,$,$,'501004',$,.NOTDEFINED.,$);
#96=IFCPROPERTYSINGLEVALUE('Reference',$,IFCIDENTIFIER('WC 2.'),$);
#97=IFCPROPERTYSET('2e6bICmHbCzQu7L$WrWE4i',#18,'Pset_SpaceCommon',$,(#76,#96));
#98=IFCPROPERTYSINGLEVALUE('FloorCovering',$,IFCLABEL('m/f/d'),$);
#99=IFCPROPERTYSET('3JQbPh9Za2qzbgCulF2W7g',#18,'Pset_SpaceCoveringRequirements',$,(#98));
#100=IFCPROPERTYSET('07HDZvEWAn9cQGKV4ZrG3b',#18,'Pset_SpaceHeaterTypeCommon',$,(#96));
#101=IFCRELDEFINESBYPROPERTIES('1PIxFHFzYfZTMa3PlBk4D_',#18,$,$,(#94),#97);
#102=IFCRELDEFINESBYPROPERTIES('2e6VmJJujFEbqRCPr3A7Jh',#18,$,$,(#94),#99);
#103=IFCRELDEFINESBYPROPERTIES('1lv3QJRuGKXI4rNJGEH6hv',#18,$,$,(#94),#100);
#108=IFCAXIS2PLACEMENT3D(#3,$,$);
#110=IFCCARTESIANPOINTLIST2D(((-0.15,-0.15),(0.15,-0.15),(0.15,0.15),(-0.15,0.15),(-0.15,-0.15)));
#111=IFCINDEXEDPOLYCURVE(#110,$,.F.);
#112=IFCARBITRARYCLOSEDPROFILEDEF(.AREA.,'BETON 30X30',#111);
#113=IFCAXIS2PLACEMENT3D(#3,#9,#6);
#114=IFCEXTRUDEDAREASOLID(#112,#113,#9,8.8);
#115=IFCCOLOURRGB($,0.968627450980392,0.968627450980392,0.968627450980392);
#116=IFCSURFACESTYLERENDERING(#115,0.,$,$,$,$,IFCNORMALISEDRATIOMEASURE(0.5),IFCSPECULAREXPONENT(128.),.NOTDEFINED.);
#117=IFCSURFACESTYLE('StB - Ortbeton',.BOTH.,(#116));
#118=IFCSTYLEDITEM(#114,(#117),$);
#119=IFCSHAPEREPRESENTATION(#24,'Body','SweptSolid',(#114));
#120=IFCAXIS2PLACEMENT3D(#3,$,$);
#121=IFCREPRESENTATIONMAP(#120,#119);
#122=IFCCOLUMNTYPE('1soz90sYzCp8a2Do0djRI7',#18,'STB St\X2\00FC\X0\tze - rechteckig:BETON 30X30',$,$,(#141),(#121),'473197',$,.COLUMN.);
#123=IFCMATERIAL('StB - Ortbeton',$,'Beton');
#124=IFCCARTESIANTRANSFORMATIONOPERATOR3D($,$,#3,1.,$);
#125=IFCMAPPEDITEM(#121,#124);
#126=IFCSHAPEREPRESENTATION(#24,'Body','MappedRepresentation',(#125));
#127=IFCPRODUCTDEFINITIONSHAPE($,$,(#126));
#128=IFCCARTESIANPOINT((-22.8440297216611,-9.09687955702182,0.));
#129=IFCAXIS2PLACEMENT3D(#128,$,$);
#130=IFCLOCALPLACEMENT(#38,#129);
#131=IFCCOLUMN('2q2CBrfQTCKPY0zxCdZygb',#18,'STB St\X2\00FC\X0\tze - rechteckig:BETON 30X30:473562',$,'STB St\X2\00FC\X0\tze - rechteckig:BETON 30X30',#130,#127,'473562',.COLUMN.);
#132=IFCPROPERTYSINGLEVALUE('Reference',$,IFCIDENTIFIER('BETON 30X30'),$);
#133=IFCPROPERTYSINGLEVALUE('LoadBearing',$,IFCBOOLEAN(.T.),$);
#134=IFCPROPERTYSET('04RsBiYE9ZTTwaaKmJK_Sf',#18,'Pset_ColumnCommon',$,(#76,#132,#133));
#135=IFCPROPERTYSET('14AFcRzwt943wEQMOCFl_B',#18,'Pset_EnvironmentalImpactIndicators',$,(#132));
#136=IFCPROPERTYSINGLEVALUE('Reference',$,IFCLABEL('BETON 30X30'),$);
#137=IFCPROPERTYSET('1Y5_JGGgb3rIU0qtS6JCFK',#18,'Pset_ReinforcementBarPitchOfColumn',$,(#136));
#138=IFCRELDEFINESBYPROPERTIES('0NKlDtjwP7uUv_3cxncPgX',#18,$,$,(#131),#134);
#139=IFCRELDEFINESBYPROPERTIES('35x5dftEOrTzQ$9T0Zr$a6',#18,$,$,(#131),#135);
#140=IFCRELDEFINESBYPROPERTIES('2Mf4oLa$JfMBT_rJdrlfxP',#18,$,$,(#131),#137);
#141=IFCPROPERTYSET('124pKoEu8kqR52yrftfNBd',#18,'Pset_ColumnCommon',$,(#133));
#142=IFCAXIS2PLACEMENT3D(#3,$,$);
#144=IFCCARTESIANPOINTLIST2D(((-0.15,-0.15),(0.15,-0.15),(0.15,0.15),(-0.15,0.15),(-0.15,-0.15)));
#145=IFCINDEXEDPOLYCURVE(#144,$,.F.);
#146=IFCARBITRARYCLOSEDPROFILEDEF(.AREA.,'BETON 30X30',#145);
#147=IFCAXIS2PLACEMENT3D(#3,#9,#6);
#148=IFCEXTRUDEDAREASOLID(#146,#147,#9,13.2);
#149=IFCSTYLEDITEM(#148,(#117),$);
#150=IFCSHAPEREPRESENTATION(#24,'Body','SweptSolid',(#148));
#151=IFCAXIS2PLACEMENT3D(#3,$,$);
#152=IFCREPRESENTATIONMAP(#151,#150);
#153=IFCCOLUMNTYPE('1soz90sYzCp8a2Do0djRVV',#18,'STB St\X2\00FC\X0\tze - rechteckig:BETON 30X30',$,$,(#168),(#152),'473197',$,.COLUMN.);
#154=IFCMAPPEDITEM(#152,#124);
#155=IFCSHAPEREPRESENTATION(#24,'Body','MappedRepresentation',(#154));
#156=IFCPRODUCTDEFINITIONSHAPE($,$,(#155));
#157=IFCCARTESIANPOINT((-18.9940591710596,-9.09685010762329,0.));
#158=IFCAXIS2PLACEMENT3D(#157,$,$);
#159=IFCLOCALPLACEMENT(#38,#158);
#160=IFCCOLUMN('2q2CBrfQTCKPY0zxCdZyWE',#18,'STB St\X2\00FC\X0\tze - rechteckig:BETON 30X30:473969',$,'STB St\X2\00FC\X0\tze - rechteckig:BETON 30X30',#159,#156,'473969',.COLUMN.);
#161=IFCPROPERTYSET('27sJOT6fNMcROJQyJuuQjg',#18,'Pset_ColumnCommon',$,(#76,#132,#133));
#162=IFCPROPERTYSET('2eA9ELs0aQ9WxTFhkxdvJF',#18,'Pset_EnvironmentalImpactIndicators',$,(#132));
#163=IFCPROPERTYSINGLEVALUE('Reference',$,IFCLABEL('BETON 30X30'),$);
#164=IFCPROPERTYSET('2CgTn5AOedBUlIp5_Wt_P5',#18,'Pset_ReinforcementBarPitchOfColumn',$,(#163));
#165=IFCRELDEFINESBYPROPERTIES('25LW22wEnPw3bE3AcEpwuS',#18,$,$,(#160),#161);
#166=IFCRELDEFINESBYPROPERTIES('3FupgdP3ZvxTMuzrybAh2N',#18,$,$,(#160),#162);
#167=IFCRELDEFINESBYPROPERTIES('04pE3zakQqWMNGgOhbFG9t',#18,$,$,(#160),#164);
#168=IFCPROPERTYSET('0VWZwTJl9SmJf_yUtYl3Fp',#18,'Pset_ColumnCommon',$,(#133));
#169=IFCMAPPEDITEM(#152,#124);
#170=IFCSHAPEREPRESENTATION(#24,'Body','MappedRepresentation',(#169));
#171=IFCPRODUCTDEFINITIONSHAPE($,$,(#170));
#172=IFCCARTESIANPOINT((-18.9940591710596,29.6031498923767,0.));
#173=IFCAXIS2PLACEMENT3D(#172,$,$);
#174=IFCLOCALPLACEMENT(#38,#173);
#175=IFCCOLUMN('2q2CBrfQTCKPY0zxCdZyuE',#18,'STB St\X2\00FC\X0\tze - rechteckig:BETON 30X30:474481',$,'STB St\X2\00FC\X0\tze - rechteckig:BETON 30X30',#174,#171,'474481',.COLUMN.);
#176=IFCPROPERTYSET('39Uq5ui8ZLJc2lwJ5lqZVP',#18,'Pset_ColumnCommon',$,(#76,#132,#133));
#177=IFCPROPERTYSET('02Xkdm1TvrHGOYxPHlq4AW',#18,'Pset_EnvironmentalImpactIndicators',$,(#132));
#178=IFCPROPERTYSINGLEVALUE('Reference',$,IFCLABEL('BETON 30X30'),$);
#179=IFCPROPERTYSET('1Q6tTG2RfVhIt3VlF5aQcR',#18,'Pset_ReinforcementBarPitchOfColumn',$,(#178));
#180=IFCRELDEFINESBYPROPERTIES('2kiKMacHG0_3pSZTOghbcK',#18,$,$,(#175),#176);
#181=IFCRELDEFINESBYPROPERTIES('2VvD6fIvMyRn_mWMK$JZI1',#18,$,$,(#175),#177);
#182=IFCRELDEFINESBYPROPERTIES('34Mrbj3EFZUwZDdWkyyeSX',#18,$,$,(#175),#179);
#183=IFCMAPPEDITEM(#121,#124);
#184=IFCSHAPEREPRESENTATION(#24,'Body','MappedRepresentation',(#183));
#185=IFCPRODUCTDEFINITIONSHAPE($,$,(#184));
#186=IFCCARTESIANPOINT((-22.8440591710597,29.6031498923767,0.));
#187=IFCAXIS2PLACEMENT3D(#186,$,$);
#188=IFCLOCALPLACEMENT(#38,#187);
#189=IFCCOLUMN('2q2CBrfQTCKPY0zxCdZyxq',#18,'STB St\X2\00FC\X0\tze - rechteckig:BETON 30X30:474507',$,'STB St\X2\00FC\X0\tze - rechteckig:BETON 30X30',#188,#185,'474507',.COLUMN.);
#190=IFCPROPERTYSET('33Nj7IjKFqFQ7cdL4BnhSS',#18,'Pset_ColumnCommon',$,(#76,#132,#133));
#191=IFCPROPERTYSET('3V5W1yoKeBpfPMbQZl1aRU',#18,'Pset_EnvironmentalImpactIndicators',$,(#132));
#192=IFCPROPERTYSINGLEVALUE('Reference',$,IFCLABEL('BETON 30X30'),$);
#193=IFCPROPERTYSET('2cHIFUhRESYscNYbZQ5oKr',#18,'Pset_ReinforcementBarPitchOfColumn',$,(#192));
#194=IFCRELDEFINESBYPROPERTIES('27QdKOrHcvarWREiIZCRA_',#18,$,$,(#189),#190);
#195=IFCRELDEFINESBYPROPERTIES('35eYMt7QlpGnXBheSuUfIl',#18,$,$,(#189),#191);
#196=IFCRELDEFINESBYPROPERTIES('1Ph5HGpQrlUHzzOxE85jAe',#18,$,$,(#189),#193);
#197=IFCAXIS2PLACEMENT3D(#3,$,$);
#199=IFCCARTESIANPOINTLIST2D(((-0.15,-0.3),(0.15,-0.3),(0.15,0.3),(-0.15,0.3),(-0.15,-0.3)));
#200=IFCINDEXEDPOLYCURVE(#199,$,.F.);
#201=IFCARBITRARYCLOSEDPROFILEDEF(.AREA.,'BETON 30X60',#200);
#202=IFCAXIS2PLACEMENT3D(#3,#9,#6);
#203=IFCEXTRUDEDAREASOLID(#201,#202,#9,8.8);
#204=IFCSTYLEDITEM(#203,(#117),$);
#205=IFCSHAPEREPRESENTATION(#24,'Body','SweptSolid',(#203));
#206=IFCAXIS2PLACEMENT3D(#3,$,$);
#207=IFCREPRESENTATIONMAP(#206,#205);
#208=IFCCOLUMNTYPE('1soz90sYzCp8a2Do0djRII',#18,'STB St\X2\00FC\X0\tze - rechteckig:BETON 30X60',$,$,(#224),(#207),'200956',$,.COLUMN.);
#209=IFCMAPPEDITEM(#207,#124);
#210=IFCSHAPEREPRESENTATION(#24,'Body','MappedRepresentation',(#209));
#211=IFCPRODUCTDEFINITIONSHAPE($,$,(#210));
#212=IFCCARTESIANPOINT((-22.8440591710597,0.753149892376727,0.));
#213=IFCAXIS2PLACEMENT3D(#212,$,$);
#214=IFCLOCALPLACEMENT(#38,#213);
#215=IFCCOLUMN('2q2CBrfQTCKPY0zxCdZyrD',#18,'STB St\X2\00FC\X0\tze - rechteckig:BETON 30X60:474674',$,'STB St\X2\00FC\X0\tze - rechteckig:BETON 30X60',#214,#211,'474674',.COLUMN.);
#216=IFCPROPERTYSINGLEVALUE('Reference',$,IFCIDENTIFIER('BETON 30X60'),$);
#217=IFCPROPERTYSET('1JLbKCBs4kDbZZATEK2wxf',#18,'Pset_ColumnCommon',$,(#76,#133,#216));
#218=IFCPROPERTYSET('1jWAnPnHFUF6tnbxjr3epX',#18,'Pset_EnvironmentalImpactIndicators',$,(#216));
#219=IFCPROPERTYSINGLEVALUE('Reference',$,IFCLABEL('BETON 30X60'),$);
#220=IFCPROPERTYSET('24FTKOh0NSYK5rL2lwLTYI',#18,'Pset_ReinforcementBarPitchOfColumn',$,(#219));
#221=IFCRELDEFINESBYPROPERTIES('2qkPNRyj7RiylREzKq2OWv',#18,$,$,(#215),#217);
#222=IFCRELDEFINESBYPROPERTIES('1Ft5YCbejlBBhAFz3Lih5Z',#18,$,$,(#215),#218);
#223=IFCRELDEFINESBYPROPERTIES('1PuSX5jm1PcW7jx0Zv2i43',#18,$,$,(#215),#220);
#224=IFCPROPERTYSET('08kGzDRjsn84J7d1SsMzS1',#18,'Pset_ColumnCommon',$,(#133));
#225=IFCMAPPEDITEM(#207,#124);
#226=IFCSHAPEREPRESENTATION(#24,'Body','MappedRepresentation',(#225));
#227=IFCPRODUCTDEFINITIONSHAPE($,$,(#226));
#228=IFCCARTESIANPOINT((-22.8440591710597,-4.24685010762327,0.));
#229=IFCAXIS2PLACEMENT3D(#228,$,$);
#230=IFCLOCALPLACEMENT(#38,#229);
#231=IFCCOLUMN('2q2CBrfQTCKPY0zxCdZysk',#18,'STB St\X2\00FC\X0\tze - rechteckig:BETON 30X60:474833',$,'STB St\X2\00FC\X0\tze - rechteckig:BETON 30X60',#230,#227,'474833',.COLUMN.);
#232=IFCPROPERTYSET('0oDyEvDtzr1UjgPAGL0jUK',#18,'Pset_ColumnCommon',$,(#76,#133,#216));
#233=IFCPROPERTYSET('0QiKvGL9FqEFK1u0$Pb_M6',#18,'Pset_EnvironmentalImpactIndicators',$,(#216));
#234=IFCPROPERTYSINGLEVALUE('Reference',$,IFCLABEL('BETON 30X60'),$);
#235=IFCPROPERTYSET('289pSvGXdJPpreFejWPt1N',#18,'Pset_ReinforcementBarPitchOfColumn',$,(#234));
#236=IFCRELDEFINESBYPROPERTIES('21KiSR8QMBDd4Yq1V_UFud',#18,$,$,(#231),#232);
#237=IFCRELDEFINESBYPROPERTIES('1kHqJ6U$Kub61lbNex9kRC',#18,$,$,(#231),#233);
#238=IFCRELDEFINESBYPROPERTIES('0fGBc9FTl4v8Y2jfVImIvS',#18,$,$,(#231),#235);
#239=IFCAXIS2PLACEMENT3D(#3,$,$);
#241=IFCCARTESIANPOINTLIST2D(((-0.15,-0.3),(0.15,-0.3),(0.15,0.3),(-0.15,0.3),(-0.15,-0.3)));
#242=IFCINDEXEDPOLYCURVE(#241,$,.F.);
#243=IFCARBITRARYCLOSEDPROFILEDEF(.AREA.,'BETON 30X60',#242);
#244=IFCAXIS2PLACEMENT3D(#3,#9,#6);
#245=IFCEXTRUDEDAREASOLID(#243,#244,#9,13.2);
#246=IFCSTYLEDITEM(#245,(#117),$);
#247=IFCSHAPEREPRESENTATION(#24,'Body','SweptSolid',(#245));
#248=IFCAXIS2PLACEMENT3D(#3,$,$);
#249=IFCREPRESENTATIONMAP(#248,#247);
#250=IFCCOLUMNTYPE('1soz90sYzCp8a2Do0djRNw',#18,'STB St\X2\00FC\X0\tze - rechteckig:BETON 30X60',$,$,(#265),(#249),'200956',$,.COLUMN.);
#251=IFCMAPPEDITEM(#249,#124);
#252=IFCSHAPEREPRESENTATION(#24,'Body','MappedRepresentation',(#251));
#253=IFCPRODUCTDEFINITIONSHAPE($,$,(#252));
#254=IFCCARTESIANPOINT((-18.9940591710596,-4.54685010762328,0.));
#255=IFCAXIS2PLACEMENT3D(#254,$,$);
#256=IFCLOCALPLACEMENT(#38,#255);
#257=IFCCOLUMN('2q2CBrfQTCKPY0zxCdZynE',#18,'STB St\X2\00FC\X0\tze - rechteckig:BETON 30X60:474929',$,'STB St\X2\00FC\X0\tze - rechteckig:BETON 30X60',#256,#253,'474929',.COLUMN.);
#258=IFCPROPERTYSET('00xBpRlaiFoAdaHbs7PU3S',#18,'Pset_ColumnCommon',$,(#76,#133,#216));
#259=IFCPROPERTYSET('2awChNKUo$zVTznfIE8elG',#18,'Pset_EnvironmentalImpactIndicators',$,(#216));
#260=IFCPROPERTYSINGLEVALUE('Reference',$,IFCLABEL('BETON 30X60'),$);
#261=IFCPROPERTYSET('2uXO2Fnz125vbQFu1QcRg6',#18,'Pset_ReinforcementBarPitchOfColumn',$,(#260));
#262=IFCRELDEFINESBYPROPERTIES('31RRFFBhzpKKBGaQGkK3CC',#18,$,$,(#257),#258);
#263=IFCRELDEFINESBYPROPERTIES('2Ngx9D4LPtqkJ65BAPxN7Z',#18,$,$,(#257),#259);
#264=IFCRELDEFINESBYPROPERTIES('3RQneNEg6wtp6Eq6xlKGuW',#18,$,$,(#257),#261);
#265=IFCPROPERTYSET('1_AOEKVpNtFTPvjrcZtNvm',#18,'Pset_ColumnCommon',$,(#133));
#266=IFCMAPPEDITEM(#207,#124);
#267=IFCSHAPEREPRESENTATION(#24,'Body','MappedRepresentation',(#266));
#268=IFCPRODUCTDEFINITIONSHAPE($,$,(#267));
#269=IFCCARTESIANPOINT((-19.1440591710597,0.753149892376728,0.));
#270=IFCAXIS2PLACEMENT3D(#269,$,$);
#271=IFCLOCALPLACEMENT(#38,#270);
#272=IFCCOLUMN('2q2CBrfQTCKPY0zxCdZxDw',#18,'STB St\X2\00FC\X0\tze - rechteckig:BETON 30X60:475141',$,'STB St\X2\00FC\X0\tze - rechteckig:BETON 30X60',#271,#268,'475141',.COLUMN.);
#273=IFCPROPERTYSET('3pcFAMwQHrW9wAXFzUdYc8',#18,'Pset_ColumnCommon',$,(#76,#133,#216));
#274=IFCPROPERTYSET('0ChTPylF_lf$sQM6RjpyZe',#18,'Pset_EnvironmentalImpactIndicators',$,(#216));
#275=IFCPROPERTYSINGLEVALUE('Reference',$,IFCLABEL('BETON 30X60'),$);
#276=IFCPROPERTYSET('3EDDs8sSmoO0T75b8QSO0d',#18,'Pset_ReinforcementBarPitchOfColumn',$,(#275));
#277=IFCRELDEFINESBYPROPERTIES('02wdgG77GbMplQRadT9oZ9',#18,$,$,(#272),#273);
#278=IFCRELDEFINESBYPROPERTIES('3_pctvQKliiCgD6lZ2jKiv',#18,$,$,(#272),#274);
#279=IFCRELDEFINESBYPROPERTIES('072HkQAXmJ25uPGLI9t5NO',#18,$,$,(#272),#276);
#280=IFCMAPPEDITEM(#207,#124);
#281=IFCSHAPEREPRESENTATION(#24,'Body','MappedRepresentation',(#280));
#282=IFCPRODUCTDEFINITIONSHAPE($,$,(#281));
#283=IFCCARTESIANPOINT((-19.1440591710597,5.75314989237671,0.));
#284=IFCAXIS2PLACEMENT3D(#283,$,$);
#285=IFCLOCALPLACEMENT(#38,#284);
#286=IFCCOLUMN('2q2CBrfQTCKPY0zxCdZxEL',#18,'STB St\X2\00FC\X0\tze - rechteckig:BETON 30X60:475370',$,'STB St\X2\00FC\X0\tze - rechteckig:BETON 30X60',#285,#282,'475370',.COLUMN.);
#287=IFCPROPERTYSET('0TKDhoHR46rOyE0Ndhueda',#18,'Pset_ColumnCommon',$,(#76,#133,#216));
#288=IFCPROPERTYSET('2$ijg1v3TQTVYE935vEnhR',#18,'Pset_EnvironmentalImpactIndicators',$,(#216));
#289=IFCPROPERTYSINGLEVALUE('Reference',$,IFCLABEL('BETON 30X60'),$);
#290=IFCPROPERTYSET('1pqlzakTOw8I1ro$wBKPwO',#18,'Pset_ReinforcementBarPitchOfColumn',$,(#289));
#291=IFCRELDEFINESBYPROPERTIES('3A8QCANzQs$eJ2v61jjlYY',#18,$,$,(#286),#287);
#292=IFCRELDEFINESBYPROPERTIES('3dNjGDaMu9zyMmfls99w$s',#18,$,$,(#286),#288);
#293=IFCRELDEFINESBYPROPERTIES('3wzZ3DB9nB0O2hHRp9YWcm',#18,$,$,(#286),#290);
#294=IFCMAPPEDITEM(#207,#124);
#295=IFCSHAPEREPRESENTATION(#24,'Body','MappedRepresentation',(#294));
#296=IFCPRODUCTDEFINITIONSHAPE($,$,(#295));
#297=IFCCARTESIANPOINT((-22.8440297216611,5.75314989237671,0.));
#298=IFCAXIS2PLACEMENT3D(#297,$,$);
#299=IFCLOCALPLACEMENT(#38,#298);
#300=IFCCOLUMN('2q2CBrfQTCKPY0zxCdZx97',#18,'STB St\X2\00FC\X0\tze - rechteckig:BETON 30X60:475448',$,'STB St\X2\00FC\X0\tze - rechteckig:BETON 30X60',#299,#296,'475448',.COLUMN.);
#301=IFCPROPERTYSET('25HyJwD$p5l7XOKfdUg3G_',#18,'Pset_ColumnCommon',$,(#76,#133,#216));
#302=IFCPROPERTYSET('382syMUnjKWUhzXYNPYPxJ',#18,'Pset_EnvironmentalImpactIndicators',$,(#216));
#303=IFCPROPERTYSINGLEVALUE('Reference',$,IFCLABEL('BETON 30X60'),$);
#304=IFCPROPERTYSET('1b5WDsbRs$Bxn0pLEmuL_O',#18,'Pset_ReinforcementBarPitchOfColumn',$,(#303));
#305=IFCRELDEFINESBYPROPERTIES('1H7UyC$Y$Vyq25LM8oxNwj',#18,$,$,(#300),#301);
#306=IFCRELDEFINESBYPROPERTIES('1NXBYK40sqSGYDcVXirfdL',#18,$,$,(#300),#302);
#307=IFCRELDEFINESBYPROPERTIES('0r0U4qikry58fVLY5mXfqD',#18,$,$,(#300),#304);
#308=IFCMAPPEDITEM(#207,#124);
#309=IFCSHAPEREPRESENTATION(#24,'Body','MappedRepresentation',(#308));
#310=IFCPRODUCTDEFINITIONSHAPE($,$,(#309));
#311=IFCCARTESIANPOINT((-22.8440297216611,10.7531498923767,0.));
#312=IFCAXIS2PLACEMENT3D(#311,$,$);
#313=IFCLOCALPLACEMENT(#38,#312);
#314=IFCCOLUMN('2q2CBrfQTCKPY0zxCdZx6h',#18,'STB St\X2\00FC\X0\tze - rechteckig:BETON 30X60:475860',$,'STB St\X2\00FC\X0\tze - rechteckig:BETON 30X60',#313,#310,'475860',.COLUMN.);
#315=IFCPROPERTYSET('1gotAOPcp3NWQfHkfchE$V',#18,'Pset_ColumnCommon',$,(#76,#133,#216));
#316=IFCPROPERTYSET('3ja2Kcr4xibYM5EHtM0t8G',#18,'Pset_EnvironmentalImpactIndicators',$,(#216));
#317=IFCPROPERTYSINGLEVALUE('Reference',$,IFCLABEL('BETON 30X60'),$);
#318=IFCPROPERTYSET('11URsbhVe9qkCQn5Auah79',#18,'Pset_ReinforcementBarPitchOfColumn',$,(#317));
#319=IFCRELDEFINESBYPROPERTIES('1O5bioHM69vaIGBCPWuLNk',#18,$,$,(#314),#315);
#320=IFCRELDEFINESBYPROPERTIES('0JGygEAJK6Xr2hJzp34AtX',#18,$,$,(#314),#316);
#321=IFCRELDEFINESBYPROPERTIES('3tH0Ns$U1SPX1o9pQmUaE5',#18,$,$,(#314),#318);
#322=IFCMAPPEDITEM(#207,#124);
#323=IFCSHAPEREPRESENTATION(#24,'Body','MappedRepresentation',(#322));
#324=IFCPRODUCTDEFINITIONSHAPE($,$,(#323));
#325=IFCCARTESIANPOINT((-19.1440591710596,15.7531498923767,0.));
#326=IFCAXIS2PLACEMENT3D(#325,$,$);
#327=IFCLOCALPLACEMENT(#38,#326);
#328=IFCCOLUMN('2q2CBrfQTCKPY0zxCdZx6V',#18,'STB St\X2\00FC\X0\tze - rechteckig:BETON 30X60:475872',$,'STB St\X2\00FC\X0\tze - rechteckig:BETON 30X60',#327,#324,'475872',.COLUMN.);
#329=IFCPROPERTYSET('1Gf7W12qZui7_64eZ1EXL6',#18,'Pset_ColumnCommon',$,(#76,#133,#216));
#330=IFCPROPERTYSET('21sPsWVQvJaV7ciZKQl609',#18,'Pset_EnvironmentalImpactIndicators',$,(#216));
#331=IFCPROPERTYSINGLEVALUE('Reference',$,IFCLABEL('BETON 30X60'),$);
#332=IFCPROPERTYSET('3uJEBNtKfYzC5hpy3628n1',#18,'Pset_ReinforcementBarPitchOfColumn',$,(#331));
#333=IFCRELDEFINESBYPROPERTIES('0blihZzLFXRQU8YYOSVPUk',#18,$,$,(#328),#329);
#334=IFCRELDEFINESBYPROPERTIES('2HSmFU6jQ4C5cQwlGfDMLg',#18,$,$,(#328),#330);
#335=IFCRELDEFINESBYPROPERTIES('300dm_Uld31nnnaMntZ6n$',#18,$,$,(#328),#332);
#336=IFCMAPPEDITEM(#207,#124);
#337=IFCSHAPEREPRESENTATION(#24,'Body','MappedRepresentation',(#336));
#338=IFCPRODUCTDEFINITIONSHAPE($,$,(#337));
#339=IFCCARTESIANPOINT((-22.8440297216611,15.7531498923767,0.));
#340=IFCAXIS2PLACEMENT3D(#339,$,$);
#341=IFCLOCALPLACEMENT(#38,#340);
#342=IFCCOLUMN('2q2CBrfQTCKPY0zxCdZx6U',#18,'STB St\X2\00FC\X0\tze - rechteckig:BETON 30X60:475873',$,'STB St\X2\00FC\X0\tze - rechteckig:BETON 30X60',#341,#338,'475873',.COLUMN.);
#343=IFCPROPERTYSET('2YWU_aMx7PYMAIxHnCJwZB',#18,'Pset_ColumnCommon',$,(#76,#133,#216));
#344=IFCPROPERTYSET('1ZuGd9bqPM47Mk3l8UxKvl',#18,'Pset_EnvironmentalImpactIndicators',$,(#216));
#345=IFCPROPERTYSINGLEVALUE('Reference',$,IFCLABEL('BETON 30X60'),$);
#346=IFCPROPERTYSET('183GXL3_spar1DA5Yb7Mvg',#18,'Pset_ReinforcementBarPitchOfColumn',$,(#345));
#347=IFCRELDEFINESBYPROPERTIES('0ycEKfqJQaUoA9afsnOy_i',#18,$,$,(#342),#343);
#348=IFCRELDEFINESBYPROPERTIES('2h6dG7vw71K$SgRBCqkPgG',#18,$,$,(#342),#344);
#349=IFCRELDEFINESBYPROPERTIES('3nZBB0Bm8ttmNUHdOG6Vq7',#18,$,$,(#342),#346);
#350=IFCMAPPEDITEM(#207,#124);
#351=IFCSHAPEREPRESENTATION(#24,'Body','MappedRepresentation',(#350));
#352=IFCPRODUCTDEFINITIONSHAPE($,$,(#351));
#353=IFCCARTESIANPOINT((-19.1440591710596,20.7531498923767,0.));
#354=IFCAXIS2PLACEMENT3D(#353,$,$);
#355=IFCLOCALPLACEMENT(#38,#354);
#356=IFCCOLUMN('2q2CBrfQTCKPY0zxCdZx6K',#18,'STB St\X2\00FC\X0\tze - rechteckig:BETON 30X60:475883',$,'STB St\X2\00FC\X0\tze - rechteckig:BETON 30X60',#355,#352,'475883',.COLUMN.);
#357=IFCPROPERTYSET('0CRLjNpxIBQdPrgh8E$MSz',#18,'Pset_ColumnCommon',$,(#76,#133,#216));
#358=IFCPROPERTYSET('0Z6qyqgVOIdBjis3QIL2D4',#18,'Pset_EnvironmentalImpactIndicators',$,(#216));
#359=IFCPROPERTYSINGLEVALUE('Reference',$,IFCLABEL('BETON 30X60'),$);
#360=IFCPROPERTYSET('14y6LPcySuA1ZIr3rOsWKL',#18,'Pset_ReinforcementBarPitchOfColumn',$,(#359));
#361=IFCRELDEFINESBYPROPERTIES('08Dqr2qTLB4d3Tqox_WRiK',#18,$,$,(#356),#357);
#362=IFCRELDEFINESBYPROPERTIES('1Uk8X4SroqJKzOV7n9qglf',#18,$,$,(#356),#358);
#363=IFCRELDEFINESBYPROPERTIES('1Iq0gcbzcgdLW1RUhpTkgo',#18,$,$,(#356),#360);
#364=IFCMAPPEDITEM(#207,#124);
#365=IFCSHAPEREPRESENTATION(#24,'Body','MappedRepresentation',(#364));
#366=IFCPRODUCTDEFINITIONSHAPE($,$,(#365));
#367=IFCCARTESIANPOINT((-22.8440297216611,20.7531498923767,0.));
#368=IFCAXIS2PLACEMENT3D(#367,$,$);
#369=IFCLOCALPLACEMENT(#38,#368);
#370=IFCCOLUMN('2q2CBrfQTCKPY0zxCdZx6J',#18,'STB St\X2\00FC\X0\tze - rechteckig:BETON 30X60:475884',$,'STB St\X2\00FC\X0\tze - rechteckig:BETON 30X60',#369,#366,'475884',.COLUMN.);
#371=IFCPROPERTYSET('0m48k3KEcl3lYdAZfyID75',#18,'Pset_ColumnCommon',$,(#76,#133,#216));
#372=IFCPROPERTYSET('33skT2dkPfH7s8Xg6qvxeP',#18,'Pset_EnvironmentalImpactIndicators',$,(#216));
#373=IFCPROPERTYSINGLEVALUE('Reference',$,IFCLABEL('BETON 30X60'),$);
#374=IFCPROPERTYSET('0vh8zeVKap9iU$82MeEbd1',#18,'Pset_ReinforcementBarPitchOfColumn',$,(#373));
#375=IFCRELDEFINESBYPROPERTIES('0t5w8rbNoTUV6aHdbPKngp',#18,$,$,(#370),#371);
#376=IFCRELDEFINESBYPROPERTIES('3I82sjJ1s$F3PQ1nhIkxGV',#18,$,$,(#370),#372);
#377=IFCRELDEFINESBYPROPERTIES('3k6kdpl0vuTSSHGvbTxCuO',#18,$,$,(#370),#374);
#378=IFCMAPPEDITEM(#249,#124);
#379=IFCSHAPEREPRESENTATION(#24,'Body','MappedRepresentation',(#378));
#380=IFCPRODUCTDEFINITIONSHAPE($,$,(#379));
#381=IFCCARTESIANPOINT((-18.9940591710596,25.0531498923767,0.));
#382=IFCAXIS2PLACEMENT3D(#381,$,$);
#383=IFCLOCALPLACEMENT(#38,#382);
#384=IFCCOLUMN('2q2CBrfQTCKPY0zxCdZx69',#18,'STB St\X2\00FC\X0\tze - rechteckig:BETON 30X60:475894',$,'STB St\X2\00FC\X0\tze - rechteckig:BETON 30X60',#383,#380,'475894',.COLUMN.);
#385=IFCPROPERTYSET('1miZGG5tTV8R4zDGupEFUi',#18,'Pset_ColumnCommon',$,(#76,#133,#216));
#386=IFCPROPERTYSET('0DZGPJFjSrsXmuJZFQv2AS',#18,'Pset_EnvironmentalImpactIndicators',$,(#216));
#387=IFCPROPERTYSINGLEVALUE('Reference',$,IFCLABEL('BETON 30X60'),$);
#388=IFCPROPERTYSET('3MUjVa1H9Zpl0fO7Qp7no0',#18,'Pset_ReinforcementBarPitchOfColumn',$,(#387));
#389=IFCRELDEFINESBYPROPERTIES('3fNDdCGcog8Q5nlzUC8Ags',#18,$,$,(#384),#385);
#390=IFCRELDEFINESBYPROPERTIES('21amp25ZrSwSjq4tDStcBF',#18,$,$,(#384),#386);
#391=IFCRELDEFINESBYPROPERTIES('3sDtGMT8cL_eOIgCMYneZI',#18,$,$,(#384),#388);
#392=IFCMAPPEDITEM(#207,#124);
#393=IFCSHAPEREPRESENTATION(#24,'Body','MappedRepresentation',(#392));
#394=IFCPRODUCTDEFINITIONSHAPE($,$,(#393));
#395=IFCCARTESIANPOINT((-22.8440297216611,25.7531498923767,0.));
#396=IFCAXIS2PLACEMENT3D(#395,$,$);
#397=IFCLOCALPLACEMENT(#38,#396);
#398=IFCCOLUMN('2q2CBrfQTCKPY0zxCdZx68',#18,'STB St\X2\00FC\X0\tze - rechteckig:BETON 30X60:475895',$,'STB St\X2\00FC\X0\tze - rechteckig:BETON 30X60',#397,#394,'475895',.COLUMN.);
#399=IFCPROPERTYSET('0m6ykKpYNrKjJ0GkId2xMg',#18,'Pset_ColumnCommon',$,(#76,#133,#216));
#400=IFCPROPERTYSET('2i0bTuCA8CSWRHpBIPssZG',#18,'Pset_EnvironmentalImpactIndicators',$,(#216));
#401=IFCPROPERTYSINGLEVALUE('Reference',$,IFCLABEL('BETON 30X60'),$);
#402=IFCPROPERTYSET('1CXfmcTO7s5pvSIN1Am67Q',#18,'Pset_ReinforcementBarPitchOfColumn',$,(#401));
#403=IFCRELDEFINESBYPROPERTIES('0cgV7IDHsKNQWBT0liV3Rw',#18,$,$,(#398),#399);
#404=IFCRELDEFINESBYPROPERTIES('3cWb_O$MiPFYqqPbn7BqO_',#18,$,$,(#398),#400);
#405=IFCRELDEFINESBYPROPERTIES('3QbsYlwNq9713AKK6zisQk',#18,$,$,(#398),#402);
#406=IFCMAPPEDITEM(#152,#124);
#407=IFCSHAPEREPRESENTATION(#24,'Body','MappedRepresentation',(#406));
#408=IFCPRODUCTDEFINITIONSHAPE($,$,(#407));
#409=IFCCARTESIANPOINT((-12.9140591710597,29.6031498923767,0.));
#410=IFCAXIS2PLACEMENT3D(#409,$,$);
#411=IFCLOCALPLACEMENT(#38,#410);
#412=IFCCOLUMN('2q2CBrfQTCKPY0zxCdZx0a',#18,'STB St\X2\00FC\X0\tze - rechteckig:BETON 30X30:475995',$,'STB St\X2\00FC\X0\tze - rechteckig:BETON 30X30',#411,#408,'475995',.COLUMN.);
#413=IFCPROPERTYSET('0vosKZRoo_37JFri2kgjKH',#18,'Pset_ColumnCommon',$,(#76,#132,#133));
#414=IFCPROPERTYSET('1ie94RqD_MdOWpvFxvlT9m',#18,'Pset_EnvironmentalImpactIndicators',$,(#132));
#415=IFCPROPERTYSINGLEVALUE('Reference',$,IFCLABEL('BETON 30X30'),$);
#416=IFCPROPERTYSET('1ql1bWC0CoK2da6v0yeBuF',#18,'Pset_ReinforcementBarPitchOfColumn',$,(#415));
#417=IFCRELDEFINESBYPROPERTIES('3Yso2PBXdjJxX4ASWvgtHo',#18,$,$,(#412),#413);
#418=IFCRELDEFINESBYPROPERTIES('0ztz_2jGZkNHm97HUCg4dd',#18,$,$,(#412),#414);
#419=IFCRELDEFINESBYPROPERTIES('0i_N50XIEworg1n4c8f6W0',#18,$,$,(#412),#416);
#420=IFCMAPPEDITEM(#152,#124);
#421=IFCSHAPEREPRESENTATION(#24,'Body','MappedRepresentation',(#420));
#422=IFCPRODUCTDEFINITIONSHAPE($,$,(#421));
#423=IFCCARTESIANPOINT((-7.99405917105965,29.6031498923767,0.));
#424=IFCAXIS2PLACEMENT3D(#423,$,$);
#425=IFCLOCALPLACEMENT(#38,#424);
#426=IFCCOLUMN('2q2CBrfQTCKPY0zxCdZxSj',#18,'STB St\X2\00FC\X0\tze - rechteckig:BETON 30X30:476242',$,'STB St\X2\00FC\X0\tze - rechteckig:BETON 30X30',#425,#422,'476242',.COLUMN.);
#427=IFCPROPERTYSET('2SUHcZhqTTkX9KX6LmhQyW',#18,'Pset_ColumnCommon',$,(#76,#132,#133));
#428=IFCPROPERTYSET('0zEWG_TUczukhHRP5AYnda',#18,'Pset_EnvironmentalImpactIndicators',$,(#132));
#429=IFCPROPERTYSINGLEVALUE('Reference',$,IFCLABEL('BETON 30X30'),$);
#430=IFCPROPERTYSET('2WKHdkTAbQKIghZ2LtfS14',#18,'Pset_ReinforcementBarPitchOfColumn',$,(#429));
#431=IFCRELDEFINESBYPROPERTIES('25cv4TjvINPe9zhB2uzbUJ',#18,$,$,(#426),#427);
#432=IFCRELDEFINESBYPROPERTIES('39RHy8XDHQgRc$ltUDCwKY',#18,$,$,(#426),#428);
#433=IFCRELDEFINESBYPROPERTIES('1bF2ZLwezGrXfucUB8gzJt',#18,$,$,(#426),#430);
#434=IFCMAPPEDITEM(#152,#124);
#435=IFCSHAPEREPRESENTATION(#24,'Body','MappedRepresentation',(#434));
#436=IFCPRODUCTDEFINITIONSHAPE($,$,(#435));
#437=IFCCARTESIANPOINT((-4.14405917105966,29.6031498923767,0.));
#438=IFCAXIS2PLACEMENT3D(#437,$,$);
#439=IFCLOCALPLACEMENT(#38,#438);
#440=IFCCOLUMN('2q2CBrfQTCKPY0zxCdZxRJ',#18,'STB St\X2\00FC\X0\tze - rechteckig:BETON 30X30:476588',$,'STB St\X2\00FC\X0\tze - rechteckig:BETON 30X30',#439,#436,'476588',.COLUMN.);
#441=IFCPROPERTYSET('1rYJ5RpvHaYwgaDyQDq3pK',#18,'Pset_ColumnCommon',$,(#76,#132,#133));
#442=IFCPROPERTYSET('0TQMmX_xMl1pPkjsC7dliY',#18,'Pset_EnvironmentalImpactIndicators',$,(#132));
#443=IFCPROPERTYSINGLEVALUE('Reference',$,IFCLABEL('BETON 30X30'),$);
#444=IFCPROPERTYSET('0tmm4oezFu2X994OhyF4_z',#18,'Pset_ReinforcementBarPitchOfColumn',$,(#443));
#445=IFCRELDEFINESBYPROPERTIES('2bLflbZaBIWaxHvKOh2Fgw',#18,$,$,(#440),#441);
#446=IFCRELDEFINESBYPROPERTIES('0E6Fltz2dZUTpvDTUpwcTP',#18,$,$,(#440),#442);
#447=IFCRELDEFINESBYPROPERTIES('0$kYCN0xSVY9BgppYcQ0RT',#18,$,$,(#440),#444);
#448=IFCMAPPEDITEM(#152,#124);
#449=IFCSHAPEREPRESENTATION(#24,'Body','MappedRepresentation',(#448));
#450=IFCPRODUCTDEFINITIONSHAPE($,$,(#449));
#451=IFCCARTESIANPOINT((-12.8740591710597,24.9031498923767,0.));
#452=IFCAXIS2PLACEMENT3D(#451,$,$);
#453=IFCLOCALPLACEMENT(#38,#452);
#454=IFCCOLUMN('2q2CBrfQTCKPY0zxCdZxLU',#18,'STB St\X2\00FC\X0\tze - rechteckig:BETON 30X30:476705',$,'STB St\X2\00FC\X0\tze - rechteckig:BETON 30X30',#453,#450,'476705',.COLUMN.);
#455=IFCPROPERTYSET('3OL$5yAk11Mx$HPUNJ0oa_',#18,'Pset_ColumnCommon',$,(#76,#132,#133));
#456=IFCPROPERTYSET('3qzTU5QnExy6S04abyL910',#18,'Pset_EnvironmentalImpactIndicators',$,(#132));
#457=IFCPROPERTYSINGLEVALUE('Reference',$,IFCLABEL('BETON 30X30'),$);
#458=IFCPROPERTYSET('0kYKZRSrdhCc1d4sCMuI65',#18,'Pset_ReinforcementBarPitchOfColumn',$,(#457));
#459=IFCRELDEFINESBYPROPERTIES('0RB76FHtKtqOvJ7kBxSmVa',#18,$,$,(#454),#455);
#460=IFCRELDEFINESBYPROPERTIES('1H7JzyshspQITeUlWQ8NGQ',#18,$,$,(#454),#456);
#461=IFCRELDEFINESBYPROPERTIES('3rDXbarstw$0R8vzA0LwVO',#18,$,$,(#454),#458);
#462=IFCMAPPEDITEM(#152,#124);
#463=IFCSHAPEREPRESENTATION(#24,'Body','MappedRepresentation',(#462));
#464=IFCPRODUCTDEFINITIONSHAPE($,$,(#463));
#465=IFCCARTESIANPOINT((-7.99405917105965,24.9031498923767,0.));
#466=IFCAXIS2PLACEMENT3D(#465,$,$);
#467=IFCLOCALPLACEMENT(#38,#466);
#468=IFCCOLUMN('2q2CBrfQTCKPY0zxCdZxLC',#18,'STB St\X2\00FC\X0\tze - rechteckig:BETON 30X30:476723',$,'STB St\X2\00FC\X0\tze - rechteckig:BETON 30X30',#467,#464,'476723',.COLUMN.);
#469=IFCPROPERTYSET('2fI55gt97TDE1MnvUW$3ge',#18,'Pset_ColumnCommon',$,(#76,#132,#133));
#470=IFCPROPERTYSET('2kD7$iiyxuJbUCLD$lN4GC',#18,'Pset_EnvironmentalImpactIndicators',$,(#132));
#471=IFCPROPERTYSINGLEVALUE('Reference',$,IFCLABEL('BETON 30X30'),$);
#472=IFCPROPERTYSET('02m1HQxNUnYlXwSRTl8Nc9',#18,'Pset_ReinforcementBarPitchOfColumn',$,(#471));
#473=IFCRELDEFINESBYPROPERTIES('3SN5JiGOappy3xMOfeR8Rs',#18,$,$,(#468),#469);
#474=IFCRELDEFINESBYPROPERTIES('0MZUaNK5EMDeyT3mAI4sya',#18,$,$,(#468),#470);
#475=IFCRELDEFINESBYPROPERTIES('2lYXIw001$W9ZnX$r9qNCB',#18,$,$,(#468),#472);
#476=IFCMAPPEDITEM(#152,#124);
#477=IFCSHAPEREPRESENTATION(#24,'Body','MappedRepresentation',(#476));
#478=IFCPRODUCTDEFINITIONSHAPE($,$,(#477));
#479=IFCCARTESIANPOINT((-4.14405917105967,24.9031498923767,0.));
#480=IFCAXIS2PLACEMENT3D(#479,$,$);
#481=IFCLOCALPLACEMENT(#38,#480);
#482=IFCCOLUMN('2q2CBrfQTCKPY0zxCdZxL2',#18,'STB St\X2\00FC\X0\tze - rechteckig:BETON 30X30:476733',$,'STB St\X2\00FC\X0\tze - rechteckig:BETON 30X30',#481,#478,'476733',.COLUMN.);
#483=IFCPROPERTYSET('1iBhT9geKIgAhz3rFzp_r4',#18,'Pset_ColumnCommon',$,(#76,#132,#133));
#484=IFCPROPERTYSET('1bu7DOx0gFMtHFggZlg2qc',#18,'Pset_EnvironmentalImpactIndicators',$,(#132));
#485=IFCPROPERTYSINGLEVALUE('Reference',$,IFCLABEL('BETON 30X30'),$);
#486=IFCPROPERTYSET('3b8$9G3DCWKPsalZXDbiHw',#18,'Pset_ReinforcementBarPitchOfColumn',$,(#485));
#487=IFCRELDEFINESBYPROPERTIES('0z9B7aM8zCpYlCeXAmupEY',#18,$,$,(#482),#483);
#488=IFCRELDEFINESBYPROPERTIES('3gInDudkIH7wDUXqIKGdhS',#18,$,$,(#482),#484);
#489=IFCRELDEFINESBYPROPERTIES('2wdeg1Pmg0UIIUcImGiJuN',#18,$,$,(#482),#486);
#490=IFCMAPPEDITEM(#152,#124);
#491=IFCSHAPEREPRESENTATION(#24,'Body','MappedRepresentation',(#490));
#492=IFCPRODUCTDEFINITIONSHAPE($,$,(#491));
#493=IFCCARTESIANPOINT((-4.14405917105972,-9.09685010762333,0.));
#494=IFCAXIS2PLACEMENT3D(#493,$,$);
#495=IFCLOCALPLACEMENT(#38,#494);
#496=IFCCOLUMN('2q2CBrfQTCKPY0zxCdZxKq',#18,'STB St\X2\00FC\X0\tze - rechteckig:BETON 30X30:476747',$,'STB St\X2\00FC\X0\tze - rechteckig:BETON 30X30',#495,#492,'476747',.COLUMN.);
#497=IFCPROPERTYSET('3_ig7YiqJ1IjtBL3HebqWv',#18,'Pset_ColumnCommon',$,(#76,#132,#133));
#498=IFCPROPERTYSET('2gTDzg4ZJcuM0n_C8xyuwd',#18,'Pset_EnvironmentalImpactIndicators',$,(#132));
#499=IFCPROPERTYSINGLEVALUE('Reference',$,IFCLABEL('BETON 30X30'),$);
#500=IFCPROPERTYSET('3mbzqpyFcLPA4zhLa34MQ7',#18,'Pset_ReinforcementBarPitchOfColumn',$,(#499));
#501=IFCRELDEFINESBYPROPERTIES('2$FPbqNuVB9PFdz5Dltb8r',#18,$,$,(#496),#497);
#502=IFCRELDEFINESBYPROPERTIES('1oOQOBHR$VMDGc86bdDrBJ',#18,$,$,(#496),#498);
#503=IFCRELDEFINESBYPROPERTIES('3bFzoIRbF6RLEkmiLsKhE4',#18,$,$,(#496),#500);
#504=IFCMAPPEDITEM(#152,#124);
#505=IFCSHAPEREPRESENTATION(#24,'Body','MappedRepresentation',(#504));
#506=IFCPRODUCTDEFINITIONSHAPE($,$,(#505));
#507=IFCCARTESIANPOINT((-8.14405917105966,-9.09685010762332,0.));
#508=IFCAXIS2PLACEMENT3D(#507,$,$);
#509=IFCLOCALPLACEMENT(#38,#508);
#510=IFCCOLUMN('2q2CBrfQTCKPY0zxCdZxKg',#18,'STB St\X2\00FC\X0\tze - rechteckig:BETON 30X30:476757',$,'STB St\X2\00FC\X0\tze - rechteckig:BETON 30X30',#509,#506,'476757',.COLUMN.);
#511=IFCPROPERTYSET('2bzbzq5rB74iJ6N72swXl7',#18,'Pset_ColumnCommon',$,(#76,#132,#133));
#512=IFCPROPERTYSET('1UfKmTi6YxE6ocYP7_0tiG',#18,'Pset_EnvironmentalImpactIndicators',$,(#132));
#513=IFCPROPERTYSINGLEVALUE('Reference',$,IFCLABEL('BETON 30X30'),$);
#514=IFCPROPERTYSET('0bJEskIszQ_7lT4eu90RxB',#18,'Pset_ReinforcementBarPitchOfColumn',$,(#513));
#515=IFCRELDEFINESBYPROPERTIES('3pszdCfL$XHXdi5xh_Bw0o',#18,$,$,(#510),#511);
#516=IFCRELDEFINESBYPROPERTIES('0CMY$5j$TMOEhIz6wnq1qp',#18,$,$,(#510),#512);
#517=IFCRELDEFINESBYPROPERTIES('3UsftLM9NedZ5E07BRUTHf',#18,$,$,(#510),#514);
#518=IFCMAPPEDITEM(#152,#124);
#519=IFCSHAPEREPRESENTATION(#24,'Body','MappedRepresentation',(#518));
#520=IFCPRODUCTDEFINITIONSHAPE($,$,(#519));
#521=IFCCARTESIANPOINT((-12.9040591710597,-9.0968501076233,0.));
#522=IFCAXIS2PLACEMENT3D(#521,$,$);
#523=IFCLOCALPLACEMENT(#38,#522);
#524=IFCCOLUMN('2q2CBrfQTCKPY0zxCdZxKQ',#18,'STB St\X2\00FC\X0\tze - rechteckig:BETON 30X30:476773',$,'STB St\X2\00FC\X0\tze - rechteckig:BETON 30X30',#523,#520,'476773',.COLUMN.);
#525=IFCPROPERTYSET('0hr$IWU0BiuBMxCltGNQYS',#18,'Pset_ColumnCommon',$,(#76,#132,#133));
#526=IFCPROPERTYSET('0sX98C8X2VmoAejs$boXUW',#18,'Pset_EnvironmentalImpactIndicators',$,(#132));
#527=IFCPROPERTYSINGLEVALUE('Reference',$,IFCLABEL('BETON 30X30'),$);
#528=IFCPROPERTYSET('0B0CS5MJk5Lk$oKIQXzQFW',#18,'Pset_ReinforcementBarPitchOfColumn',$,(#527));
#529=IFCRELDEFINESBYPROPERTIES('2mGFLuki$zoZS9469fB1kr',#18,$,$,(#524),#525);
#530=IFCRELDEFINESBYPROPERTIES('2zaiDSi$D8prD0cLQRZ4X7',#18,$,$,(#524),#526);
#531=IFCRELDEFINESBYPROPERTIES('1BdUqgm2LnWjdC4TMUvF77',#18,$,$,(#524),#528);
#532=IFCMAPPEDITEM(#152,#124);
#533=IFCSHAPEREPRESENTATION(#24,'Body','MappedRepresentation',(#532));
#534=IFCPRODUCTDEFINITIONSHAPE($,$,(#533));
#535=IFCCARTESIANPOINT((-12.8940591710597,-4.3968501076233,0.));
#536=IFCAXIS2PLACEMENT3D(#535,$,$);
#537=IFCLOCALPLACEMENT(#38,#536);
#538=IFCCOLUMN('2q2CBrfQTCKPY0zxCdZxNl',#18,'STB St\X2\00FC\X0\tze - rechteckig:BETON 30X30:476816',$,'STB St\X2\00FC\X0\tze - rechteckig:BETON 30X30',#537,#534,'476816',.COLUMN.);
#539=IFCPROPERTYSET('2pY17sFYeCT8xQq1lnpJqB',#18,'Pset_ColumnCommon',$,(#76,#132,#133));
#540=IFCPROPERTYSET('08q$ldAI_NuVenoMHTdagT',#18,'Pset_EnvironmentalImpactIndicators',$,(#132));
#541=IFCPROPERTYSINGLEVALUE('Reference',$,IFCLABEL('BETON 30X30'),$);
#542=IFCPROPERTYSET('1pbZTw0i4o9u6n2WjmtAIK',#18,'Pset_ReinforcementBarPitchOfColumn',$,(#541));
#543=IFCRELDEFINESBYPROPERTIES('1pP0bZKbGtH1crrc9x$AlP',#18,$,$,(#538),#539);
#544=IFCRELDEFINESBYPROPERTIES('1TdELRp6IzxMyPtOcmIy8q',#18,$,$,(#538),#540);
#545=IFCRELDEFINESBYPROPERTIES('2EGnKhEoAPTn9j8inNmko$',#18,$,$,(#538),#542);
#546=IFCMAPPEDITEM(#152,#124);
#547=IFCSHAPEREPRESENTATION(#24,'Body','MappedRepresentation',(#546));
#548=IFCPRODUCTDEFINITIONSHAPE($,$,(#547));
#549=IFCCARTESIANPOINT((-8.14405917105966,-4.39685010762332,0.));
#550=IFCAXIS2PLACEMENT3D(#549,$,$);
#551=IFCLOCALPLACEMENT(#38,#550);
#552=IFCCOLUMN('2q2CBrfQTCKPY0zxCdZxNZ',#18,'STB St\X2\00FC\X0\tze - rechteckig:BETON 30X30:476828',$,'STB St\X2\00FC\X0\tze - rechteckig:BETON 30X30',#551,#548,'476828',.COLUMN.);
#553=IFCPROPERTYSET('1pxzyk3O8kIoVBM1p5_pmP',#18,'Pset_ColumnCommon',$,(#76,#132,#133));
#554=IFCPROPERTYSET('0zp$eq0r6MVB8WEVCHc8Nn',#18,'Pset_EnvironmentalImpactIndicators',$,(#132));
#555=IFCPROPERTYSINGLEVALUE('Reference',$,IFCLABEL('BETON 30X30'),$);
#556=IFCPROPERTYSET('3VIzOzkWrKsQCjfXiYdphX',#18,'Pset_ReinforcementBarPitchOfColumn',$,(#555));
#557=IFCRELDEFINESBYPROPERTIES('0PsnysIkPwhKL9Q1vbuuVW',#18,$,$,(#552),#553);
#558=IFCRELDEFINESBYPROPERTIES('3LfjXuQhQsACi0iVpFE15n',#18,$,$,(#552),#554);
#559=IFCRELDEFINESBYPROPERTIES('3mANWHrvNOtousdFo6cq$V',#18,$,$,(#552),#556);
#560=IFCMAPPEDITEM(#152,#124);
#561=IFCSHAPEREPRESENTATION(#24,'Body','MappedRepresentation',(#560));
#562=IFCPRODUCTDEFINITIONSHAPE($,$,(#561));
#563=IFCCARTESIANPOINT((-4.14405917105966,-4.39685010762333,0.));
#564=IFCAXIS2PLACEMENT3D(#563,$,$);
#565=IFCLOCALPLACEMENT(#38,#564);
#566=IFCCOLUMN('2q2CBrfQTCKPY0zxCdZxNL',#18,'STB St\X2\00FC\X0\tze - rechteckig:BETON 30X30:476842',$,'STB St\X2\00FC\X0\tze - rechteckig:BETON 30X30',#565,#562,'476842',.COLUMN.);
#567=IFCPROPERTYSET('3zpCV4cMnyXxWxKZSExFU3',#18,'Pset_ColumnCommon',$,(#76,#132,#133));
#568=IFCPROPERTYSET('3hWOFFb1ZdjloJKksmxx09',#18,'Pset_EnvironmentalImpactIndicators',$,(#132));
#569=IFCPROPERTYSINGLEVALUE('Reference',$,IFCLABEL('BETON 30X30'),$);
#570=IFCPROPERTYSET('2ZAF9Xf0klYgO_uPWIBs06',#18,'Pset_ReinforcementBarPitchOfColumn',$,(#569));
#571=IFCRELDEFINESBYPROPERTIES('3zkIohQ6nRyUc7bqpgiy0_',#18,$,$,(#566),#567);
#572=IFCRELDEFINESBYPROPERTIES('2rA3W3fnRDHH5WKw88yWJH',#18,$,$,(#566),#568);
#573=IFCRELDEFINESBYPROPERTIES('2WylgNFM0e3UuL6LyGtb0H',#18,$,$,(#566),#570);
#574=IFCCARTESIANPOINT((-4.09405917105965,29.7531498923767,0.));
#575=IFCAXIS2PLACEMENT3D(#574,#9,#8);
#576=IFCLOCALPLACEMENT(#38,#575);
#577=IFCCARTESIANPOINTLIST3D(((0.,-1.40474763535606E-16,0.),(5.,-1.40474763535606E-16,0.)));
#578=IFCINDEXEDPOLYCURVE(#577,$,.F.);
#579=IFCSHAPEREPRESENTATION(#23,'Axis','Curve3D',(#578));
#598=IFCCARTESIANPOINTLIST2D(((5.,0.1),(-1.62430069394759E-16,0.1),(1.62430069394759E-16,-0.1),(5.,-0.1),(5.,0.1)));
#599=IFCINDEXEDPOLYCURVE(#598,$,.F.);
#600=IFCARBITRARYCLOSEDPROFILEDEF(.AREA.,$,#599);
#601=IFCAXIS2PLACEMENT3D(#3,$,$);
#602=IFCEXTRUDEDAREASOLID(#600,#601,#9,13.);
#603=IFCCOLOURRGB($,0.501960784313725,0.501960784313725,0.501960784313725);
#604=IFCSURFACESTYLERENDERING(#603,0.,$,$,$,$,IFCNORMALISEDRATIOMEASURE(0.5),IFCSPECULAREXPONENT(10.),.NOTDEFINED.);
#605=IFCSURFACESTYLE('Standard - Wand',.BOTH.,(#604));
#606=IFCSTYLEDITEM(#602,(#605),$);
#607=IFCCOLOURRGBLIST(((0.501960784313725,0.501960784313725,0.501960784313725)));
#608=IFCINDEXEDPOLYGONALFACEWITHVOIDS((1,2,3,4,5,6,7,8),((9,10,11,12),(13,14,15,16)));
#609=IFCINDEXEDPOLYGONALFACEWITHVOIDS((17,18,19,20),((21,22,23,24),(25,26,27,28)));
#610=IFCINDEXEDPOLYGONALFACE((4,3,2,1,17,20));
#611=IFCINDEXEDPOLYGONALFACE((5,4,20,19));
#612=IFCINDEXEDPOLYGONALFACE((1,8,18,17));
#613=IFCINDEXEDPOLYGONALFACE((8,7,6,5,19,18));
#614=IFCINDEXEDPOLYGONALFACE((22,21,9,12));
#615=IFCINDEXEDPOLYGONALFACE((23,22,12,11));
#616=IFCINDEXEDPOLYGONALFACE((24,23,11,10));
#617=IFCINDEXEDPOLYGONALFACE((21,24,10,9));
#618=IFCINDEXEDPOLYGONALFACE((26,25,13,16));
#619=IFCINDEXEDPOLYGONALFACE((27,26,16,15));
#620=IFCINDEXEDPOLYGONALFACE((28,27,15,14));
#621=IFCINDEXEDPOLYGONALFACE((25,28,14,13));
#622=IFCCARTESIANPOINTLIST3D(((-4.33146851719357E-15,-0.1,0.),(0.199999999999998,-0.1,0.),(4.8,-0.0999999999999999,0.),(5.,-0.1,0.),(5.,-0.1,13.),(4.8,-0.0999999999999999,13.),(0.199999999999998,-0.1,13.),(-4.33146851719357E-15,-0.1,13.),(3.10999999999999,-0.1,5.4),(1.1,-0.1,5.4),(1.1,-0.1,6.66),(3.10999999999999,-0.1,6.66),(3.505,-0.1,9.8),(1.495,-0.0999999999999999,9.8),(1.495,-0.0999999999999999,11.06),(3.505,-0.1,11.06),(-8.66293703438714E-15,0.0999999999999999,0.),(-8.66293703438714E-15,0.0999999999999999,13.),(4.99999999999999,0.0999999999999999,13.),(4.99999999999999,0.0999999999999999,0.),(3.10999999999999,0.1,5.4),(3.10999999999999,0.1,6.66),(1.1,0.1,6.66),(1.1,0.1,5.4),(3.50499999999999,0.0999999999999996,9.8),(3.50499999999999,0.0999999999999996,11.06),(1.49499999999999,0.1,11.06),(1.49499999999999,0.1,9.8)));
#623=IFCPOLYGONALFACESET(#622,.T.,(#608,#609,#610,#611,#612,#613,#614,#615,#616,#617,#618,#619,#620,#621),$);
#624=IFCINDEXEDCOLOURMAP(#623,1.,#607,(1,1,1,1,1,1,1,1,1,1,1,1,1,1));
#625=IFCSTYLEDITEM(#623,(#605),$);
#626=IFCSHAPEREPRESENTATION(#24,'Body','Tessellation',(#623));
#627=IFCPRODUCTDEFINITIONSHAPE($,$,(#579,#626));
#628=IFCWALL('2q2CBrfQTCKPY0zxCdZwK$',#18,'Basic Wall:Standard 20.0:480832',$,'Basic Wall:Standard 20.0',#576,#627,'480832',.NOTDEFINED.);
#629=IFCMATERIAL('Standard - Wand',$,'Putz');
#630=IFCWALLTYPE('1cGeuaLxrC_hSD__8Ve9pK',#18,'Basic Wall:Standard 20.0',$,$,(#643),$,'195063',$,.STANDARD.);
#631=IFCPROPERTYSINGLEVALUE('Reference',$,IFCIDENTIFIER('Standard 20.0'),$);
#632=IFCPROPERTYSET('3WNWkwuoPh8APIKIhPbH5G',#18,'Pset_EnvironmentalImpactIndicators',$,(#631));
#633=IFCPROPERTYSINGLEVALUE('Reference',$,IFCLABEL('Standard 20.0'),$);
#634=IFCPROPERTYSET('3cAB5qggm9N3uNDDP4aMFK',#18,'Pset_ReinforcementBarPitchOfWall',$,(#633));
#635=IFCPROPERTYSINGLEVALUE('IsExternal',$,IFCBOOLEAN(.T.),$);
#636=IFCPROPERTYSINGLEVALUE('LoadBearing',$,IFCBOOLEAN(.F.),$);
#637=IFCPROPERTYSINGLEVALUE('ExtendToStructure',$,IFCBOOLEAN(.T.),$);
#638=IFCPROPERTYSET('1_uMFIw16ljCoeGxK28xDf',#18,'Pset_WallCommon',$,(#631,#635,#636,#637));
#639=IFCRELDEFINESBYPROPERTIES('2wm9i5zzCpKu3D74sziqvA',#18,$,$,(#628),#632);
#640=IFCRELDEFINESBYPROPERTIES('3sGUwwmMSWW2fDpaIiL06X',#18,$,$,(#628),#634);
#641=IFCRELDEFINESBYPROPERTIES('1vvta7xwzuGq06bqgKn2LC',#18,$,$,(#628),#638);
#642=IFCPROPERTYSINGLEVALUE('Description',$,IFCTEXT('Standardwand'),$);
#643=IFCPROPERTYSET('06aoIEebZRIvD5jTvgsW3H',#18,'Pset_ReinforcementBarPitchOfWall',$,(#642));
#644=IFCCARTESIANPOINT((-4.19405917105966,24.8531498923767,0.));
#645=IFCAXIS2PLACEMENT3D(#644,#9,#6);
#646=IFCLOCALPLACEMENT(#38,#645);
#647=IFCCARTESIANPOINTLIST3D(((-1.055004767062E-16,0.,0.),(14.8999999999999,0.,0.)));
#648=IFCINDEXEDPOLYCURVE(#647,$,.F.);
#649=IFCSHAPEREPRESENTATION(#23,'Axis','Curve3D',(#648));
#650=IFCCOLOURRGBLIST(((0.501960784313725,0.501960784313725,0.501960784313725)));
#651=IFCINDEXEDPOLYGONALFACEWITHVOIDS((1,2,3,4,5,6,7,8,9,10,11,12,13,14,15),((16,17,18,19),(20,21,22,23),(24,25,26,27),(28,29,30,31),(32,33,34,35)));
#652=IFCINDEXEDPOLYGONALFACEWITHVOIDS((36,37,38,39,40,41,42,43,44,45,46,47),((48,49,50,51),(52,53,54,55),(56,57,58,59),(60,61,62,63),(64,65,66,67)));
#653=IFCINDEXEDPOLYGONALFACE((2,36,47,3));
#654=IFCINDEXEDPOLYGONALFACE((2,1,37,36));
#655=IFCINDEXEDPOLYGONALFACE((12,68,40,39,14,13));
#656=IFCINDEXEDPOLYGONALFACE((14,39,38,15));
#657=IFCINDEXEDPOLYGONALFACE((37,1,15,38));
#658=IFCINDEXEDPOLYGONALFACE((40,68,12,11,69,41));
#659=IFCINDEXEDPOLYGONALFACE((41,69,11,10,9,42));
#660=IFCINDEXEDPOLYGONALFACE((7,43,42,9,8));
#661=IFCINDEXEDPOLYGONALFACE((49,48,17,16));
#662=IFCINDEXEDPOLYGONALFACE((50,49,16,19));
#663=IFCINDEXEDPOLYGONALFACE((51,50,19,18));
#664=IFCINDEXEDPOLYGONALFACE((48,51,18,17));
#665=IFCINDEXEDPOLYGONALFACE((53,52,21,20));
#666=IFCINDEXEDPOLYGONALFACE((54,53,20,23));
#667=IFCINDEXEDPOLYGONALFACE((55,54,23,22));
#668=IFCINDEXEDPOLYGONALFACE((52,55,22,21));
#669=IFCINDEXEDPOLYGONALFACE((57,56,25,24));
#670=IFCINDEXEDPOLYGONALFACE((58,57,24,27));
#671=IFCINDEXEDPOLYGONALFACE((59,58,27,26));
#672=IFCINDEXEDPOLYGONALFACE((56,59,26,25));
#673=IFCINDEXEDPOLYGONALFACE((61,60,29,28));
#674=IFCINDEXEDPOLYGONALFACE((62,61,28,31));
#675=IFCINDEXEDPOLYGONALFACE((63,62,31,30));
#676=IFCINDEXEDPOLYGONALFACE((60,63,30,29));
#677=IFCINDEXEDPOLYGONALFACE((5,45,44,6));
#678=IFCINDEXEDPOLYGONALFACE((45,5,4,46));
#679=IFCINDEXEDPOLYGONALFACE((46,4,3,47));
#680=IFCINDEXEDPOLYGONALFACE((65,64,32,35));
#681=IFCINDEXEDPOLYGONALFACE((66,65,35,34));
#682=IFCINDEXEDPOLYGONALFACE((67,66,34,33));
#683=IFCINDEXEDPOLYGONALFACE((64,67,33,32));
#684=IFCINDEXEDPOLYGONALFACE((43,7,6,44));
#685=IFCCARTESIANPOINTLIST3D(((1.10174005305965E-15,-0.0999999999999979,13.),(1.10174005305965E-15,-0.0999999999999979,0.),(10.615,-0.100000000000001,0.),(10.615,-0.100000000000001,2.35999999999998),(12.5,-0.0999999999999979,2.35999999999998),(12.5,-0.0999999999999979,0.),(14.8,-0.0999999999999979,0.),(14.8,-0.0999999999999979,8.6),(14.8,-0.0999999999999979,8.8),(14.8425,-0.0999999999999979,8.8),(14.8999999999999,-0.0999999999999979,8.8),(14.8999999999999,-0.0999999999999979,13.2),(14.8425,-0.0999999999999979,13.2),(14.8,-0.0999999999999979,13.2),(14.8,-0.0999999999999979,13.),(12.7,-0.0999999999999979,6.66),(12.7,-0.0999999999999979,5.4),(10.69,-0.100000000000001,5.4),(10.69,-0.100000000000001,6.66),(6.78999999999996,-0.0999999999999979,6.66),(6.78999999999996,-0.0999999999999979,5.4),(4.77999999999997,-0.100000000000001,5.4),(4.77999999999997,-0.100000000000001,6.66),(7.20999999999999,-0.0999999999999979,11.06),(7.20999999999999,-0.0999999999999979,9.8),(5.2,-0.100000000000001,9.8),(5.2,-0.100000000000001,11.06),(12.7,-0.0999999999999979,11.06),(12.7,-0.0999999999999979,9.8),(10.69,-0.100000000000001,9.8),(10.69,-0.100000000000001,11.06),(2.80999999999999,-0.0999999999999979,5.4),(0.799999999999996,-0.100000000000001,5.4),(0.799999999999996,-0.100000000000001,6.66),(2.80999999999999,-0.0999999999999979,6.66),(1.35463642357138E-15,0.100000000000001,0.),(4.66458003871316E-16,0.0999999999999837,13.),(14.8,0.0999999999999979,13.),(14.8,0.0999999999999979,13.2),(14.8999999999999,0.0999999999999979,13.2),(14.8999999999999,0.0999999999999979,8.8),(14.8,0.0999999999999979,8.8),(14.8,0.0999999999999979,0.),(12.5,0.100000000000001,0.),(12.5,0.100000000000001,2.35999999999998),(10.615,0.0999999999999979,2.35999999999998),(10.615,0.0999999999999979,0.),(12.7,0.100000000000001,5.4),(12.7,0.100000000000001,6.66),(10.69,0.0999999999999979,6.66),(10.69,0.0999999999999979,5.4),(6.78999999999996,0.100000000000001,5.4),(6.78999999999996,0.100000000000001,6.66),(4.77999999999997,0.0999999999999979,6.66),(4.77999999999997,0.0999999999999979,5.4),(7.20999999999999,0.100000000000001,9.8),(7.20999999999999,0.100000000000001,11.06),(5.2,0.0999999999999979,11.06),(5.2,0.0999999999999979,9.8),(12.7,0.100000000000001,9.8),(12.7,0.100000000000001,11.06),(10.69,0.0999999999999979,11.06),(10.69,0.0999999999999979,9.8),(2.80999999999999,0.0999999999999979,5.4),(2.80999999999999,0.0999999999999979,6.66),(0.799999999999997,0.0999999999999979,6.66),(0.799999999999997,0.0999999999999979,5.4),(14.8999999999999,0.0425000000000004,13.2),(14.8999999999999,0.0425000000000004,8.8)));
#686=IFCPOLYGONALFACESET(#685,.T.,(#651,#652,#653,#654,#655,#656,#657,#658,#659,#660,#661,#662,#663,#664,#665,#666,#667,#668,#669,#670,#671,#672,#673,#674,#675,#676,#677,#678,#679,#680,#681,#682,#683,#684),$);
#687=IFCINDEXEDCOLOURMAP(#686,1.,#650,(1,1,1,1,1,1,1,1,1,1,1,1,1,1,1,1,1,1,1,1,1,1,1,1,1,1,1,1,1,1,1,1,1,1));
#688=IFCSTYLEDITEM(#686,(#605),$);
#689=IFCSHAPEREPRESENTATION(#24,'Body','Tessellation',(#686));
#690=IFCPRODUCTDEFINITIONSHAPE($,$,(#649,#689));
#691=IFCWALL('2q2CBrfQTCKPY0zxCdZwHh',#18,'Basic Wall:Standard 20.0:481044',$,'Basic Wall:Standard 20.0',#646,#690,'481044',.NOTDEFINED.);
#692=IFCPROPERTYSET('0y5s9bw$eT1eGH9zzMMI6D',#18,'Pset_EnvironmentalImpactIndicators',$,(#631));
#693=IFCPROPERTYSINGLEVALUE('Reference',$,IFCLABEL('Standard 20.0'),$);
#694=IFCPROPERTYSET('09Nk$lndC9h_o7Lj4hxhXJ',#18,'Pset_ReinforcementBarPitchOfWall',$,(#693));
#695=IFCPROPERTYSET('2s1b$EzUz4hk5HZVtJc0oR',#18,'Pset_WallCommon',$,(#631,#635,#636,#637));
#696=IFCRELDEFINESBYPROPERTIES('0TSYqAcuGrnRkPeYkpT6gG',#18,$,$,(#691),#692);
#697=IFCRELDEFINESBYPROPERTIES('1wulZ3l6s$1QC_QZCManAb',#18,$,$,(#691),#694);
#698=IFCRELDEFINESBYPROPERTIES('2pF_QsSohBodUp6IUsxTeR',#18,$,$,(#691),#695);
#699=IFCCARTESIANPOINT((-22.8940591710596,29.7106498923767,0.));
#700=IFCAXIS2PLACEMENT3D(#699,#9,#8);
#701=IFCLOCALPLACEMENT(#38,#700);
#702=IFCCARTESIANPOINTLIST3D(((0.,-1.8502865547901E-15,0.),(38.9329070785648,-1.96205996899129E-15,0.)));
#703=IFCINDEXEDPOLYCURVE(#702,$,.F.);
#704=IFCSHAPEREPRESENTATION(#23,'Axis','Curve3D',(#703));
#705=IFCCARTESIANPOINTLIST2D(((38.9329070785648,-0.099999999999999),(38.9329070785648,0.0999999999999988),(38.8179070785648,0.0999999999999986),(0.114999999999995,0.0999999999999991),(-1.66594942968982E-16,0.0999999999999989),(1.66594942968982E-16,-0.0999999999999989),(38.9329070785648,-0.099999999999999)));
#706=IFCINDEXEDPOLYCURVE(#705,$,.F.);
#707=IFCARBITRARYCLOSEDPROFILEDEF(.AREA.,$,#706);
#708=IFCAXIS2PLACEMENT3D(#3,$,$);
#709=IFCEXTRUDEDAREASOLID(#707,#708,#9,8.8);
#710=IFCSTYLEDITEM(#709,(#605),$);
#711=IFCCOLOURRGBLIST(((0.501960784313725,0.501960784313725,0.501960784313725)));
#712=IFCINDEXEDPOLYGONALFACEWITHVOIDS((1,2,3,4),((5,6,7,8),(9,10,11,12),(13,14,15,16),(17,18,19,20),(21,22,23,24),(25,26,27,28),(29,30,31,32),(33,34,35,36),(37,38,39,40),(41,42,43,44),(45,46,47,48),(49,50,51,52)));
#713=IFCINDEXEDPOLYGONALFACEWITHVOIDS((53,54,55,56,57,58,59,60),((61,62,63,64),(65,66,67,68),(69,70,71,72),(73,74,75,76),(77,78,79,80),(81,82,83,84),(85,86,87,88),(89,90,91,92),(93,94,95,96),(97,98,99,100),(101,102,103,104),(105,106,107,108)));
#714=IFCINDEXEDPOLYGONALFACE((2,1,53,60,59,58));
#715=IFCINDEXEDPOLYGONALFACE((4,3,109,57,56,55,54));
#716=IFCINDEXEDPOLYGONALFACE((1,4,54,53));
#717=IFCINDEXEDPOLYGONALFACE((3,2,58,57,109));
#718=IFCINDEXEDPOLYGONALFACE((6,5,61,64));
#719=IFCINDEXEDPOLYGONALFACE((7,6,64,63));
#720=IFCINDEXEDPOLYGONALFACE((8,7,63,62));
#721=IFCINDEXEDPOLYGONALFACE((5,8,62,61));
#722=IFCINDEXEDPOLYGONALFACE((10,9,65,68));
#723=IFCINDEXEDPOLYGONALFACE((11,10,68,67));
#724=IFCINDEXEDPOLYGONALFACE((12,11,67,66));
#725=IFCINDEXEDPOLYGONALFACE((9,12,66,65));
#726=IFCINDEXEDPOLYGONALFACE((14,13,69,72));
#727=IFCINDEXEDPOLYGONALFACE((15,14,72,71));
#728=IFCINDEXEDPOLYGONALFACE((16,15,71,70));
#729=IFCINDEXEDPOLYGONALFACE((13,16,70,69));
#730=IFCINDEXEDPOLYGONALFACE((18,17,73,76));
#731=IFCINDEXEDPOLYGONALFACE((19,18,76,75));
#732=IFCINDEXEDPOLYGONALFACE((20,19,75,74));
#733=IFCINDEXEDPOLYGONALFACE((17,20,74,73));
#734=IFCINDEXEDPOLYGONALFACE((22,21,77,80));
#735=IFCINDEXEDPOLYGONALFACE((23,22,80,79));
#736=IFCINDEXEDPOLYGONALFACE((24,23,79,78));
#737=IFCINDEXEDPOLYGONALFACE((21,24,78,77));
#738=IFCINDEXEDPOLYGONALFACE((26,25,81,84));
#739=IFCINDEXEDPOLYGONALFACE((27,26,84,83));
#740=IFCINDEXEDPOLYGONALFACE((28,27,83,82));
#741=IFCINDEXEDPOLYGONALFACE((25,28,82,81));
#742=IFCINDEXEDPOLYGONALFACE((30,29,85,88));
#743=IFCINDEXEDPOLYGONALFACE((31,30,88,87));
#744=IFCINDEXEDPOLYGONALFACE((32,31,87,86));
#745=IFCINDEXEDPOLYGONALFACE((29,32,86,85));
#746=IFCINDEXEDPOLYGONALFACE((34,33,89,92));
#747=IFCINDEXEDPOLYGONALFACE((35,34,92,91));
#748=IFCINDEXEDPOLYGONALFACE((36,35,91,90));
#749=IFCINDEXEDPOLYGONALFACE((33,36,90,89));
#750=IFCINDEXEDPOLYGONALFACE((38,37,93,96));
#751=IFCINDEXEDPOLYGONALFACE((39,38,96,95));
#752=IFCINDEXEDPOLYGONALFACE((40,39,95,94));
#753=IFCINDEXEDPOLYGONALFACE((37,40,94,93));
#754=IFCINDEXEDPOLYGONALFACE((42,41,97,100));
#755=IFCINDEXEDPOLYGONALFACE((43,42,100,99));
#756=IFCINDEXEDPOLYGONALFACE((44,43,99,98));
#757=IFCINDEXEDPOLYGONALFACE((41,44,98,97));
#758=IFCINDEXEDPOLYGONALFACE((46,45,101,104));
#759=IFCINDEXEDPOLYGONALFACE((47,46,104,103));
#760=IFCINDEXEDPOLYGONALFACE((48,47,103,102));
#761=IFCINDEXEDPOLYGONALFACE((45,48,102,101));
#762=IFCINDEXEDPOLYGONALFACE((50,49,105,108));
#763=IFCINDEXEDPOLYGONALFACE((51,50,108,107));
#764=IFCINDEXEDPOLYGONALFACE((52,51,107,106));
#765=IFCINDEXEDPOLYGONALFACE((49,52,106,105));
#766=IFCCARTESIANPOINTLIST3D(((0.,-0.100000000000001,0.),(38.9329070785648,-0.100000000000001,0.),(38.9329070785648,-0.100000000000001,8.8),(0.,-0.100000000000001,8.8),(6.115,-0.0999999999999992,1.),(6.115,-0.0999999999999992,2.26),(8.125,-0.1,2.26),(8.125,-0.1,1.),(10.125,-0.100000000000001,1.),(10.125,-0.100000000000001,2.26),(12.135,-0.100000000000002,2.26),(12.135,-0.100000000000002,1.),(15.135,-0.100000000000002,1.),(15.135,-0.100000000000002,2.26),(17.145,-0.100000000000003,2.26),(17.145,-0.100000000000003,1.),(20.745,-0.100000000000001,1.),(20.745,-0.100000000000001,2.26),(22.755,-0.100000000000002,2.26),(22.755,-0.100000000000002,1.),(25.655,-0.100000000000001,1.),(25.655,-0.100000000000001,2.26),(27.665,-0.100000000000002,2.26),(27.665,-0.100000000000002,1.),(30.265,-0.100000000000002,1.),(30.265,-0.100000000000002,2.26),(32.275,-0.099999999999999,2.26),(32.275,-0.099999999999999,1.),(30.065,-0.100000000000003,5.4),(30.065,-0.100000000000003,6.66),(32.075,-0.0999999999999993,6.66),(32.075,-0.0999999999999993,5.4),(25.405,-0.100000000000002,5.4),(25.405,-0.100000000000002,6.66),(27.415,-0.100000000000003,6.66),(27.415,-0.100000000000003,5.4),(20.045,-0.100000000000002,5.4),(20.045,-0.100000000000002,6.66),(22.055,-0.0999999999999987,6.66),(22.055,-0.0999999999999987,5.4),(15.335,-0.100000000000001,5.4),(15.335,-0.100000000000001,6.66),(17.345,-0.100000000000002,6.66),(17.345,-0.100000000000002,5.4),(10.225,-0.100000000000001,5.4),(10.225,-0.100000000000001,6.66),(12.235,-0.100000000000002,6.66),(12.235,-0.100000000000002,5.4),(6.21500000000001,-0.0999999999999991,5.4),(6.21500000000001,-0.0999999999999991,6.66),(8.225,-0.1,6.66),(8.225,-0.1,5.4),(0.,0.0999999999999971,0.),(0.,0.0999999999999971,8.8),(0.115,0.0999999999999973,8.8),(38.8179070785648,0.0999999999999968,8.8),(38.9329070785648,0.099999999999997,8.8),(38.9329070785648,0.099999999999997,0.),(38.8179070785648,0.0999999999999968,0.),(0.114999999999996,0.0999999999999973,0.),(6.115,0.0999999999999986,1.),(8.125,0.0999999999999976,1.),(8.125,0.0999999999999976,2.26),(6.115,0.0999999999999986,2.26),(10.125,0.0999999999999966,1.),(12.135,0.0999999999999956,1.),(12.135,0.0999999999999956,2.26),(10.125,0.0999999999999966,2.26),(15.135,0.0999999999999963,1.),(17.145,0.0999999999999953,1.),(17.145,0.0999999999999953,2.26),(15.135,0.0999999999999963,2.26),(20.745,0.099999999999997,1.),(22.755,0.099999999999996,1.),(22.755,0.099999999999996,2.26),(20.745,0.099999999999997,2.26),(25.655,0.0999999999999965,1.),(27.665,0.0999999999999955,1.),(27.665,0.0999999999999955,2.26),(25.655,0.0999999999999965,2.26),(30.265,0.0999999999999955,1.),(32.275,0.0999999999999989,1.),(32.275,0.0999999999999989,2.26),(30.265,0.0999999999999955,2.26),(30.065,0.0999999999999952,5.4),(32.075,0.0999999999999985,5.4),(32.075,0.0999999999999985,6.66),(30.065,0.0999999999999952,6.66),(25.405,0.0999999999999961,5.4),(27.415,0.0999999999999951,5.4),(27.415,0.0999999999999951,6.66),(25.405,0.0999999999999961,6.66),(20.045,0.0999999999999958,5.4),(22.055,0.0999999999999992,5.4),(22.055,0.0999999999999992,6.66),(20.045,0.0999999999999958,6.66),(15.335,0.0999999999999966,5.4),(17.345,0.0999999999999956,5.4),(17.345,0.0999999999999956,6.66),(15.335,0.0999999999999966,6.66),(10.225,0.0999999999999968,5.4),(12.235,0.0999999999999958,5.4),(12.235,0.0999999999999958,6.66),(10.225,0.0999999999999968,6.66),(6.21500000000001,0.0999999999999988,5.4),(8.225,0.0999999999999978,5.4),(8.225,0.0999999999999978,6.66),(6.21500000000001,0.0999999999999988,6.66),(38.9329070785648,0.0150000000000553,8.8)));
#767=IFCPOLYGONALFACESET(#766,.T.,(#712,#713,#714,#715,#716,#717,#718,#719,#720,#721,#722,#723,#724,#725,#726,#727,#728,#729,#730,#731,#732,#733,#734,#735,#736,#737,#738,#739,#740,#741,#742,#743,#744,#745,#746,#747,#748,#749,#750,#751,#752,#753,#754,#755,#756,#757,#758,#759,#760,#761,#762,#763,#764,#765),$);
#768=IFCINDEXEDCOLOURMAP(#767,1.,#711,(1,1,1,1,1,1,1,1,1,1,1,1,1,1,1,1,1,1,1,1,1,1,1,1,1,1,1,1,1,1,1,1,1,1,1,1,1,1,1,1,1,1,1,1,1,1,1,1,1,1,1,1,1,1));
#769=IFCSTYLEDITEM(#767,(#605),$);
#770=IFCSHAPEREPRESENTATION(#24,'Body','Tessellation',(#767));
#771=IFCPRODUCTDEFINITIONSHAPE($,$,(#704,#770));
#772=IFCWALL('2q2CBrfQTCKPY0zxCdZwi6',#18,'Basic Wall:Standard 20.0:481401',$,'Basic Wall:Standard 20.0',#701,#771,'481401',.NOTDEFINED.);
#773=IFCPROPERTYSET('0u6dVbFraaGU1NT5K$$ALd',#18,'Pset_EnvironmentalImpactIndicators',$,(#631));
#774=IFCPROPERTYSINGLEVALUE('Reference',$,IFCLABEL('Standard 20.0'),$);
#775=IFCPROPERTYSET('2o1jZzFgClJyPcIz3ugcnv',#18,'Pset_ReinforcementBarPitchOfWall',$,(#774));
#776=IFCPROPERTYSINGLEVALUE('ExtendToStructure',$,IFCBOOLEAN(.F.),$);
#777=IFCPROPERTYSET('1UyZlQ_SL_JpLkteHQX$Qd',#18,'Pset_WallCommon',$,(#631,#635,#636,#776));
#778=IFCRELDEFINESBYPROPERTIES('1Ej$hAkHK5f1Nsi$rPzQej',#18,$,$,(#772),#773);
#779=IFCRELDEFINESBYPROPERTIES('2wv3aKjkH1HXoM4j8EyuHB',#18,$,$,(#772),#775);
#780=IFCRELDEFINESBYPROPERTIES('1MqCL_H5A0AY0orOZsenEk',#18,$,$,(#772),#777);
#781=IFCCARTESIANPOINT((-4.09405917105965,-9.24685010762333,0.));
#782=IFCAXIS2PLACEMENT3D(#781,#9,#7);
#783=IFCLOCALPLACEMENT(#38,#782);
#784=IFCCARTESIANPOINTLIST3D(((0.,1.40474763535583E-16,0.),(5.,1.40474763535586E-16,0.)));
#785=IFCINDEXEDPOLYCURVE(#784,$,.F.);
#786=IFCSHAPEREPRESENTATION(#23,'Axis','Curve3D',(#785));
#805=IFCCARTESIANPOINTLIST2D(((5.,0.1),(-1.62430069394759E-16,0.1),(1.62430069394759E-16,-0.1),(5.,-0.1),(5.,0.1)));
#806=IFCINDEXEDPOLYCURVE(#805,$,.F.);
#807=IFCARBITRARYCLOSEDPROFILEDEF(.AREA.,$,#806);
#808=IFCAXIS2PLACEMENT3D(#3,$,$);
#809=IFCEXTRUDEDAREASOLID(#807,#808,#9,13.);
#810=IFCSTYLEDITEM(#809,(#605),$);
#811=IFCCOLOURRGBLIST(((0.501960784313725,0.501960784313725,0.501960784313725)));
#812=IFCINDEXEDPOLYGONALFACEWITHVOIDS((1,2,3,4),((5,6,7,8),(9,10,11,12)));
#813=IFCINDEXEDPOLYGONALFACEWITHVOIDS((13,14,15,16,17,18,19,20),((21,22,23,24),(25,26,27,28)));
#814=IFCINDEXEDPOLYGONALFACE((2,1,13,20,19,18));
#815=IFCINDEXEDPOLYGONALFACE((3,2,18,17));
#816=IFCINDEXEDPOLYGONALFACE((1,4,14,13));
#817=IFCINDEXEDPOLYGONALFACE((4,3,17,16,15,14));
#818=IFCINDEXEDPOLYGONALFACE((6,5,21,24));
#819=IFCINDEXEDPOLYGONALFACE((7,6,24,23));
#820=IFCINDEXEDPOLYGONALFACE((8,7,23,22));
#821=IFCINDEXEDPOLYGONALFACE((5,8,22,21));
#822=IFCINDEXEDPOLYGONALFACE((10,9,25,28));
#823=IFCINDEXEDPOLYGONALFACE((11,10,28,27));
#824=IFCINDEXEDPOLYGONALFACE((12,11,27,26));
#825=IFCINDEXEDPOLYGONALFACE((9,12,26,25));
#826=IFCCARTESIANPOINTLIST3D(((0.,-0.0999999999999999,0.),(5.,-0.0999999999999999,0.),(5.,-0.0999999999999999,13.),(0.,-0.0999999999999999,13.),(1.495,-0.0999999999999996,9.8),(1.495,-0.0999999999999996,11.06),(3.505,-0.1,11.06),(3.505,-0.1,9.8),(1.495,-0.0999999999999996,5.4),(1.495,-0.0999999999999996,6.66),(3.505,-0.1,6.66),(3.505,-0.1,5.4),(1.08286712929839E-15,0.1,0.),(1.08286712929839E-15,0.1,13.),(0.200000000000001,0.0999999999999999,13.),(4.8,0.1,13.),(5.,0.1,13.),(5.,0.1,0.),(4.8,0.1,0.),(0.2,0.0999999999999999,0.),(1.495,0.1,9.8),(3.505,0.0999999999999999,9.8),(3.505,0.0999999999999999,11.06),(1.495,0.1,11.06),(1.495,0.1,5.4),(3.505,0.0999999999999999,5.4),(3.505,0.0999999999999999,6.66),(1.495,0.1,6.66)));
#827=IFCPOLYGONALFACESET(#826,.T.,(#812,#813,#814,#815,#816,#817,#818,#819,#820,#821,#822,#823,#824,#825),$);
#828=IFCINDEXEDCOLOURMAP(#827,1.,#811,(1,1,1,1,1,1,1,1,1,1,1,1,1,1));
#829=IFCSTYLEDITEM(#827,(#605),$);
#830=IFCSHAPEREPRESENTATION(#24,'Body','Tessellation',(#827));
#831=IFCPRODUCTDEFINITIONSHAPE($,$,(#786,#830));
#832=IFCWALL('2q2CBrfQTCKPY0zxCdZwYz',#18,'Basic Wall:Standard 20.0:482242',$,'Basic Wall:Standard 20.0',#783,#831,'482242',.NOTDEFINED.);
#833=IFCPROPERTYSET('2Sdzc97I5wHYRnjXx9VlbI',#18,'Pset_EnvironmentalImpactIndicators',$,(#631));
#834=IFCPROPERTYSINGLEVALUE('Reference',$,IFCLABEL('Standard 20.0'),$);
#835=IFCPROPERTYSET('3TT3F0wEn0j1m7FFeaVHn3',#18,'Pset_ReinforcementBarPitchOfWall',$,(#834));
#836=IFCPROPERTYSET('28R0$lXVqlhkzcVlkmZAmt',#18,'Pset_WallCommon',$,(#631,#635,#636,#637));
#837=IFCRELDEFINESBYPROPERTIES('141fM2gcC54dl6cZ4BEsKf',#18,$,$,(#832),#833);
#838=IFCRELDEFINESBYPROPERTIES('3cg9k0eA2twwGw85O$r3G3',#18,$,$,(#832),#835);
#839=IFCRELDEFINESBYPROPERTIES('14TcYfxD4ep9FYe70BMEYN',#18,$,$,(#832),#836);
#840=IFCCARTESIANPOINT((-4.19405917105964,-4.34685010762333,0.));
#841=IFCAXIS2PLACEMENT3D(#840,#9,#6);
#842=IFCLOCALPLACEMENT(#38,#841);
#843=IFCCARTESIANPOINTLIST3D(((-4.39106117183374E-17,0.,0.),(14.8,0.,0.)));
#844=IFCINDEXEDPOLYCURVE(#843,$,.F.);
#845=IFCSHAPEREPRESENTATION(#23,'Axis','Curve3D',(#844));
#862=IFCCARTESIANPOINTLIST2D(((14.8,0.0999999999999999),(2.16573425859679E-16,0.1),(-2.16573425859679E-16,-0.1),(14.8,-0.1),(14.8,0.0999999999999999)));
#863=IFCINDEXEDPOLYCURVE(#862,$,.F.);
#864=IFCARBITRARYCLOSEDPROFILEDEF(.AREA.,$,#863);
#865=IFCAXIS2PLACEMENT3D(#3,$,$);
#866=IFCEXTRUDEDAREASOLID(#864,#865,#9,13.);
#867=IFCSTYLEDITEM(#866,(#605),$);
#868=IFCCOLOURRGBLIST(((0.501960784313725,0.501960784313725,0.501960784313725)));
#869=IFCINDEXEDPOLYGONALFACEWITHVOIDS((1,2,3,4,5,6,7,8),((9,10,11,12),(13,14,15,16),(17,18,19,20),(21,22,23,24),(25,26,27,28)));
#870=IFCINDEXEDPOLYGONALFACEWITHVOIDS((29,30,31,32,33,34,35,36),((37,38,39,40),(41,42,43,44),(45,46,47,48),(49,50,51,52),(53,54,55,56)));
#871=IFCINDEXEDPOLYGONALFACE((2,29,36,3));
#872=IFCINDEXEDPOLYGONALFACE((2,1,30,29));
#873=IFCINDEXEDPOLYGONALFACE((8,7,32,31));
#874=IFCINDEXEDPOLYGONALFACE((1,8,31,30));
#875=IFCINDEXEDPOLYGONALFACE((10,9,38,37));
#876=IFCINDEXEDPOLYGONALFACE((11,10,37,40));
#877=IFCINDEXEDPOLYGONALFACE((12,11,40,39));
#878=IFCINDEXEDPOLYGONALFACE((9,12,39,38));
#879=IFCINDEXEDPOLYGONALFACE((14,13,42,41));
#880=IFCINDEXEDPOLYGONALFACE((15,14,41,44));
#881=IFCINDEXEDPOLYGONALFACE((16,15,44,43));
#882=IFCINDEXEDPOLYGONALFACE((13,16,43,42));
#883=IFCINDEXEDPOLYGONALFACE((18,17,46,45));
#884=IFCINDEXEDPOLYGONALFACE((19,18,45,48));
#885=IFCINDEXEDPOLYGONALFACE((20,19,48,47));
#886=IFCINDEXEDPOLYGONALFACE((17,20,47,46));
#887=IFCINDEXEDPOLYGONALFACE((22,21,50,49));
#888=IFCINDEXEDPOLYGONALFACE((23,22,49,52));
#889=IFCINDEXEDPOLYGONALFACE((24,23,52,51));
#890=IFCINDEXEDPOLYGONALFACE((21,24,51,50));
#891=IFCINDEXEDPOLYGONALFACE((35,4,3,36));
#892=IFCINDEXEDPOLYGONALFACE((4,35,34,5));
#893=IFCINDEXEDPOLYGONALFACE((5,34,33,6));
#894=IFCINDEXEDPOLYGONALFACE((26,25,53,56));
#895=IFCINDEXEDPOLYGONALFACE((27,26,56,55));
#896=IFCINDEXEDPOLYGONALFACE((28,27,55,54));
#897=IFCINDEXEDPOLYGONALFACE((25,28,54,53));
#898=IFCINDEXEDPOLYGONALFACE((32,7,6,33));
#899=IFCCARTESIANPOINTLIST3D(((8.22383091720376E-16,-0.1,13.),(1.36381665636957E-15,-0.1,0.),(10.715,-0.1,0.),(10.715,-0.1,2.35999999999998),(12.6,-0.1,2.35999999999998),(12.6,-0.1,0.),(14.8,-0.0999999999999995,0.),(14.8,-0.0999999999999995,13.),(10.49,-0.1,5.4),(10.49,-0.1,6.66),(12.5,-0.1,6.66),(12.5,-0.1,5.4),(5.28000000000002,-0.1,5.4),(5.28000000000002,-0.1,6.66),(7.29000000000002,-0.1,6.66),(7.29000000000002,-0.1,5.4),(5.40000000000001,-0.0999999999999995,9.8),(5.40000000000001,-0.0999999999999995,11.06),(7.41,-0.100000000000001,11.06),(7.41,-0.100000000000001,9.8),(10.59,-0.1,9.8),(10.59,-0.1,11.06),(12.6,-0.1,11.06),(12.6,-0.1,9.8),(1.00000000000001,-0.1,5.4),(1.00000000000001,-0.1,6.66),(3.01,-0.1,6.66),(3.01,-0.1,5.4),(1.7266281414134E-16,0.1,0.),(7.14096378790537E-16,0.1,13.),(14.8,0.0999999999999995,13.),(14.8,0.0999999999999995,0.),(12.6,0.1,0.),(12.6,0.1,2.35999999999998),(10.715,0.1,2.35999999999998),(10.715,0.1,0.),(10.49,0.1,6.66),(10.49,0.1,5.4),(12.5,0.1,5.4),(12.5,0.1,6.66),(5.28000000000002,0.1,6.66),(5.28000000000002,0.1,5.4),(7.29000000000002,0.1,5.4),(7.29000000000002,0.1,6.66),(5.40000000000001,0.0999999999999995,11.06),(5.40000000000001,0.0999999999999995,9.8),(7.41,0.100000000000001,9.8),(7.41,0.100000000000001,11.06),(10.59,0.1,11.06),(10.59,0.1,9.8),(12.6,0.1,9.8),(12.6,0.1,11.06),(1.00000000000001,0.1,5.4),(3.01000000000001,0.1,5.4),(3.01000000000001,0.1,6.66),(1.00000000000001,0.1,6.66)));
#900=IFCPOLYGONALFACESET(#899,.T.,(#869,#870,#871,#872,#873,#874,#875,#876,#877,#878,#879,#880,#881,#882,#883,#884,#885,#886,#887,#888,#889,#890,#891,#892,#893,#894,#895,#896,#897,#898),$);
#901=IFCINDEXEDCOLOURMAP(#900,1.,#868,(1,1,1,1,1,1,1,1,1,1,1,1,1,1,1,1,1,1,1,1,1,1,1,1,1,1,1,1,1,1));
#902=IFCSTYLEDITEM(#900,(#605),$);
#903=IFCSHAPEREPRESENTATION(#24,'Body','Tessellation',(#900));
#904=IFCPRODUCTDEFINITIONSHAPE($,$,(#845,#903));
#905=IFCWALL('2q2CBrfQTCKPY0zxCdZwyU',#18,'Basic Wall:Standard 20.0:482401',$,'Basic Wall:Standard 20.0',#842,#904,'482401',.NOTDEFINED.);
#906=IFCPROPERTYSET('22udBubl9y4lCAbMqGcTtp',#18,'Pset_EnvironmentalImpactIndicators',$,(#631));
#907=IFCPROPERTYSINGLEVALUE('Reference',$,IFCLABEL('Standard 20.0'),$);
#908=IFCPROPERTYSET('105ne_0xt0lBouBu54us0$',#18,'Pset_ReinforcementBarPitchOfWall',$,(#907));
#909=IFCPROPERTYSET('1zJoKyNpI729qOQNRRyTQH',#18,'Pset_WallCommon',$,(#631,#635,#636,#637));
#910=IFCRELDEFINESBYPROPERTIES('01SStEZKTKw6EcLNvAUa_w',#18,$,$,(#905),#906);
#911=IFCRELDEFINESBYPROPERTIES('2iDDQX1LECfLilCZ4D1I10',#18,$,$,(#905),#908);
#912=IFCRELDEFINESBYPROPERTIES('3ZnAA1ps5RKahjQ69RG9oV',#18,$,$,(#905),#909);
#913=IFCCARTESIANPOINT((-19.0940591710596,-4.84685010762328,0.));
#914=IFCAXIS2PLACEMENT3D(#913,#9,#7);
#915=IFCLOCALPLACEMENT(#38,#914);
#916=IFCCARTESIANPOINTLIST3D(((0.,5.42488486788034E-16,0.),(29.8,-3.05943490806582E-16,0.)));
#917=IFCINDEXEDPOLYCURVE(#916,$,.F.);
#918=IFCSHAPEREPRESENTATION(#23,'Axis','Curve3D',(#917));
#935=IFCCARTESIANPOINTLIST2D(((29.8,0.0999999999999981),(-3.34907359576819E-17,0.0999999999999989),(3.34907359576819E-17,-0.0999999999999989),(29.8,-0.0999999999999998),(29.8,0.0999999999999981)));
#936=IFCINDEXEDPOLYCURVE(#935,$,.F.);
#937=IFCARBITRARYCLOSEDPROFILEDEF(.AREA.,$,#936);
#938=IFCAXIS2PLACEMENT3D(#3,$,$);
#939=IFCEXTRUDEDAREASOLID(#937,#938,#9,8.8);
#940=IFCSTYLEDITEM(#939,(#605),$);
#941=IFCCOLOURRGBLIST(((0.501960784313725,0.501960784313725,0.501960784313725)));
#942=IFCINDEXEDPOLYGONALFACEWITHVOIDS((1,2,3,4,5,6,7,8,9,10,11,12,13,14,15,16,17),((18,19,20,21),(22,23,24,25),(26,27,28,29),(30,31,32,33),(34,35,36,37),(38,39,40,41)));
#943=IFCINDEXEDPOLYGONALFACEWITHVOIDS((42,43,44,45,46,47,48,49,50,51,52,53,54),((55,56,57,58),(59,60,61,62),(63,64,65,66),(67,68,69,70),(71,72,73,74),(75,76,77,78)));
#944=IFCINDEXEDPOLYGONALFACE((2,42,54,5,4,3));
#945=IFCINDEXEDPOLYGONALFACE((2,1,79,43,42));
#946=IFCINDEXEDPOLYGONALFACE((15,14,46,45,80,81));
#947=IFCINDEXEDPOLYGONALFACE((17,16,82,83));
#948=IFCINDEXEDPOLYGONALFACE((45,44,83,80));
#949=IFCINDEXEDPOLYGONALFACE((80,83,82,81));
#950=IFCINDEXEDPOLYGONALFACE((1,17,83,79));
#951=IFCINDEXEDPOLYGONALFACE((44,43,79,83));
#952=IFCINDEXEDPOLYGONALFACE((16,15,81,82));
#953=IFCINDEXEDPOLYGONALFACE((19,18,56,55));
#954=IFCINDEXEDPOLYGONALFACE((20,19,55,58));
#955=IFCINDEXEDPOLYGONALFACE((21,20,58,57));
#956=IFCINDEXEDPOLYGONALFACE((18,21,57,56));
#957=IFCINDEXEDPOLYGONALFACE((49,10,9,50));
#958=IFCINDEXEDPOLYGONALFACE((10,49,48,11));
#959=IFCINDEXEDPOLYGONALFACE((11,48,47,12));
#960=IFCINDEXEDPOLYGONALFACE((53,6,5,54));
#961=IFCINDEXEDPOLYGONALFACE((6,53,52,7));
#962=IFCINDEXEDPOLYGONALFACE((7,52,51,8));
#963=IFCINDEXEDPOLYGONALFACE((23,22,59,62));
#964=IFCINDEXEDPOLYGONALFACE((24,23,62,61));
#965=IFCINDEXEDPOLYGONALFACE((25,24,61,60));
#966=IFCINDEXEDPOLYGONALFACE((22,25,60,59));
#967=IFCINDEXEDPOLYGONALFACE((27,26,63,66));
#968=IFCINDEXEDPOLYGONALFACE((28,27,66,65));
#969=IFCINDEXEDPOLYGONALFACE((29,28,65,64));
#970=IFCINDEXEDPOLYGONALFACE((26,29,64,63));
#971=IFCINDEXEDPOLYGONALFACE((31,30,67,70));
#972=IFCINDEXEDPOLYGONALFACE((32,31,70,69));
#973=IFCINDEXEDPOLYGONALFACE((33,32,69,68));
#974=IFCINDEXEDPOLYGONALFACE((30,33,68,67));
#975=IFCINDEXEDPOLYGONALFACE((35,34,71,74));
#976=IFCINDEXEDPOLYGONALFACE((36,35,74,73));
#977=IFCINDEXEDPOLYGONALFACE((37,36,73,72));
#978=IFCINDEXEDPOLYGONALFACE((34,37,72,71));
#979=IFCINDEXEDPOLYGONALFACE((39,38,75,78));
#980=IFCINDEXEDPOLYGONALFACE((40,39,78,77));
#981=IFCINDEXEDPOLYGONALFACE((41,40,77,76));
#982=IFCINDEXEDPOLYGONALFACE((38,41,76,75));
#983=IFCINDEXEDPOLYGONALFACE((50,9,8,51));
#984=IFCINDEXEDPOLYGONALFACE((46,14,13,12,47));
#985=IFCCARTESIANPOINTLIST3D(((0.,-0.100000000000001,8.8),(0.,-0.100000000000001,0.),(0.400000000000001,-0.1,0.),(0.600000000000001,-0.1,0.),(11.91,-0.100000000000001,0.),(11.91,-0.100000000000001,2.35999999999998),(13.795,-0.1,2.35999999999998),(13.795,-0.1,0.),(17.2625,-0.100000000000001,0.),(17.2625,-0.100000000000001,2.35999999999998),(19.1475,-0.100000000000001,2.35999999999998),(19.1475,-0.100000000000001,0.),(29.6,-0.0999999999999993,0.),(29.8,-0.0999999999999992,0.),(29.8,-0.0999999999999992,8.6),(29.6,-0.0999999999999993,8.6),(29.6,-0.0999999999999993,8.8),(22.29,-0.0999999999999996,1.),(22.29,-0.0999999999999996,2.26),(24.3,-0.100000000000001,2.26),(24.3,-0.100000000000001,1.),(22.2475,-0.0999999999999996,5.4),(22.2475,-0.0999999999999996,6.66),(24.2575,-0.100000000000001,6.66),(24.2575,-0.100000000000001,5.4),(26.39,-0.1,5.4),(26.39,-0.1,6.66),(28.4,-0.0999999999999997,6.66),(28.4,-0.0999999999999997,5.4),(6.9,-0.100000000000003,5.4),(6.9,-0.100000000000003,6.66),(8.90999999999999,-0.100000000000002,6.66),(8.90999999999999,-0.100000000000002,5.4),(1.6,-0.1,5.4),(1.6,-0.1,6.66),(3.60999999999999,-0.0999999999999993,6.66),(3.60999999999999,-0.0999999999999993,5.4),(7.19999999999999,-0.100000000000002,1.),(7.19999999999999,-0.100000000000002,2.26),(9.20999999999999,-0.100000000000002,2.26),(9.20999999999999,-0.100000000000002,1.),(0.,0.0999999999999995,0.),(0.,0.0999999999999995,8.8),(29.6,0.100000000000001,8.8),(29.8,0.100000000000001,8.8),(29.8,0.100000000000001,0.),(19.1475,0.0999999999999994,0.),(19.1475,0.0999999999999994,2.35999999999998),(17.2625,0.0999999999999988,2.35999999999998),(17.2625,0.0999999999999988,0.),(13.795,0.100000000000002,0.),(13.795,0.100000000000002,2.35999999999998),(11.91,0.100000000000001,2.35999999999998),(11.91,0.100000000000001,0.),(22.29,0.1,2.26),(22.29,0.1,1.),(24.3,0.0999999999999989,1.),(24.3,0.0999999999999989,2.26),(22.2475,0.1,5.4),(24.2575,0.0999999999999989,5.4),(24.2575,0.0999999999999989,6.66),(22.2475,0.1,6.66),(26.39,0.0999999999999996,5.4),(28.4,0.1,5.4),(28.4,0.1,6.66),(26.39,0.0999999999999996,6.66),(6.9,0.0999999999999996,5.4),(8.90999999999999,0.1,5.4),(8.90999999999999,0.1,6.66),(6.9,0.0999999999999996,6.66),(1.6,0.1,5.4),(3.60999999999999,0.100000000000001,5.4),(3.60999999999999,0.100000000000001,6.66),(1.6,0.1,6.66),(7.19999999999999,0.0999999999999997,1.),(9.20999999999999,0.1,1.),(9.20999999999999,0.1,2.26),(7.19999999999999,0.0999999999999997,2.26),(0.,0.0499999999999935,8.8),(29.8,0.0500000000000035,8.8),(29.8,0.0500000000000035,8.6),(29.6,0.0500000000000034,8.6),(29.6,0.0500000000000013,8.8)));
#986=IFCPOLYGONALFACESET(#985,.T.,(#942,#943,#944,#945,#946,#947,#948,#949,#950,#951,#952,#953,#954,#955,#956,#957,#958,#959,#960,#961,#962,#963,#964,#965,#966,#967,#968,#969,#970,#971,#972,#973,#974,#975,#976,#977,#978,#979,#980,#981,#982,#983,#984),$);
#987=IFCINDEXEDCOLOURMAP(#986,1.,#941,(1,1,1,1,1,1,1,1,1,1,1,1,1,1,1,1,1,1,1,1,1,1,1,1,1,1,1,1,1,1,1,1,1,1,1,1,1,1,1,1,1,1,1));
#988=IFCSTYLEDITEM(#986,(#605),$);
#989=IFCSHAPEREPRESENTATION(#24,'Body','Tessellation',(#986));
#990=IFCPRODUCTDEFINITIONSHAPE($,$,(#918,#989));
#991=IFCWALL('2q2CBrfQTCKPY0zxCdZwvd',#18,'Basic Wall:Standard 20.0:482584',$,'Basic Wall:Standard 20.0',#915,#990,'482584',.NOTDEFINED.);
#992=IFCPROPERTYSET('2T$kZi$Jd2PSbIFDjHF3F8',#18,'Pset_EnvironmentalImpactIndicators',$,(#631));
#993=IFCPROPERTYSINGLEVALUE('Reference',$,IFCLABEL('Standard 20.0'),$);
#994=IFCPROPERTYSET('0lUtt8h7cQ1z8zDVUOK_xe',#18,'Pset_ReinforcementBarPitchOfWall',$,(#993));
#995=IFCPROPERTYSET('2wwFhXU1_RIlYB54ggJVTR',#18,'Pset_WallCommon',$,(#631,#635,#636,#637));
#996=IFCRELDEFINESBYPROPERTIES('0$DRpF3_0nxkvjUDuBirHZ',#18,$,$,(#991),#992);
#997=IFCRELDEFINESBYPROPERTIES('0c6Bh2Jmpqh$NQH6euyBCc',#18,$,$,(#991),#994);
#998=IFCRELDEFINESBYPROPERTIES('1XUcgc$eNNDb5Qt5dlSvO1',#18,$,$,(#991),#995);
#999=IFCCARTESIANPOINT((-19.0940591710596,-9.14685010762328,0.));
#1000=IFCAXIS2PLACEMENT3D(#999,$,$);
#1001=IFCLOCALPLACEMENT(#38,#1000);
#1002=IFCCARTESIANPOINTLIST3D(((-6.05809665860838E-16,0.,0.),(14.9,0.,0.)));
#1003=IFCINDEXEDPOLYCURVE(#1002,$,.F.);
#1004=IFCSHAPEREPRESENTATION(#23,'Axis','Curve3D',(#1003));
#1005=IFCCOLOURRGBLIST(((0.501960784313725,0.501960784313725,0.501960784313725)));
#1006=IFCINDEXEDPOLYGONALFACEWITHVOIDS((1,2,3,4,5,6,7,8),((9,10,11,12),(13,14,15,16),(17,18,19,20),(21,22,23,24),(25,26,27,28),(29,30,31,32)));
#1007=IFCINDEXEDPOLYGONALFACEWITHVOIDS((33,34,35,36,37,38,39,40),((41,42,43,44),(45,46,47,48),(49,50,51,52),(53,54,55,56),(57,58,59,60),(61,62,63,64)));
#1008=IFCINDEXEDPOLYGONALFACE((2,1,65,66,33,40));
#1009=IFCINDEXEDPOLYGONALFACE((3,2,40,39));
#1010=IFCINDEXEDPOLYGONALFACE((6,5,37,36,67,68));
#1011=IFCINDEXEDPOLYGONALFACE((37,5,4,38));
#1012=IFCINDEXEDPOLYGONALFACE((4,3,39,38));
#1013=IFCINDEXEDPOLYGONALFACE((1,8,69,70,34,33,66,65));
#1014=IFCINDEXEDPOLYGONALFACE((7,71,72,35,34,70,69,8));
#1015=IFCINDEXEDPOLYGONALFACE((7,6,68,67,36,35,72,71));
#1016=IFCINDEXEDPOLYGONALFACE((10,9,41,44));
#1017=IFCINDEXEDPOLYGONALFACE((11,10,44,43));
#1018=IFCINDEXEDPOLYGONALFACE((12,11,43,42));
#1019=IFCINDEXEDPOLYGONALFACE((9,12,42,41));
#1020=IFCINDEXEDPOLYGONALFACE((14,13,45,48));
#1021=IFCINDEXEDPOLYGONALFACE((15,14,48,47));
#1022=IFCINDEXEDPOLYGONALFACE((16,15,47,46));
#1023=IFCINDEXEDPOLYGONALFACE((13,16,46,45));
#1024=IFCINDEXEDPOLYGONALFACE((18,17,49,52));
#1025=IFCINDEXEDPOLYGONALFACE((19,18,52,51));
#1026=IFCINDEXEDPOLYGONALFACE((20,19,51,50));
#1027=IFCINDEXEDPOLYGONALFACE((17,20,50,49));
#1028=IFCINDEXEDPOLYGONALFACE((22,21,53,56));
#1029=IFCINDEXEDPOLYGONALFACE((23,22,56,55));
#1030=IFCINDEXEDPOLYGONALFACE((24,23,55,54));
#1031=IFCINDEXEDPOLYGONALFACE((21,24,54,53));
#1032=IFCINDEXEDPOLYGONALFACE((26,25,57,60));
#1033=IFCINDEXEDPOLYGONALFACE((27,26,60,59));
#1034=IFCINDEXEDPOLYGONALFACE((28,27,59,58));
#1035=IFCINDEXEDPOLYGONALFACE((25,28,58,57));
#1036=IFCINDEXEDPOLYGONALFACE((30,29,61,64));
#1037=IFCINDEXEDPOLYGONALFACE((31,30,64,63));
#1038=IFCINDEXEDPOLYGONALFACE((32,31,63,62));
#1039=IFCINDEXEDPOLYGONALFACE((29,32,62,61));
#1040=IFCCARTESIANPOINTLIST3D(((0.0574999999999991,-0.100000000000001,0.),(14.9,-0.0999999999999996,0.),(14.9,-0.0999999999999837,13.),(0.0999999999999959,-0.100000000000001,13.),(0.0999999999999959,-0.100000000000001,13.2),(1.61762066287967E-15,-0.100000000000001,13.2),(1.61762066287967E-15,-0.100000000000001,8.8),(0.0574999999999991,-0.100000000000001,8.8),(2.65750000000001,-0.0999999999999996,1.),(2.65750000000001,-0.0999999999999996,2.26),(4.6675,-0.100000000000001,2.26),(4.6675,-0.100000000000001,1.),(7.56750000000001,-0.100000000000001,1.),(7.56750000000001,-0.100000000000001,2.26),(9.5775,-0.0999999999999996,2.26),(9.5775,-0.0999999999999996,1.),(2.35750000000001,-0.100000000000001,5.4),(2.35750000000001,-0.100000000000001,6.66),(4.3675,-0.100000000000001,6.66),(4.3675,-0.100000000000001,5.4),(7.76750000000001,-0.100000000000001,5.4),(7.76750000000001,-0.100000000000001,6.66),(9.7775,-0.0999999999999996,6.66),(9.7775,-0.0999999999999996,5.4),(2.35750000000001,-0.100000000000001,9.8),(2.35750000000001,-0.100000000000001,11.06),(4.3675,-0.100000000000001,11.06),(4.3675,-0.100000000000001,9.8),(7.76750000000001,-0.100000000000001,9.8),(7.76750000000001,-0.100000000000001,11.06),(9.7775,-0.0999999999999996,11.06),(9.7775,-0.0999999999999996,9.8),(0.0574999999999984,0.0999999999999979,0.),(0.0574999999999984,0.0999999999999979,8.8),(9.67900385300638E-16,0.0999999999999979,8.8),(9.67900385300638E-16,0.0999999999999979,13.2),(0.0999999999999953,0.0999999999999979,13.2),(0.0999999999999953,0.0999999999999979,13.),(14.9,0.100000000000001,13.),(14.9,0.0999999999999979,0.),(2.65750000000001,0.0999999999999979,1.),(4.6675,0.0999999999999996,1.),(4.6675,0.0999999999999996,2.26),(2.65750000000001,0.0999999999999979,2.26),(7.56750000000001,0.0999999999999996,1.),(9.5775,0.100000000000001,1.),(9.5775,0.100000000000001,2.26),(7.56750000000001,0.0999999999999996,2.26),(2.35750000000001,0.0999999999999996,5.4),(4.3675,0.0999999999999996,5.4),(4.3675,0.0999999999999996,6.66),(2.35750000000001,0.0999999999999996,6.66),(7.7675,0.0999999999999996,5.4),(9.7775,0.0999999999999996,5.4),(9.7775,0.0999999999999996,6.66),(7.7675,0.0999999999999996,6.66),(2.35750000000001,0.0999999999999996,9.8),(4.3675,0.0999999999999996,9.8),(4.3675,0.0999999999999996,11.06),(2.35750000000001,0.0999999999999996,11.06),(7.7675,0.0999999999999996,9.8),(9.7775,0.0999999999999996,9.8),(9.7775,0.0999999999999996,11.06),(7.7675,0.0999999999999996,11.06),(0.057499999999999,-0.0754070785648011,0.),(0.0574999999999986,0.0395929214351991,0.),(-2.38857477423556E-15,0.0395929214351991,13.2),(-2.01498561462762E-15,-0.0754070785648011,13.2),(0.057499999999999,-0.0754070785648011,8.8),(0.0574999999999986,0.0395929214351991,8.8),(-2.01498561462762E-15,-0.0754070785648011,8.8),(-2.38857477423556E-15,0.0395929214351991,8.8)));
#1041=IFCPOLYGONALFACESET(#1040,.T.,(#1006,#1007,#1008,#1009,#1010,#1011,#1012,#1013,#1014,#1015,#1016,#1017,#1018,#1019,#1020,#1021,#1022,#1023,#1024,#1025,#1026,#1027,#1028,#1029,#1030,#1031,#1032,#1033,#1034,#1035,#1036,#1037,#1038,#1039),$);
#1042=IFCINDEXEDCOLOURMAP(#1041,1.,#1005,(1,1,1,1,1,1,1,1,1,1,1,1,1,1,1,1,1,1,1,1,1,1,1,1,1,1,1,1,1,1,1,1,1,1));
#1043=IFCSTYLEDITEM(#1041,(#605),$);
#1044=IFCSHAPEREPRESENTATION(#24,'Body','Tessellation',(#1041));
#1045=IFCPRODUCTDEFINITIONSHAPE($,$,(#1004,#1044));
#1046=IFCWALL('2q2CBrfQTCKPY0zxCdZv9b',#18,'Basic Wall:Standard 20.0:483610',$,'Basic Wall:Standard 20.0',#1001,#1045,'483610',.NOTDEFINED.);
#1047=IFCPROPERTYSET('1XUNw7em377kbMuNyikxkv',#18,'Pset_EnvironmentalImpactIndicators',$,(#631));
#1048=IFCPROPERTYSINGLEVALUE('Reference',$,IFCLABEL('Standard 20.0'),$);
#1049=IFCPROPERTYSET('1XS9kUmPnVqEnuZmSBwzHP',#18,'Pset_ReinforcementBarPitchOfWall',$,(#1048));
#1050=IFCPROPERTYSET('1rBhd5Q6B76d1mBJrsbeRO',#18,'Pset_WallCommon',$,(#631,#635,#636,#637));
#1051=IFCRELDEFINESBYPROPERTIES('1JW$2ze3tFBmDbY8gTcNf_',#18,$,$,(#1046),#1047);
#1052=IFCRELDEFINESBYPROPERTIES('3Jzkp8HuGZldDqN2_Tav0z',#18,$,$,(#1046),#1049);
#1053=IFCRELDEFINESBYPROPERTIES('0vZZF5jhnk6QPDQJnZLqi5',#18,$,$,(#1046),#1050);
#1054=IFCCARTESIANPOINT((-19.0940591710596,29.6531498923767,0.));
#1055=IFCAXIS2PLACEMENT3D(#1054,$,$);
#1056=IFCLOCALPLACEMENT(#38,#1055);
#1057=IFCCARTESIANPOINTLIST3D(((-1.06399602293617E-15,0.,0.),(14.9,0.,0.)));
#1058=IFCINDEXEDPOLYCURVE(#1057,$,.F.);
#1059=IFCSHAPEREPRESENTATION(#23,'Axis','Curve3D',(#1058));
#1076=IFCCARTESIANPOINTLIST2D(((14.9,-0.0999999999999992),(14.9,0.0999999999999986),(-3.17641024594192E-16,0.0999999999999989),(-1.82643589141662E-16,0.0574999999999999),(1.82643589141662E-16,-0.0574999999999999),(3.17641024594192E-16,-0.0999999999999989),(14.9,-0.0999999999999992)));
#1077=IFCINDEXEDPOLYCURVE(#1076,$,.F.);
#1078=IFCARBITRARYCLOSEDPROFILEDEF(.AREA.,$,#1077);
#1079=IFCAXIS2PLACEMENT3D(#3,$,$);
#1080=IFCEXTRUDEDAREASOLID(#1078,#1079,#9,13.2);
#1081=IFCSTYLEDITEM(#1080,(#605),$);
#1082=IFCCOLOURRGBLIST(((0.501960784313725,0.501960784313725,0.501960784313725)));
#1083=IFCINDEXEDPOLYGONALFACEWITHVOIDS((1,2,3,4,5,6),((7,8,9,10),(11,12,13,14),(15,16,17,18),(19,20,21,22),(23,24,25,26),(27,28,29,30)));
#1084=IFCINDEXEDPOLYGONALFACEWITHVOIDS((31,32,33,34,35,36),((37,38,39,40),(41,42,43,44),(45,46,47,48),(49,50,51,52),(53,54,55,56),(57,58,59,60)));
#1085=IFCINDEXEDPOLYGONALFACE((2,1,61,62,31,36));
#1086=IFCINDEXEDPOLYGONALFACE((1,6,63,64,32,31,62,61));
#1087=IFCINDEXEDPOLYGONALFACE((3,2,36,35));
#1088=IFCINDEXEDPOLYGONALFACE((6,5,33,32,64,63));
#1089=IFCINDEXEDPOLYGONALFACE((33,5,4,34));
#1090=IFCINDEXEDPOLYGONALFACE((4,3,35,34));
#1091=IFCINDEXEDPOLYGONALFACE((38,37,7,10));
#1092=IFCINDEXEDPOLYGONALFACE((39,38,10,9));
#1093=IFCINDEXEDPOLYGONALFACE((40,39,9,8));
#1094=IFCINDEXEDPOLYGONALFACE((37,40,8,7));
#1095=IFCINDEXEDPOLYGONALFACE((42,41,11,14));
#1096=IFCINDEXEDPOLYGONALFACE((43,42,14,13));
#1097=IFCINDEXEDPOLYGONALFACE((44,43,13,12));
#1098=IFCINDEXEDPOLYGONALFACE((41,44,12,11));
#1099=IFCINDEXEDPOLYGONALFACE((46,45,15,18));
#1100=IFCINDEXEDPOLYGONALFACE((47,46,18,17));
#1101=IFCINDEXEDPOLYGONALFACE((48,47,17,16));
#1102=IFCINDEXEDPOLYGONALFACE((45,48,16,15));
#1103=IFCINDEXEDPOLYGONALFACE((50,49,19,22));
#1104=IFCINDEXEDPOLYGONALFACE((51,50,22,21));
#1105=IFCINDEXEDPOLYGONALFACE((52,51,21,20));
#1106=IFCINDEXEDPOLYGONALFACE((49,52,20,19));
#1107=IFCINDEXEDPOLYGONALFACE((54,53,23,26));
#1108=IFCINDEXEDPOLYGONALFACE((55,54,26,25));
#1109=IFCINDEXEDPOLYGONALFACE((56,55,25,24));
#1110=IFCINDEXEDPOLYGONALFACE((53,56,24,23));
#1111=IFCINDEXEDPOLYGONALFACE((58,57,27,30));
#1112=IFCINDEXEDPOLYGONALFACE((59,58,30,29));
#1113=IFCINDEXEDPOLYGONALFACE((60,59,29,28));
#1114=IFCINDEXEDPOLYGONALFACE((57,60,28,27));
#1115=IFCCARTESIANPOINTLIST3D(((-7.46354998341987E-16,-0.0999999999999989,0.),(14.9,-0.0999999999999989,0.),(14.9,-0.0999999999999989,13.),(0.0999999999999982,-0.0999999999999989,13.),(0.0999999999999982,-0.0999999999999989,13.2),(-7.46354998341987E-16,-0.0999999999999989,13.2),(4.30999999999999,-0.0999999999999989,1.),(2.3,-0.0999999999999989,1.),(2.3,-0.0999999999999989,2.26),(4.30999999999999,-0.0999999999999989,2.26),(9.41999999999999,-0.0999999999999989,1.),(7.41,-0.100000000000003,1.),(7.41,-0.100000000000003,2.26),(9.41999999999999,-0.0999999999999989,2.26),(4.10999999999999,-0.0999999999999989,5.4),(2.1,-0.0999999999999903,5.4),(2.1,-0.0999999999999903,6.66),(4.10999999999999,-0.0999999999999989,6.66),(9.72,-0.0999999999999989,5.4),(7.71,-0.0999999999999989,5.4),(7.71,-0.0999999999999989,6.66),(9.72,-0.0999999999999989,6.66),(9.49999999999998,-0.0999999999999989,9.8),(7.48999999999998,-0.100000000000003,9.8),(7.48999999999998,-0.100000000000003,11.06),(9.49999999999998,-0.0999999999999989,11.06),(3.91,-0.0999999999999989,9.8),(1.9,-0.0999999999999946,9.8),(1.9,-0.0999999999999946,11.06),(3.91,-0.0999999999999989,11.06),(-1.38163704753037E-15,0.0999999999999989,0.),(-1.38163704753037E-15,0.0999999999999989,13.2),(0.0999999999999975,0.0999999999999989,13.2),(0.0999999999999975,0.0999999999999989,13.),(14.9,0.100000000000003,13.),(14.9,0.100000000000003,0.),(4.30999999999999,0.100000000000003,1.),(4.30999999999999,0.100000000000003,2.26),(2.3,0.0999999999999989,2.26),(2.3,0.0999999999999989,1.),(9.42,0.0999999999999946,1.),(9.42,0.0999999999999946,2.26),(7.41,0.0999999999999989,2.26),(7.41,0.0999999999999989,1.),(4.10999999999999,0.100000000000003,5.4),(4.10999999999999,0.100000000000003,6.66),(2.1,0.100000000000003,6.66),(2.1,0.100000000000003,5.4),(9.72,0.0999999999999946,5.4),(9.72,0.0999999999999946,6.66),(7.71,0.0999999999999989,6.66),(7.71,0.0999999999999989,5.4),(9.49999999999998,0.0999999999999946,9.8),(9.49999999999998,0.0999999999999946,11.06),(7.48999999999998,0.0999999999999989,11.06),(7.48999999999998,0.0999999999999989,9.8),(3.91,0.100000000000003,9.8),(3.91,0.100000000000003,11.06),(1.9,0.0999999999999989,11.06),(1.9,0.0999999999999989,9.8),(-8.81352433794508E-16,-0.0574999999999999,0.),(-1.24663961207783E-15,0.0574999999999999,0.),(-8.81352433794508E-16,-0.0574999999999999,13.2),(-1.24663961207783E-15,0.0574999999999999,13.2)));
#1116=IFCPOLYGONALFACESET(#1115,.T.,(#1083,#1084,#1085,#1086,#1087,#1088,#1089,#1090,#1091,#1092,#1093,#1094,#1095,#1096,#1097,#1098,#1099,#1100,#1101,#1102,#1103,#1104,#1105,#1106,#1107,#1108,#1109,#1110,#1111,#1112,#1113,#1114),$);
#1117=IFCINDEXEDCOLOURMAP(#1116,1.,#1082,(1,1,1,1,1,1,1,1,1,1,1,1,1,1,1,1,1,1,1,1,1,1,1,1,1,1,1,1,1,1,1,1));
#1118=IFCSTYLEDITEM(#1116,(#605),$);
#1119=IFCSHAPEREPRESENTATION(#24,'Body','Tessellation',(#1116));
#1120=IFCPRODUCTDEFINITIONSHAPE($,$,(#1059,#1119));
#1121=IFCWALL('2q2CBrfQTCKPY0zxCdZv31',#18,'Basic Wall:Standard 20.0:484286',$,'Basic Wall:Standard 20.0',#1056,#1120,'484286',.NOTDEFINED.);
#1122=IFCPROPERTYSET('3s2WRDqwOkxloE_m93fOlD',#18,'Pset_EnvironmentalImpactIndicators',$,(#631));
#1123=IFCPROPERTYSINGLEVALUE('Reference',$,IFCLABEL('Standard 20.0'),$);
#1124=IFCPROPERTYSET('1I1OwvgdZZSLDjNSByIG0L',#18,'Pset_ReinforcementBarPitchOfWall',$,(#1123));
#1125=IFCPROPERTYSET('1XfDCrwZUpyd_5cBd$EtJq',#18,'Pset_WallCommon',$,(#631,#635,#636,#637));
#1126=IFCRELDEFINESBYPROPERTIES('3Q5sK2P6dCYp2YN7oOx_s3',#18,$,$,(#1121),#1122);
#1127=IFCRELDEFINESBYPROPERTIES('1c7MfLmZgHSyDofn0VaPfb',#18,$,$,(#1121),#1124);
#1128=IFCRELDEFINESBYPROPERTIES('2bnvOCHhvr5CaWZfKzVPun',#18,$,$,(#1121),#1125);
#1129=IFCAXIS2PLACEMENT3D(#1131,$,$);
#1130=IFCLOCALPLACEMENT(#38,#1129);
#1131=IFCCARTESIANPOINT((-18.9940591710597,-9.24685010762329,-0.2));
#1132=IFCCARTESIANPOINT((0.,17.));
#1133=IFCAXIS2PLACEMENT2D(#1132,#12);
#1134=IFCRECTANGLEPROFILEDEF(.AREA.,$,#1133,15.,4.99999999999995);
#1135=IFCCARTESIANPOINT((7.50000000000001,19.5,0.2));
#1136=IFCAXIS2PLACEMENT3D(#1135,#10,#6);
#1137=IFCEXTRUDEDAREASOLID(#1134,#1136,#9,0.2);
#1138=IFCCOLOURRGB($,0.968627450980392,0.968627450980392,0.968627450980392);
#1139=IFCSURFACESTYLERENDERING(#1138,0.,$,$,$,$,IFCNORMALISEDRATIOMEASURE(0.00390625),IFCSPECULAREXPONENT(128.),.NOTDEFINED.);
#1140=IFCSURFACESTYLE('StB - Ortbeton',.BOTH.,(#1139));
#1141=IFCSTYLEDITEM(#1137,(#1156),$);
#1142=IFCSHAPEREPRESENTATION(#24,'Body','SweptSolid',(#1137));
#1143=IFCPRODUCTDEFINITIONSHAPE($,$,(#1142,#1159));
#1144=IFCCARTESIANPOINT((0.,-17.));
#1145=IFCAXIS2PLACEMENT2D(#1144,#12);
#1146=IFCRECTANGLEPROFILEDEF(.AREA.,$,#1145,15.,4.99999999999996);
#1147=IFCCARTESIANPOINT((7.50000000000001,19.5,0.2));
#1148=IFCAXIS2PLACEMENT3D(#1147,#10,#6);
#1149=IFCEXTRUDEDAREASOLID(#1146,#1148,#9,0.2);
#1150=IFCSTYLEDITEM(#1149,(#1156),$);
#1151=IFCSHAPEREPRESENTATION(#24,'Body','SweptSolid',(#1149));
#1152=IFCPRODUCTDEFINITIONSHAPE($,$,(#1151,#1162));
#1153=IFCLOCALPLACEMENT(#38,#1129);
#1154=IFCCOLOURRGB($,0.509803921568627,0.517647058823529,0.466666666666667);
#1155=IFCSURFACESTYLERENDERING(#1154,0.,$,$,$,$,IFCNORMALISEDRATIOMEASURE(0.5),IFCSPECULAREXPONENT(128.),.NOTDEFINED.);
#1156=IFCSURFACESTYLE('Beton - C 20/25 (DIN 1045-1)',.BOTH.,(#1155));
#1157=IFCCARTESIANPOINTLIST2D(((1.08286712929839E-14,39.),(15.,39.),(15.,34.),(1.08286712929839E-14,34.),(1.08286712929839E-14,39.)));
#1158=IFCINDEXEDPOLYCURVE(#1157,$,.F.);
#1159=IFCSHAPEREPRESENTATION(#26,'FootPrint','Curve2D',(#1158));
#1160=IFCCARTESIANPOINTLIST2D(((0.,4.99999999999996),(15.,4.99999999999996),(15.,0.),(0.,0.),(0.,4.99999999999996)));
#1161=IFCINDEXEDPOLYCURVE(#1160,$,.F.);
#1162=IFCSHAPEREPRESENTATION(#26,'FootPrint','Curve2D',(#1161));
#1163=IFCSLAB('1soz90sYzCp8a2Do0djRBF',#18,'Floor:STB 20.0:486500',$,'Floor:STB 20.0',#1130,#1143,'486500',.FLOOR.);
#1164=IFCSLAB('0KRl17GSJHmnKkLTFQXJl7',#18,'Floor:STB 20.0:486500:2',$,'Floor:STB 20.0',#1153,#1152,'486500',.FLOOR.);
#1165=IFCSLABTYPE('3bwM3TsFfBrPuWULpeaa9u',#18,'Floor:STB 20.0',$,$,$,$,'3141',$,.FLOOR.);
#1166=IFCMATERIAL('Beton - C 20/25 (DIN 1045-1)',$,'Beton');
#1167=IFCPROPERTYSINGLEVALUE('Reference',$,IFCIDENTIFIER('STB 20.0'),$);
#1168=IFCPROPERTYSET('3cO2lctS1mgY64tqaYQPmV',#18,'Pset_EnvironmentalImpactIndicators',$,(#1167));
#1169=IFCPROPERTYSINGLEVALUE('Reference',$,IFCLABEL('STB 20.0'),$);
#1170=IFCPROPERTYSET('2fSaVFohOKwfaj1eSsGfrA',#18,'Pset_ReinforcementBarPitchOfSlab',$,(#1169));
#1171=IFCPROPERTYSINGLEVALUE('PitchAngle',$,IFCPLANEANGLEMEASURE(0.),$);
#1172=IFCPROPERTYSET('2UKQC$aXuEGtW$Ln6ve4L7',#18,'Pset_SlabCommon',$,(#76,#133,#1167,#1171));
#1173=IFCPROPERTYSET('3dRU6SivAdzAd_CcjtlUD8',#18,'Pset_EnvironmentalImpactIndicators',$,(#1167));
#1174=IFCPROPERTYSINGLEVALUE('Reference',$,IFCLABEL('STB 20.0'),$);
#1175=IFCPROPERTYSET('3pw74mCxXbZo6B8Qw7S$mV',#18,'Pset_ReinforcementBarPitchOfSlab',$,(#1174));
#1176=IFCPROPERTYSET('3O4ujc$duqygb$4mIXkIAQ',#18,'Pset_SlabCommon',$,(#76,#133,#1167,#1171));
#1177=IFCRELDEFINESBYPROPERTIES('0gQ96hHsLMO5yTrR3wubjy',#18,$,$,(#1163),#1168);
#1178=IFCRELDEFINESBYPROPERTIES('1BMixqEqgYw3lnNCTzGJIY',#18,$,$,(#1163),#1170);
#1179=IFCRELDEFINESBYPROPERTIES('3sLrrR5R6Un$kCuzZSulpJ',#18,$,$,(#1163),#1172);
#1180=IFCRELDEFINESBYPROPERTIES('0pRSO2KL1H3hKcSIuga7Ba',#18,$,$,(#1164),#1173);
#1181=IFCRELDEFINESBYPROPERTIES('3M2PJIEm$6QfSR6cf0wL1z',#18,$,$,(#1164),#1175);
#1182=IFCRELDEFINESBYPROPERTIES('0ExMpEZWzG5nBaV8EuipOz',#18,$,$,(#1164),#1176);
#1183=IFCAXIS2PLACEMENT3D(#3,$,$);
#1184=IFCLOCALPLACEMENT(#38,#1183);
#1185=IFCCARTESIANPOINTLIST2D(((-19.5,-2.),(19.5,-2.),(19.5,2.),(-19.5,2.),(-19.5,-2.)));
#1186=IFCINDEXEDPOLYCURVE(#1185,$,.F.);
#1187=IFCARBITRARYCLOSEDPROFILEDEF(.AREA.,$,#1186);
#1188=IFCCARTESIANPOINT((-20.9940591710596,10.2531498923767,0.));
#1189=IFCAXIS2PLACEMENT3D(#1188,#10,#7);
#1190=IFCEXTRUDEDAREASOLID(#1187,#1189,#9,0.2);
#1191=IFCSTYLEDITEM(#1190,(#1156),$);
#1192=IFCSHAPEREPRESENTATION(#24,'Body','SweptSolid',(#1190));
#1193=IFCCARTESIANPOINTLIST2D(((-22.9940591710596,-9.24685010762328),(-22.9940591710596,29.7531498923767),(-18.9940591710597,29.7531498923767),(-18.9940591710597,-9.24685010762328),(-22.9940591710596,-9.24685010762328)));
#1194=IFCINDEXEDPOLYCURVE(#1193,$,.F.);
#1195=IFCSHAPEREPRESENTATION(#26,'FootPrint','Curve2D',(#1194));
#1196=IFCPRODUCTDEFINITIONSHAPE($,$,(#1192,#1195));
#1197=IFCSLAB('1soz90sYzCp8a2Do0djR8J',#18,'Floor:STB 20.0:486584',$,'Floor:STB 20.0',#1184,#1196,'486584',.FLOOR.);
#1198=IFCPROPERTYSET('0nlesME6G4TbUFDEh5aUlk',#18,'Pset_EnvironmentalImpactIndicators',$,(#1167));
#1199=IFCPROPERTYSINGLEVALUE('Reference',$,IFCLABEL('STB 20.0'),$);
#1200=IFCPROPERTYSET('2D0VZyRZ$czdT8VLjPSY1F',#18,'Pset_ReinforcementBarPitchOfSlab',$,(#1199));
#1201=IFCPROPERTYSET('3m6JBy_dDJYQsqcYGpSFWM',#18,'Pset_SlabCommon',$,(#76,#133,#1167,#1171));
#1202=IFCRELDEFINESBYPROPERTIES('1iJjRSXhA9FZkX8x458Sv1',#18,$,$,(#1197),#1198);
#1203=IFCRELDEFINESBYPROPERTIES('0pwrbWW_YaaQepVuKskWqX',#18,$,$,(#1197),#1200);
#1204=IFCRELDEFINESBYPROPERTIES('3GygvSJScDbKByimqt2_fQ',#18,$,$,(#1197),#1201);
#1205=IFCAXIS2PLACEMENT3D(#1207,$,$);
#1206=IFCLOCALPLACEMENT(#50,#1205);
#1207=IFCCARTESIANPOINT((-18.9940591710596,-9.24685010762328,-0.199999999999999));
#1208=IFCCARTESIANPOINT((0.,17.));
#1209=IFCAXIS2PLACEMENT2D(#1208,#12);
#1210=IFCRECTANGLEPROFILEDEF(.AREA.,$,#1209,15.,4.99999999999995);
#1211=IFCCARTESIANPOINT((7.5,19.5,0.2));
#1212=IFCAXIS2PLACEMENT3D(#1211,#10,#6);
#1213=IFCEXTRUDEDAREASOLID(#1210,#1212,#9,0.2);
#1214=IFCSTYLEDITEM(#1213,(#1156),$);
#1215=IFCSHAPEREPRESENTATION(#24,'Body','SweptSolid',(#1213));
#1216=IFCPRODUCTDEFINITIONSHAPE($,$,(#1215,#1229));
#1217=IFCCARTESIANPOINT((0.,-17.));
#1218=IFCAXIS2PLACEMENT2D(#1217,#12);
#1219=IFCRECTANGLEPROFILEDEF(.AREA.,$,#1218,15.,4.99999999999995);
#1220=IFCCARTESIANPOINT((7.5,19.5,0.2));
#1221=IFCAXIS2PLACEMENT3D(#1220,#10,#6);
#1222=IFCEXTRUDEDAREASOLID(#1219,#1221,#9,0.2);
#1223=IFCSTYLEDITEM(#1222,(#1156),$);
#1224=IFCSHAPEREPRESENTATION(#24,'Body','SweptSolid',(#1222));
#1225=IFCPRODUCTDEFINITIONSHAPE($,$,(#1224,#1232));
#1226=IFCLOCALPLACEMENT(#50,#1205);
#1227=IFCCARTESIANPOINTLIST2D(((4.33146851719357E-15,39.),(15.,39.),(15.,34.),(4.33146851719357E-15,34.),(4.33146851719357E-15,39.)));
#1228=IFCINDEXEDPOLYCURVE(#1227,$,.F.);
#1229=IFCSHAPEREPRESENTATION(#26,'FootPrint','Curve2D',(#1228));
#1230=IFCCARTESIANPOINTLIST2D(((-2.16573425859679E-15,4.99999999999995),(15.,4.99999999999995),(15.,0.),(-2.16573425859679E-15,0.),(-2.16573425859679E-15,4.99999999999995)));
#1231=IFCINDEXEDPOLYCURVE(#1230,$,.F.);
#1232=IFCSHAPEREPRESENTATION(#26,'FootPrint','Curve2D',(#1231));
#1233=IFCSLAB('3WTFZLIDfCSgicLndgDMGD',#18,'Floor:STB 20.0:488540',$,'Floor:STB 20.0',#1206,#1216,'488540',.FLOOR.);
#1234=IFCSLAB('3HTqbtkjL0z8u5TicZt0ZR',#18,'Floor:STB 20.0:488540:2',$,'Floor:STB 20.0',#1226,#1225,'488540',.FLOOR.);
#1235=IFCPROPERTYSET('3Pactq1ORd8BOcDR2k_RvT',#18,'Pset_EnvironmentalImpactIndicators',$,(#1167));
#1236=IFCPROPERTYSINGLEVALUE('Reference',$,IFCLABEL('STB 20.0'),$);
#1237=IFCPROPERTYSET('0UwGsw22CwH0AfkZhWdi6x',#18,'Pset_ReinforcementBarPitchOfSlab',$,(#1236));
#1238=IFCPROPERTYSET('30VY_96WtomWI3NpeN1rz3',#18,'Pset_SlabCommon',$,(#76,#133,#1167,#1171));
#1239=IFCPROPERTYSET('3Br8aDFmvRz8OPyV7ni$qf',#18,'Pset_EnvironmentalImpactIndicators',$,(#1167));
#1240=IFCPROPERTYSINGLEVALUE('Reference',$,IFCLABEL('STB 20.0'),$);
#1241=IFCPROPERTYSET('3CmjMRW1yjDavR_a3_Sqht',#18,'Pset_ReinforcementBarPitchOfSlab',$,(#1240));
#1242=IFCPROPERTYSET('0ISagYVm757QygrB82IteJ',#18,'Pset_SlabCommon',$,(#76,#133,#1167,#1171));
#1243=IFCRELDEFINESBYPROPERTIES('3i3IHAJUpUzWKwYMTJ6azi',#18,$,$,(#1233),#1235);
#1244=IFCRELDEFINESBYPROPERTIES('0NwNFftP3_0flyF5obEgPC',#18,$,$,(#1233),#1237);
#1245=IFCRELDEFINESBYPROPERTIES('2IUUlRIqfOE4qPn9Mpl5rT',#18,$,$,(#1233),#1238);
#1246=IFCRELDEFINESBYPROPERTIES('26cP3BY9yGzzCTsQA1GBwq',#18,$,$,(#1234),#1239);
#1247=IFCRELDEFINESBYPROPERTIES('3f$$R4niBGujNb6jpCj6iJ',#18,$,$,(#1234),#1241);
#1248=IFCRELDEFINESBYPROPERTIES('3GA$PwaG07bN6IqgRdsPhJ',#18,$,$,(#1234),#1242);
#1249=IFCAXIS2PLACEMENT3D(#3,$,$);
#1250=IFCLOCALPLACEMENT(#42,#1249);
#1251=IFCSTAIR('3WTFZLIDfCSgicLndgDPRB',#18,'Assembled Stair:Stair:493210',$,'Assembled Stair:Stahl - Stufen Holz',#1250,$,'493210',.NOTDEFINED.);
#1252=IFCSTAIRTYPE('3oXTUzMUj9puqObr4wEooz',#18,'Assembled Stair:Stahl - Stufen Holz',$,$,(#1577,#1580),$,'358763',$,.NOTDEFINED.);
#1253=IFCAXIS2PLACEMENT3D(#3,$,$);
#1254=IFCLOCALPLACEMENT(#1250,#1253);
#1255=IFCCARTESIANPOINTLIST2D(((-0.154537037037037,-0.629774710039488),(0.154537037037037,-0.629774710039488),(0.154537037037037,0.629774710039488),(-0.154537037037037,0.629774710039488),(-0.154537037037037,-0.629774710039488)));
#1256=IFCINDEXEDPOLYCURVE(#1255,$,.F.);
#1257=IFCARBITRARYCLOSEDPROFILEDEF(.AREA.,'Holz Stufen mit 50 mm Auftritt',#1256);
#1258=IFCCARTESIANPOINT((-22.1642844610202,24.1167227054628,0.112962962962963));
#1259=IFCAXIS2PLACEMENT3D(#1258,#9,#8);
#1260=IFCEXTRUDEDAREASOLID(#1257,#1259,#9,0.05);
#1261=IFCCARTESIANPOINTLIST2D(((-0.154537037037037,-0.629774710039488),(0.154537037037037,-0.629774710039488),(0.154537037037037,0.629774710039488),(-0.154537037037037,0.629774710039488),(-0.154537037037037,-0.629774710039488)));
#1262=IFCINDEXEDPOLYCURVE(#1261,$,.F.);
#1263=IFCARBITRARYCLOSEDPROFILEDEF(.AREA.,'Holz Stufen mit 50 mm Auftritt',#1262);
#1264=IFCCARTESIANPOINT((-22.1642844610202,24.4257967795369,0.275925925925926));
#1265=IFCAXIS2PLACEMENT3D(#1264,#9,#8);
#1266=IFCEXTRUDEDAREASOLID(#1263,#1265,#9,0.05);
#1267=IFCCARTESIANPOINTLIST2D(((-0.160790745475113,-0.629774710039488),(0.154537037037037,-0.629774710039488),(0.154537037037037,0.629774710039488),(-0.148283328598961,0.629774710039488),(-0.160790745475113,-0.629774710039488)));
#1268=IFCINDEXEDPOLYCURVE(#1267,$,.F.);
#1269=IFCARBITRARYCLOSEDPROFILEDEF(.AREA.,'Holz Stufen mit 50 mm Auftritt',#1268);
#1270=IFCCARTESIANPOINT((-22.1642844610202,24.7348708536109,0.438888888888889));
#1271=IFCAXIS2PLACEMENT3D(#1270,#9,#8);
#1272=IFCEXTRUDEDAREASOLID(#1269,#1271,#9,0.05);
#1273=IFCCARTESIANPOINTLIST2D(((-0.167992380926127,-0.629774710039488),(0.148283328598961,-0.629774710039488),(0.160790745475113,0.629774710039488),(-0.141081693147947,0.629774710039488),(-0.167992380926127,-0.629774710039488)));
#1274=IFCINDEXEDPOLYCURVE(#1273,$,.F.);
#1275=IFCARBITRARYCLOSEDPROFILEDEF(.AREA.,'Holz Stufen mit 50 mm Auftritt',#1274);
#1276=IFCCARTESIANPOINT((-22.1642844610202,25.043944927685,0.601851851851852));
#1277=IFCAXIS2PLACEMENT3D(#1276,#9,#8);
#1278=IFCEXTRUDEDAREASOLID(#1275,#1277,#9,0.0499999999999995);
#1279=IFCCARTESIANPOINTLIST2D(((-0.176375145451528,-0.629774710039488),(0.141081693147947,-0.629774710039488),(0.167992380926127,0.629774710039488),(-0.132698928622546,0.629774710039488),(-0.176375145451528,-0.629774710039488)));
#1280=IFCINDEXEDPOLYCURVE(#1279,$,.F.);
#1281=IFCARBITRARYCLOSEDPROFILEDEF(.AREA.,'Holz Stufen mit 50 mm Auftritt',#1280);
#1282=IFCCARTESIANPOINT((-22.1642844610202,25.3530190017591,0.764814814814814));
#1283=IFCAXIS2PLACEMENT3D(#1282,#9,#8);
#1284=IFCEXTRUDEDAREASOLID(#1281,#1283,#9,0.0499999999999995);
#1285=IFCCARTESIANPOINTLIST2D(((-0.186255568530872,-0.629774710039488),(0.132698928622546,-0.629774710039488),(0.176375145451528,0.629774710039488),(-0.122818505543202,0.629774710039488),(-0.186255568530872,-0.629774710039488)));
#1286=IFCINDEXEDPOLYCURVE(#1285,$,.F.);
#1287=IFCARBITRARYCLOSEDPROFILEDEF(.AREA.,'Holz Stufen mit 50 mm Auftritt',#1286);
#1288=IFCCARTESIANPOINT((-22.1642844610202,25.6620930758332,0.927777777777778));
#1289=IFCAXIS2PLACEMENT3D(#1288,#9,#8);
#1290=IFCEXTRUDEDAREASOLID(#1287,#1289,#9,0.0499999999999995);
#1291=IFCCARTESIANPOINTLIST2D(((-0.198074375898224,-0.629774710039488),(0.122818505543202,-0.629774710039488),(0.186255568530872,0.629774710039488),(-0.11099969817585,0.629774710039488),(-0.198074375898224,-0.629774710039488)));
#1292=IFCINDEXEDPOLYCURVE(#1291,$,.F.);
#1293=IFCARBITRARYCLOSEDPROFILEDEF(.AREA.,'Holz Stufen mit 50 mm Auftritt',#1292);
#1294=IFCCARTESIANPOINT((-22.1642844610202,25.9711671499072,1.09074074074074));
#1295=IFCAXIS2PLACEMENT3D(#1294,#9,#8);
#1296=IFCEXTRUDEDAREASOLID(#1293,#1295,#9,0.0499999999999995);
#1297=IFCCARTESIANPOINTLIST2D(((-0.212464027930046,-0.629774710039488),(0.11099969817585,-0.629774710039488),(0.198074375898224,0.629774710039488),(-0.0966100461440278,0.629774710039488),(-0.212464027930046,-0.629774710039488)));
#1298=IFCINDEXEDPOLYCURVE(#1297,$,.F.);
#1299=IFCARBITRARYCLOSEDPROFILEDEF(.AREA.,'Holz Stufen mit 50 mm Auftritt',#1298);
#1300=IFCCARTESIANPOINT((-22.1642844610202,26.2802412239813,1.2537037037037));
#1301=IFCAXIS2PLACEMENT3D(#1300,#9,#8);
#1302=IFCEXTRUDEDAREASOLID(#1299,#1301,#9,0.0499999999999995);
#1303=IFCCARTESIANPOINTLIST2D(((-0.230365709573073,-0.629774710039488),(0.0966100461440278,-0.629774710039488),(0.212464027930046,0.629774710039488),(-0.0787083645010014,0.629774710039488),(-0.230365709573073,-0.629774710039488)));
#1304=IFCINDEXEDPOLYCURVE(#1303,$,.F.);
#1305=IFCARBITRARYCLOSEDPROFILEDEF(.AREA.,'Holz Stufen mit 50 mm Auftritt',#1304);
#1306=IFCCARTESIANPOINT((-22.1642844610202,26.5893152980554,1.41666666666667));
#1307=IFCAXIS2PLACEMENT3D(#1306,#9,#8);
#1308=IFCEXTRUDEDAREASOLID(#1305,#1307,#9,0.0499999999999995);
#1309=IFCCARTESIANPOINTLIST2D(((-0.25324388649571,-0.629774710039488),(0.0787083645010057,-0.629774710039488),(0.230365709573077,0.629774710039488),(-0.0558301875783559,0.629774710039488),(-0.25324388649571,-0.629774710039488)));
#1310=IFCINDEXEDPOLYCURVE(#1309,$,.F.);
#1311=IFCARBITRARYCLOSEDPROFILEDEF(.AREA.,'Holz Stufen mit 50 mm Auftritt',#1310);
#1312=IFCCARTESIANPOINT((-22.1642844610202,26.8983893721295,1.57962962962963));
#1313=IFCAXIS2PLACEMENT3D(#1312,#9,#8);
#1314=IFCEXTRUDEDAREASOLID(#1311,#1313,#9,0.0499999999999995);
#1315=IFCCARTESIANPOINTLIST2D(((-0.28350868079629,-0.629774710039488),(0.0558301875783559,-0.629774710039488),(0.25324388649571,0.629774710039488),(-0.0255653932777924,0.629774710039488),(-0.28350868079629,-0.629774710039488)));
#1316=IFCINDEXEDPOLYCURVE(#1315,$,.F.);
#1317=IFCARBITRARYCLOSEDPROFILEDEF(.AREA.,'Holz Stufen mit 50 mm Auftritt',#1316);
#1318=IFCCARTESIANPOINT((-22.1642844610202,27.2074634462035,1.74259259259259));
#1319=IFCAXIS2PLACEMENT3D(#1318,#9,#8);
#1320=IFCEXTRUDEDAREASOLID(#1317,#1319,#9,0.0499999999999995);
#1321=IFCCARTESIANPOINTLIST2D(((-0.325426119920739,-0.629774710039488),(0.0255653932777837,-0.629774710039488),(0.283508680796282,0.629774710039488),(0.0163520458466651,0.629774710039488),(-0.325426119920739,-0.629774710039488)));
#1322=IFCINDEXEDPOLYCURVE(#1321,$,.F.);
#1323=IFCARBITRARYCLOSEDPROFILEDEF(.AREA.,'Holz Stufen mit 50 mm Auftritt',#1322);
#1324=IFCCARTESIANPOINT((-22.1642844610202,27.5165375202776,1.90555555555556));
#1325=IFCAXIS2PLACEMENT3D(#1324,#9,#8);
#1326=IFCEXTRUDEDAREASOLID(#1323,#1325,#9,0.0499999999999995);
#1327=IFCCARTESIANPOINTLIST2D(((-0.387330448252908,-0.629774710039488),(-0.0163520458466651,-0.629774710039488),(0.325426119920739,0.629774710039488),(0.0782563741788342,0.629774710039488),(-0.387330448252908,-0.629774710039488)));
#1328=IFCINDEXEDPOLYCURVE(#1327,$,.F.);
#1329=IFCARBITRARYCLOSEDPROFILEDEF(.AREA.,'Holz Stufen mit 50 mm Auftritt',#1328);
#1330=IFCCARTESIANPOINT((-22.1642844610202,27.8256115943517,2.06851851851852));
#1331=IFCAXIS2PLACEMENT3D(#1330,#9,#8);
#1332=IFCEXTRUDEDAREASOLID(#1329,#1331,#9,0.0499999999999995);
#1333=IFCCARTESIANPOINTLIST2D(((-0.491220727659895,-0.629774710039488),(-0.0755194553008236,-0.629774710039488),(0.390067367130919,0.629774710039488),(0.1766728158298,0.629774710039488),(-0.491220727659895,-0.629774710039488)));
#1334=IFCINDEXEDPOLYCURVE(#1333,$,.F.);
#1335=IFCARBITRARYCLOSEDPROFILEDEF(.AREA.,'Holz Stufen mit 50 mm Auftritt',#1334);
#1336=IFCCARTESIANPOINT((-22.1642844610202,28.1374225873038,2.23148148148148));
#1337=IFCAXIS2PLACEMENT3D(#1336,#9,#8);
#1338=IFCEXTRUDEDAREASOLID(#1335,#1337,#9,0.0499999999999995);
#1339=IFCCARTESIANPOINTLIST2D(((-0.735104991966829,-0.629774710039488),(-0.136615381588905,-0.629774710039488),(0.531278161900789,0.629774710039488),(0.340442211654949,0.629774710039488),(-0.735104991966829,-0.629774710039488)));
#1340=IFCINDEXEDPOLYCURVE(#1339,$,.F.);
#1341=IFCARBITRARYCLOSEDPROFILEDEF(.AREA.,'Holz Stufen mit 50 mm Auftritt',#1340);
#1342=IFCCARTESIANPOINT((-22.1642844610202,28.4920279333747,2.39444444444445));
#1343=IFCAXIS2PLACEMENT3D(#1342,#9,#8);
#1344=IFCEXTRUDEDAREASOLID(#1341,#1343,#9,0.0499999999999995);
#1345=IFCCARTESIANPOINTLIST2D(((0.0955624161295639,-0.667779996308338),(0.750327530971308,-0.667779996308338),(0.750327530971308,-0.461763029273183),(-0.509221889107669,0.613784174348594),(-0.509221889107669,0.591769423770639),(-0.577773699856842,0.591769423770639),(0.0955624161295639,-0.667779996308338)));
#1346=IFCINDEXEDPOLYCURVE(#1345,$,.F.);
#1347=IFCARBITRARYCLOSEDPROFILEDEF(.AREA.,'Holz Stufen mit 50 mm Auftritt',#1346);
#1348=IFCCARTESIANPOINT((-22.0437316400883,28.7653698960684,2.55740740740741));
#1349=IFCAXIS2PLACEMENT3D(#1348,#9,#6);
#1350=IFCEXTRUDEDAREASOLID(#1347,#1349,#9,0.0499999999999995);
#1351=IFCCARTESIANPOINTLIST2D(((0.0327860346374496,-0.629774710039488),(0.502243628463663,-0.629774710039488),(-0.171092487522744,0.629774710039488),(-0.36393717557836,0.629774710039488),(0.0327860346374496,-0.629774710039488)));
#1352=IFCINDEXEDPOLYCURVE(#1351,$,.F.);
#1353=IFCARBITRARYCLOSEDPROFILEDEF(.AREA.,'Holz Stufen mit 50 mm Auftritt',#1352);
#1354=IFCCARTESIANPOINT((-21.6370504277542,28.8033751823372,2.72037037037037));
#1355=IFCAXIS2PLACEMENT3D(#1354,#9,#6);
#1356=IFCEXTRUDEDAREASOLID(#1353,#1355,#9,0.0499999999999995);
#1357=IFCCARTESIANPOINTLIST2D(((-0.0279272519093837,-0.629774710039488),(0.352898642144942,-0.629774710039488),(-0.0438245680708679,0.629774710039488),(-0.28114682216469,0.629774710039488),(-0.0279272519093837,-0.629774710039488)));
#1358=IFCINDEXEDPOLYCURVE(#1357,$,.F.);
#1359=IFCARBITRARYCLOSEDPROFILEDEF(.AREA.,'Holz Stufen mit 50 mm Auftritt',#1358);
#1360=IFCCARTESIANPOINT((-21.3169378202467,28.8033751823372,2.88333333333333));
#1361=IFCAXIS2PLACEMENT3D(#1360,#9,#6);
#1362=IFCEXTRUDEDAREASOLID(#1359,#1361,#9,0.0499999999999995);
#1363=IFCCARTESIANPOINTLIST2D(((-0.0724605810263644,-0.629774710039488),(0.28114682216469,-0.629774710039488),(0.0279272519093837,0.629774710039488),(-0.23661349304771,0.629774710039488),(-0.0724605810263644,-0.629774710039488)));
#1364=IFCINDEXEDPOLYCURVE(#1363,$,.F.);
#1365=IFCARBITRARYCLOSEDPROFILEDEF(.AREA.,'Holz Stufen mit 50 mm Auftritt',#1364);
#1366=IFCCARTESIANPOINT((-21.0078637461727,28.8033751823372,3.0462962962963));
#1367=IFCAXIS2PLACEMENT3D(#1366,#9,#6);
#1368=IFCEXTRUDEDAREASOLID(#1365,#1367,#9,0.0499999999999995);
#1369=IFCCARTESIANPOINTLIST2D(((-0.102793876371122,-0.629774710039488),(0.23661349304771,-0.629774710039488),(0.0724605810263644,0.629774710039488),(-0.206280197702952,0.629774710039488),(-0.102793876371122,-0.629774710039488)));
#1370=IFCINDEXEDPOLYCURVE(#1369,$,.F.);
#1371=IFCARBITRARYCLOSEDPROFILEDEF(.AREA.,'Holz Stufen mit 50 mm Auftritt',#1370);
#1372=IFCCARTESIANPOINT((-20.6987896720986,28.8033751823372,3.20925925925926));
#1373=IFCAXIS2PLACEMENT3D(#1372,#9,#6);
#1374=IFCEXTRUDEDAREASOLID(#1371,#1373,#9,0.0499999999999995);
#1375=IFCCARTESIANPOINTLIST2D(((-0.124785008140182,-0.629774710039488),(0.206280197702952,-0.629774710039488),(0.102793876371122,0.629774710039488),(-0.184289065933892,0.629774710039488),(-0.124785008140182,-0.629774710039488)));
#1376=IFCINDEXEDPOLYCURVE(#1375,$,.F.);
#1377=IFCARBITRARYCLOSEDPROFILEDEF(.AREA.,'Holz Stufen mit 50 mm Auftritt',#1376);
#1378=IFCCARTESIANPOINT((-20.3897155980245,28.8033751823372,3.37222222222222));
#1379=IFCAXIS2PLACEMENT3D(#1378,#9,#6);
#1380=IFCEXTRUDEDAREASOLID(#1377,#1379,#9,0.0499999999999995);
#1381=IFCCARTESIANPOINTLIST2D(((-0.141459318286079,-0.629774710039488),(0.184289065933892,-0.629774710039488),(0.124785008140182,0.629774710039488),(-0.167614755787986,0.629774710039488),(-0.141459318286079,-0.629774710039488)));
#1382=IFCINDEXEDPOLYCURVE(#1381,$,.F.);
#1383=IFCARBITRARYCLOSEDPROFILEDEF(.AREA.,'Holz Stufen mit 50 mm Auftritt',#1382);
#1384=IFCCARTESIANPOINT((-20.0806415239505,28.8033751823372,3.53518518518519));
#1385=IFCAXIS2PLACEMENT3D(#1384,#9,#6);
#1386=IFCEXTRUDEDAREASOLID(#1383,#1385,#9,0.0499999999999995);
#1387=IFCCARTESIANPOINTLIST2D(((-0.154537037037037,-0.629774710039488),(0.16761475578799,-0.629774710039488),(0.141459318286084,0.629774710039488),(-0.154537037037037,0.629774710039488),(-0.154537037037037,-0.629774710039488)));
#1388=IFCINDEXEDPOLYCURVE(#1387,$,.F.);
#1389=IFCARBITRARYCLOSEDPROFILEDEF(.AREA.,'Holz Stufen mit 50 mm Auftritt',#1388);
#1390=IFCCARTESIANPOINT((-19.7715674498764,28.8033751823372,3.69814814814815));
#1391=IFCAXIS2PLACEMENT3D(#1390,#9,#6);
#1392=IFCEXTRUDEDAREASOLID(#1389,#1391,#9,0.0499999999999995);
#1393=IFCCARTESIANPOINTLIST2D(((-0.154537037037037,-0.629774710039488),(0.154537037037037,-0.629774710039488),(0.154537037037037,0.629774710039488),(-0.154537037037037,0.629774710039488),(-0.154537037037037,-0.629774710039488)));
#1394=IFCINDEXEDPOLYCURVE(#1393,$,.F.);
#1395=IFCARBITRARYCLOSEDPROFILEDEF(.AREA.,'Holz Stufen mit 50 mm Auftritt',#1394);
#1396=IFCCARTESIANPOINT((-19.4624933758023,28.8033751823372,3.86111111111111));
#1397=IFCAXIS2PLACEMENT3D(#1396,#9,#6);
#1398=IFCEXTRUDEDAREASOLID(#1395,#1397,#9,0.0499999999999995);
#1399=IFCCARTESIANPOINTLIST2D(((-0.154537037037037,-0.629774710039488),(0.154537037037037,-0.629774710039488),(0.154537037037037,0.629774710039488),(-0.154537037037037,0.629774710039488),(-0.154537037037037,-0.629774710039488)));
#1400=IFCINDEXEDPOLYCURVE(#1399,$,.F.);
#1401=IFCARBITRARYCLOSEDPROFILEDEF(.AREA.,'Holz Stufen mit 50 mm Auftritt',#1400);
#1402=IFCCARTESIANPOINT((-19.1534193017282,28.8033751823372,4.02407407407407));
#1403=IFCAXIS2PLACEMENT3D(#1402,#9,#6);
#1404=IFCEXTRUDEDAREASOLID(#1401,#1403,#9,0.0499999999999995);
#1405=IFCCOLOURRGB($,0.835294117647059,0.643137254901961,0.403921568627451);
#1406=IFCSURFACESTYLERENDERING(#1405,0.,$,$,$,$,IFCNORMALISEDRATIOMEASURE(0.5),IFCSPECULAREXPONENT(128.),.NOTDEFINED.);
#1407=IFCSURFACESTYLE('Holz - Birke',.BOTH.,(#1406));
#1408=IFCSTYLEDITEM(#1260,(#1407),$);
#1409=IFCSTYLEDITEM(#1266,(#1407),$);
#1410=IFCSTYLEDITEM(#1272,(#1407),$);
#1411=IFCSTYLEDITEM(#1278,(#1407),$);
#1412=IFCSTYLEDITEM(#1284,(#1407),$);
#1413=IFCSTYLEDITEM(#1290,(#1407),$);
#1414=IFCSTYLEDITEM(#1296,(#1407),$);
#1415=IFCSTYLEDITEM(#1302,(#1407),$);
#1416=IFCSTYLEDITEM(#1308,(#1407),$);
#1417=IFCSTYLEDITEM(#1314,(#1407),$);
#1418=IFCSTYLEDITEM(#1320,(#1407),$);
#1419=IFCSTYLEDITEM(#1326,(#1407),$);
#1420=IFCSTYLEDITEM(#1332,(#1407),$);
#1421=IFCSTYLEDITEM(#1338,(#1407),$);
#1422=IFCSTYLEDITEM(#1344,(#1407),$);
#1423=IFCSTYLEDITEM(#1350,(#1407),$);
#1424=IFCSTYLEDITEM(#1356,(#1407),$);
#1425=IFCSTYLEDITEM(#1362,(#1407),$);
#1426=IFCSTYLEDITEM(#1368,(#1407),$);
#1427=IFCSTYLEDITEM(#1374,(#1407),$);
#1428=IFCSTYLEDITEM(#1380,(#1407),$);
#1429=IFCSTYLEDITEM(#1386,(#1407),$);
#1430=IFCSTYLEDITEM(#1392,(#1407),$);
#1431=IFCSTYLEDITEM(#1398,(#1407),$);
#1432=IFCSTYLEDITEM(#1404,(#1407),$);
#1433=IFCSHAPEREPRESENTATION(#24,'Body','SweptSolid',(#1260,#1266,#1272,#1278,#1284,#1290,#1296,#1302,#1308,#1314,#1320,#1326,#1332,#1338,#1344,#1350,#1356,#1362,#1368,#1374,#1380,#1386,#1392,#1398,#1404));
#1434=IFCCARTESIANPOINTLIST2D(((-18.9988822646912,29.4331498923767),(-22.7940591710596,29.4331498923767),(-22.7940591710596,23.9621856684257),(-21.5345097509807,23.9621856684257),(-21.5345097509807,28.1736004722977),(-18.9988822646912,28.1736004722977),(-18.9988822646912,29.4331498923767)));
#1435=IFCINDEXEDPOLYCURVE(#1434,$,.F.);
#1436=IFCGEOMETRICSET((#1435));
#1437=IFCSHAPEREPRESENTATION(#26,'FootPrint','GeometricSet',(#1436));
#1438=IFCCARTESIANPOINTLIST2D(((-22.1642844610202,23.9621856684257),(-22.1642844610202,28.1736004722977),(-21.9798277190694,28.6189184403865),(-21.5345097509807,28.8033751823372),(-18.9988822646912,28.8033751823372)));
#1439=IFCINDEXEDPOLYCURVE(#1438,(IFCLINEINDEX((1,2)),IFCARCINDEX((2,3,4)),IFCLINEINDEX((4,5))),.F.);
#1440=IFCGEOMETRICSET((#1439));
#1441=IFCSHAPEREPRESENTATION(#23,'Axis','GeometricSet',(#1440));
#1442=IFCPRODUCTDEFINITIONSHAPE($,$,(#1433,#1437,#1441));
#1443=IFCSTAIRFLIGHT('3WTFZLIDfCSgicLndgDPUA',#18,'Assembled Stair:Stair:493210 Run 1',$,'Non-Monolithic Run:Holz Stufen mit 50 mm Auftritt',#1254,#1442,'493531',$,$,$,$,.WINDER.);
#1444=IFCSTAIRFLIGHTTYPE('3oXTUzMUj9puqObr4wEoon',#18,'Non-Monolithic Run:Holz Stufen mit 50 mm Auftritt',$,$,(#1581),$,'358759',$,.WINDER.);
#1445=IFCMATERIAL('Holz - Birke',$,'Holz');
#1446=IFCAXIS2PLACEMENT3D(#3,$,$);
#1447=IFCLOCALPLACEMENT(#1250,#1446);
#1448=IFCCARTESIANPOINTLIST2D(((-2.76118872959253,-1.33621640321453),(-2.57792752767088,-1.33621640321453),(2.70977549435845,1.0980259753235),(2.70977549435845,1.35988495560924),(2.68075399813907,1.35988495560924),(-2.76118872959253,-1.14536308011293),(-2.76118872959253,-1.33621640321453)));
#1449=IFCINDEXEDPOLYCURVE(#1448,$,.F.);
#1450=IFCARBITRARYCLOSEDPROFILEDEF(.AREA.,'Wange - Farbe - 10 mm Breite',#1449);
#1451=IFCCARTESIANPOINT((-22.8040591710596,26.7233743980183,1.33621640321453));
#1452=IFCAXIS2PLACEMENT3D(#1451,#5,#7);
#1453=IFCEXTRUDEDAREASOLID(#1450,#1452,#9,0.0100000000000021);
#1454=IFCCOLOURRGB($,0.384313725490196,0.384313725490196,0.384313725490196);
#1455=IFCSURFACESTYLERENDERING(#1454,0.,$,$,$,$,IFCNORMALISEDRATIOMEASURE(0.5),IFCSPECULAREXPONENT(128.),.NOTDEFINED.);
#1456=IFCSURFACESTYLE('Metall - lackiert, grau',.BOTH.,(#1455));
#1457=IFCSTYLEDITEM(#1453,(#1456),$);
#1458=IFCSHAPEREPRESENTATION(#24,'Body','SweptSolid',(#1453));
#1459=IFCPRODUCTDEFINITIONSHAPE($,$,(#1458));
#1460=IFCMEMBERTYPE('3oXTUzMUj9puqObr4wEoo$',#18,'Stringer:Wange - Farbe - 10 mm Breite',$,$,$,$,'358761',$,.STRINGER.);
#1461=IFCMEMBER('3WTFZLIDfCSgicLndgDPY2',#18,'Assembled Stair:Stair:493210 Stringer 1',$,'Stringer:Wange - Farbe - 10 mm Breite',#1447,#1459,'493779',.STRINGER.);
#1462=IFCMATERIAL('Metall - lackiert, grau',$,'Farbe');
#1463=IFCAXIS2PLACEMENT3D(#3,$,$);
#1465=IFCAXIS2PLACEMENT3D(#3,$,$);
#1466=IFCLOCALPLACEMENT(#1250,#1465);
#1467=IFCCARTESIANPOINTLIST2D(((-0.243903253750478,-0.00500000000000319),(0.243903253750478,-0.00500000000000319),(0.243903253750478,0.00499999999999886),(-0.243903253750478,0.00499999999999886),(-0.243903253750478,-0.00500000000000319)));
#1468=IFCINDEXEDPOLYCURVE(#1467,$,.F.);
#1469=IFCARBITRARYCLOSEDPROFILEDEF(.AREA.,'Wange - Farbe - 10 mm Breite',#1468);
#1470=IFCCARTESIANPOINT((-22.5601559173092,29.4381498923767,2.42088206770146));
#1471=IFCAXIS2PLACEMENT3D(#1470,$,$);
#1472=IFCEXTRUDEDAREASOLID(#1469,#1471,#9,0.27521929112231);
#1473=IFCSTYLEDITEM(#1472,(#1456),$);
#1474=IFCSHAPEREPRESENTATION(#24,'Body','SweptSolid',(#1472));
#1475=IFCPRODUCTDEFINITIONSHAPE($,$,(#1474));
#1476=IFCMEMBER('3WTFZLIDfCSgicLndgDPY4',#18,'Assembled Stair:Stair:493210 Stringer 3',$,'Stringer:Wange - Farbe - 10 mm Breite',#1466,#1475,'493781',.STRINGER.);
#1477=IFCAXIS2PLACEMENT3D(#3,$,$);
#1478=IFCLOCALPLACEMENT(#1250,#1477);
#1479=IFCCARTESIANPOINTLIST2D(((-1.72368534224412,-1.02805430661834),(-1.50808823876753,-1.02805430661834),(2.47772946162788,1.31545222368642),(2.47772946162788,1.60546283583214),(-1.72368534224412,-0.864806446281887),(-1.72368534224412,-1.02805430661834)));
#1480=IFCINDEXEDPOLYCURVE(#1479,$,.F.);
#1481=IFCARBITRARYCLOSEDPROFILEDEF(.AREA.,'Wange - Farbe - 10 mm Breite',#1480);
#1482=IFCCARTESIANPOINT((-21.5345097509807,25.6858710106699,1.02805430661834));
#1483=IFCAXIS2PLACEMENT3D(#1482,#5,#7);
#1484=IFCEXTRUDEDAREASOLID(#1481,#1483,#9,0.0100000000000021);
#1485=IFCSTYLEDITEM(#1484,(#1456),$);
#1486=IFCSHAPEREPRESENTATION(#24,'Body','SweptSolid',(#1484));
#1487=IFCPRODUCTDEFINITIONSHAPE($,$,(#1486));
#1488=IFCMEMBER('3WTFZLIDfCSgicLndgDPY6',#18,'Assembled Stair:Stair:493210 Stringer 4',$,'Stringer:Wange - Farbe - 10 mm Breite',#1478,#1487,'493783',.STRINGER.);
#1489=IFCAXIS2PLACEMENT3D(#3,$,$);
#1490=IFCLOCALPLACEMENT(#1250,#1489);
#1491=IFCCARTESIANPOINTLIST2D(((-1.40569427032032,-0.124999999999998),(1.55672563457161,-0.124999999999998),(1.40569427032032,0.125000000000001),(-1.55672563457161,0.125),(-1.40569427032032,-0.124999999999998)));
#1492=IFCINDEXEDPOLYCURVE(#1491,$,.F.);
#1493=IFCARBITRARYCLOSEDPROFILEDEF(.AREA.,'Wange - Farbe - 10 mm Breite',#1492);
#1494=IFCCARTESIANPOINT((-20.2666960078359,28.1636004722977,3.36953594024276));
#1495=IFCDIRECTION((0.855931153481084,0.,0.517089799261734));
#1496=IFCAXIS2PLACEMENT3D(#1494,#7,#1495);
#1497=IFCEXTRUDEDAREASOLID(#1493,#1496,#9,0.0100000000000021);
#1498=IFCSTYLEDITEM(#1497,(#1456),$);
#1499=IFCSHAPEREPRESENTATION(#24,'Body','SweptSolid',(#1497));
#1500=IFCPRODUCTDEFINITIONSHAPE($,$,(#1499));
#1501=IFCMEMBER('3WTFZLIDfCSgicLndgDPY9',#18,'Assembled Stair:Stair:493210 Stringer 5',$,'Stringer:Wange - Farbe - 10 mm Breite',#1490,#1500,'493784',.STRINGER.);
#1502=IFCAXIS2PLACEMENT3D(#3,$,$);
#1503=IFCLOCALPLACEMENT(#1250,#1502);
#1504=IFCCARTESIANPOINTLIST2D(((-1.76852040108239,-0.124995446221584),(1.8836299658515,-0.124995446221584),(1.76852040108239,0.124995446221584),(-1.8836299658515,0.124995446221584),(-1.76852040108239,-0.124995446221584)));
#1505=IFCINDEXEDPOLYCURVE(#1504,$,.F.);
#1506=IFCARBITRARYCLOSEDPROFILEDEF(.AREA.,'Wange - Farbe - 10 mm Breite',#1505);
#1507=IFCCARTESIANPOINT((-20.6575674641249,29.4331498923767,3.32224166243006));
#1508=IFCDIRECTION((0.908333465374962,0.,0.418246716281089));
#1509=IFCAXIS2PLACEMENT3D(#1507,#7,#1508);
#1510=IFCEXTRUDEDAREASOLID(#1506,#1509,#9,0.0100000000000021);
#1511=IFCSTYLEDITEM(#1510,(#1456),$);
#1512=IFCSHAPEREPRESENTATION(#24,'Body','SweptSolid',(#1510));
#1513=IFCPRODUCTDEFINITIONSHAPE($,$,(#1512));
#1514=IFCMEMBER('3WTFZLIDfCSgicLndgDPqv',#18,'Assembled Stair:Stair:493210 Stringer 6',$,'Stringer:Wange - Farbe - 10 mm Breite',#1503,#1513,'494952',.STRINGER.);
#1515=IFCPROPERTYSINGLEVALUE('Reference',$,IFCIDENTIFIER('Stahl - Stufen Holz'),$);
#1516=IFCPROPERTYSET('0hRbwpSDGBSaN$iIVsG1f6',#18,'Pset_EnvironmentalImpactIndicators',$,(#1515));
#1517=IFCPROPERTYSINGLEVALUE('NumberOfRiser',$,IFCCOUNTMEASURE(26.),$);
#1518=IFCPROPERTYSINGLEVALUE('NumberOfTreads',$,IFCCOUNTMEASURE(25.),$);
#1519=IFCPROPERTYSINGLEVALUE('RiserHeight',$,IFCPOSITIVELENGTHMEASURE(0.162962962962963),$);
#1520=IFCPROPERTYSINGLEVALUE('TreadLength',$,IFCPOSITIVELENGTHMEASURE(0.309074074074074),$);
#1521=IFCPROPERTYSINGLEVALUE('NosingLength',$,IFCLENGTHMEASURE(0.),$);
#1522=IFCPROPERTYSINGLEVALUE('WalkingLineOffset',$,IFCPOSITIVELENGTHMEASURE(2.06618999356787),$);
#1523=IFCPROPERTYSINGLEVALUE('TreadLengthAtOffset',$,IFCPOSITIVELENGTHMEASURE(0.309074074074074),$);
#1524=IFCPROPERTYSINGLEVALUE('TreadLengthAtInnerSide',$,IFCPOSITIVELENGTHMEASURE(0.309074074074074),$);
#1525=IFCPROPERTYSET('3eFF7ZsAduXdGtNq_yDq$u',#18,'Pset_StairCommon',$,(#76,#1515,#1517,#1518,#1519,#1520,#1521,#1522,#1523,#1524));
#1526=IFCPROPERTYSINGLEVALUE('NumberOfRiser',$,IFCCOUNTMEASURE(26.),$);
#1527=IFCPROPERTYSINGLEVALUE('NumberOfTreads',$,IFCCOUNTMEASURE(25.),$);
#1528=IFCPROPERTYSINGLEVALUE('RiserHeight',$,IFCPOSITIVELENGTHMEASURE(0.162962962962963),$);
#1529=IFCPROPERTYSINGLEVALUE('TreadLength',$,IFCPOSITIVELENGTHMEASURE(0.309074074074074),$);
#1530=IFCPROPERTYSINGLEVALUE('WalkingLineOffset',$,IFCPOSITIVELENGTHMEASURE(2.06618999356787),$);
#1531=IFCPROPERTYSINGLEVALUE('TreadLengthAtOffset',$,IFCPOSITIVELENGTHMEASURE(0.309074074074074),$);
#1532=IFCPROPERTYSINGLEVALUE('TreadLengthAtInnerSide',$,IFCPOSITIVELENGTHMEASURE(0.309074074074074),$);
#1533=IFCPROPERTYSET('1ICq1Oz$ba4rBVU5LhSb_x',#18,'Pset_StairFlightCommon',$,(#1515,#1521,#1526,#1527,#1528,#1529,#1530,#1531,#1532));
#1534=IFCPROPERTYSINGLEVALUE('Reference',$,IFCIDENTIFIER('Holz Stufen mit 50 mm Auftritt'),$);
#1535=IFCPROPERTYSET('2aTo8ZE70NiiFtROKW$ATQ',#18,'Pset_EnvironmentalImpactIndicators',$,(#1534));
#1536=IFCPROPERTYSINGLEVALUE('NumberOfRiser',$,IFCCOUNTMEASURE(26.),$);
#1537=IFCPROPERTYSINGLEVALUE('NumberOfTreads',$,IFCCOUNTMEASURE(25.),$);
#1538=IFCPROPERTYSINGLEVALUE('RiserHeight',$,IFCPOSITIVELENGTHMEASURE(0.162962962962963),$);
#1539=IFCPROPERTYSINGLEVALUE('TreadLength',$,IFCPOSITIVELENGTHMEASURE(0.309074074074074),$);
#1540=IFCPROPERTYSINGLEVALUE('WalkingLineOffset',$,IFCPOSITIVELENGTHMEASURE(2.06618999356787),$);
#1541=IFCPROPERTYSINGLEVALUE('TreadLengthAtOffset',$,IFCPOSITIVELENGTHMEASURE(0.309074074074074),$);
#1542=IFCPROPERTYSINGLEVALUE('TreadLengthAtInnerSide',$,IFCPOSITIVELENGTHMEASURE(0.309074074074074),$);
#1543=IFCPROPERTYSET('0AAS7poAVb18E4_uL$Ue1y',#18,'Pset_StairFlightCommon',$,(#1521,#1534,#1536,#1537,#1538,#1539,#1540,#1541,#1542));
#1544=IFCPROPERTYSINGLEVALUE('Reference',$,IFCIDENTIFIER('Wange - Farbe - 10 mm Breite'),$);
#1545=IFCPROPERTYSET('3dmfrV51yLVCPNK7OzfXNS',#18,'Pset_EnvironmentalImpactIndicators',$,(#1544));
#1546=IFCPROPERTYSINGLEVALUE('Slope',$,IFCPLANEANGLEMEASURE(24.719411076791),$);
#1547=IFCPROPERTYSET('1Ykl1F7TdHa0Hm8MfEZwa2',#18,'Pset_MemberCommon',$,(#76,#1544,#1546));
#1548=IFCPROPERTYSET('2rzKm_$HSyiYXrgCapIYTi',#18,'Pset_EnvironmentalImpactIndicators',$,(#1544));
#1549=IFCPROPERTYSINGLEVALUE('Slope',$,IFCPLANEANGLEMEASURE(0.),$);
#1550=IFCPROPERTYSET('2y68ouUzio7FTfxexlrT6R',#18,'Pset_MemberCommon',$,(#76,#1544,#1549));
#1551=IFCPROPERTYSET('04efC0v1N6MYKVUpTHb5dl',#18,'Pset_EnvironmentalImpactIndicators',$,(#1544));
#1552=IFCPROPERTYSINGLEVALUE('Slope',$,IFCPLANEANGLEMEASURE(30.4538801917514),$);
#1553=IFCPROPERTYSET('20MmnieafHgZZCgZ1AIpoP',#18,'Pset_MemberCommon',$,(#76,#1544,#1552));
#1554=IFCPROPERTYSET('1_7PI9AEb6yrXPjYiw149r',#18,'Pset_EnvironmentalImpactIndicators',$,(#1544));
#1555=IFCPROPERTYSINGLEVALUE('Slope',$,IFCPLANEANGLEMEASURE(31.137242654771),$);
#1556=IFCPROPERTYSET('0a0LXhUTforPytpzTFZStH',#18,'Pset_MemberCommon',$,(#76,#1544,#1555));
#1557=IFCPROPERTYSET('3iNK5M3dKippzdpstwokvb',#18,'Pset_EnvironmentalImpactIndicators',$,(#1544));
#1558=IFCPROPERTYSINGLEVALUE('Slope',$,IFCPLANEANGLEMEASURE(24.723944752254),$);
#1559=IFCPROPERTYSET('1ftf0Y6uTF6imBU7FvfltL',#18,'Pset_MemberCommon',$,(#76,#1544,#1558));
#1560=IFCRELDEFINESBYPROPERTIES('3CYUyM84GBsmPdYdgi3smr',#18,$,$,(#1251),#1516);
#1561=IFCRELDEFINESBYPROPERTIES('3RkaILUAVkDQW5INY6KSe9',#18,$,$,(#1251),#1525);
#1562=IFCRELDEFINESBYPROPERTIES('3xQmKk9vqVjdv1rJm8AloV',#18,$,$,(#1251),#1533);
#1563=IFCRELDEFINESBYPROPERTIES('00UMtqxg2exQKDZljmJdsr',#18,$,$,(#1443),#1535);
#1564=IFCRELDEFINESBYPROPERTIES('276IW7ALwoGwYlt3iSKNwT',#18,$,$,(#1443),#1543);
#1565=IFCRELDEFINESBYPROPERTIES('36im7OFzZgM72nvC0bGjmD',#18,$,$,(#1461),#1545);
#1566=IFCRELDEFINESBYPROPERTIES('3E7u4sK0gylZv3NjTVHPJk',#18,$,$,(#1461),#1547);
#1567=IFCRELDEFINESBYPROPERTIES('2dEby5$Q2rYAABUGIl8A9k',#18,$,$,(#1476),#1548);
#1568=IFCRELDEFINESBYPROPERTIES('3QskRrODAwLV_RfE7jQ3pl',#18,$,$,(#1476),#1550);
#1569=IFCRELDEFINESBYPROPERTIES('3jZPD7oDAqWwm1cQ6Qi0TX',#18,$,$,(#1488),#1551);
#1570=IFCRELDEFINESBYPROPERTIES('3PJUKOb0d5ABskhnD0tg$K',#18,$,$,(#1488),#1553);
#1571=IFCRELDEFINESBYPROPERTIES('0ZPY5aLG1rLaeR2k9MZ117',#18,$,$,(#1501),#1554);
#1572=IFCRELDEFINESBYPROPERTIES('04OOXB9JXmGqn5GrEVyFfY',#18,$,$,(#1501),#1556);
#1573=IFCRELDEFINESBYPROPERTIES('3eXJf$ko6fBh5m$fMnK9aG',#18,$,$,(#1514),#1557);
#1574=IFCRELDEFINESBYPROPERTIES('0cCJcjEbRAdmrrupYPApqO',#18,$,$,(#1514),#1559);
#1575=IFCPROPERTYSINGLEVALUE('NumberOfRiser',$,IFCCOUNTMEASURE(0.),$);
#1576=IFCPROPERTYSINGLEVALUE('NumberOfTreads',$,IFCCOUNTMEASURE(0.),$);
#1577=IFCPROPERTYSET('3V1RCabIrt5dz9GQC0xkxA',#18,'Pset_StairCommon',$,(#1521,#1575,#1576));
#1578=IFCPROPERTYSINGLEVALUE('NumberOfRiser',$,IFCCOUNTMEASURE(0.),$);
#1579=IFCPROPERTYSINGLEVALUE('NumberOfTreads',$,IFCCOUNTMEASURE(0.),$);
#1580=IFCPROPERTYSET('3lnH8d28HzxL6RgXyx_um1',#18,'Pset_StairFlightCommon',$,(#1521,#1578,#1579));
#1581=IFCPROPERTYSET('1WgL8lpGbXWIAO3G1BlrDu',#18,'Pset_StairFlightCommon',$,(#1521));
#1582=IFCAXIS2PLACEMENT3D(#3,$,$);
#1583=IFCLOCALPLACEMENT(#42,#1582);
#1584=IFCCARTESIANPOINTLIST2D(((-2.49999999999999,-7.59999999999999),(2.50000000000001,-7.59999999999999),(2.49999999999999,7.59999999999999),(-2.50000000000001,7.59999999999999),(-2.49999999999999,-7.59999999999999)));
#1585=IFCINDEXEDPOLYCURVE(#1584,$,.F.);
#1586=IFCARBITRARYCLOSEDPROFILEDEF(.AREA.,$,#1585);
#1587=IFCCARTESIANPOINT((-11.5940591710596,27.2531498923767,0.));
#1588=IFCAXIS2PLACEMENT3D(#1587,#10,#7);
#1589=IFCEXTRUDEDAREASOLID(#1586,#1588,#9,0.2);
#1590=IFCSTYLEDITEM(#1589,(#1156),$);
#1591=IFCSHAPEREPRESENTATION(#24,'Body','SweptSolid',(#1589));
#1592=IFCCARTESIANPOINTLIST2D(((-19.1940591710596,24.7531498923767),(-19.1940591710596,29.7531498923767),(-3.99405917105965,29.7531498923767),(-3.99405917105966,24.7531498923767),(-19.1940591710596,24.7531498923767)));
#1593=IFCINDEXEDPOLYCURVE(#1592,$,.F.);
#1594=IFCSHAPEREPRESENTATION(#26,'FootPrint','Curve2D',(#1593));
#1595=IFCPRODUCTDEFINITIONSHAPE($,$,(#1591,#1594));
#1596=IFCSLAB('3WTFZLIDfCSgicLndgDPj2',#18,'Floor:STB 20.0:494355',$,'Floor:STB 20.0',#1583,#1595,'494355',.FLOOR.);
#1597=IFCPROPERTYSET('1GXHbbdYCqbDlCmc9TVyF$',#18,'Pset_EnvironmentalImpactIndicators',$,(#1167));
#1598=IFCPROPERTYSINGLEVALUE('Reference',$,IFCLABEL('STB 20.0'),$);
#1599=IFCPROPERTYSET('2wz1apmuuu$1JY2DHpdqAc',#18,'Pset_ReinforcementBarPitchOfSlab',$,(#1598));
#1600=IFCPROPERTYSET('18QIdo4BaF$EGsjJV6Z8qR',#18,'Pset_SlabCommon',$,(#76,#133,#1167,#1171));
#1601=IFCRELDEFINESBYPROPERTIES('13O0_ggRCaNaNYn96e6AwC',#18,$,$,(#1596),#1597);
#1602=IFCRELDEFINESBYPROPERTIES('3VkRXxipUSocDYp8QKu0xK',#18,$,$,(#1596),#1599);
#1603=IFCRELDEFINESBYPROPERTIES('3uehFCW9al1zyL6OAOUVVt',#18,$,$,(#1596),#1600);
#1604=IFCAXIS2PLACEMENT3D(#3,$,$);
#1605=IFCLOCALPLACEMENT(#42,#1604);
#1606=IFCCARTESIANPOINTLIST2D(((-2.49999999999999,-7.59999999999999),(2.50000000000001,-7.59999999999999),(2.49999999999999,7.59999999999999),(-2.50000000000001,7.59999999999999),(-2.49999999999999,-7.59999999999999)));
#1607=IFCINDEXEDPOLYCURVE(#1606,$,.F.);
#1608=IFCARBITRARYCLOSEDPROFILEDEF(.AREA.,$,#1607);
#1609=IFCCARTESIANPOINT((-11.5940591710597,-6.74685010762331,0.));
#1610=IFCAXIS2PLACEMENT3D(#1609,#10,#7);
#1611=IFCEXTRUDEDAREASOLID(#1608,#1610,#9,0.2);
#1612=IFCSTYLEDITEM(#1611,(#1156),$);
#1613=IFCSHAPEREPRESENTATION(#24,'Body','SweptSolid',(#1611));
#1614=IFCCARTESIANPOINTLIST2D(((-19.1940591710597,-9.24685010762328),(-19.1940591710597,-4.24685010762328),(-3.9940591710597,-4.24685010762333),(-3.99405917105971,-9.24685010762333),(-19.1940591710597,-9.24685010762328)));
#1615=IFCINDEXEDPOLYCURVE(#1614,$,.F.);
#1616=IFCSHAPEREPRESENTATION(#26,'FootPrint','Curve2D',(#1615));
#1617=IFCPRODUCTDEFINITIONSHAPE($,$,(#1613,#1616));
#1618=IFCSLAB('3WTFZLIDfCSgicLndgDPrl',#18,'Floor:STB 20.0:494910',$,'Floor:STB 20.0',#1605,#1617,'494910',.FLOOR.);
#1619=IFCPROPERTYSET('2TNsxG65sESsRthNG_hMLa',#18,'Pset_EnvironmentalImpactIndicators',$,(#1167));
#1620=IFCPROPERTYSINGLEVALUE('Reference',$,IFCLABEL('STB 20.0'),$);
#1621=IFCPROPERTYSET('1ZjcF8tCOYFxS0HwS2ALG1',#18,'Pset_ReinforcementBarPitchOfSlab',$,(#1620));
#1622=IFCPROPERTYSET('0zzJaZoGdBRiNCgVBWGzC_',#18,'Pset_SlabCommon',$,(#76,#133,#1167,#1171));
#1623=IFCRELDEFINESBYPROPERTIES('3u1N6TF8gs38a7TdZDcfIq',#18,$,$,(#1618),#1619);
#1624=IFCRELDEFINESBYPROPERTIES('1VFXXGvh1WCBBjwxaGZPYk',#18,$,$,(#1618),#1621);
#1625=IFCRELDEFINESBYPROPERTIES('15bw0HbQa7T6P6US7CcWEV',#18,$,$,(#1618),#1622);
#1626=IFCAXIS2PLACEMENT3D(#3,$,$);
#1627=IFCLOCALPLACEMENT(#38,#1626);
#1628=IFCSTAIR('3WTFZLIDfCSgicLndgDPxT',#18,'Assembled Stair:Stair:495244',$,'Assembled Stair:Stahl - Stufen Holz',#1627,$,'495244',.NOTDEFINED.);
#1629=IFCAXIS2PLACEMENT3D(#3,$,$);
#1630=IFCLOCALPLACEMENT(#1627,#1629);
#1631=IFCCARTESIANPOINTLIST2D(((-0.154537037037037,-0.629774710039488),(0.154537037037037,-0.629774710039488),(0.154537037037037,0.629774710039488),(-0.154537037037037,0.629774710039488),(-0.154537037037037,-0.629774710039488)));
#1632=IFCINDEXEDPOLYCURVE(#1631,$,.F.);
#1633=IFCARBITRARYCLOSEDPROFILEDEF(.AREA.,'Holz Stufen mit 50 mm Auftritt',#1632);
#1634=IFCCARTESIANPOINT((-22.1542844610202,24.1167227054628,0.112962962962963));
#1635=IFCAXIS2PLACEMENT3D(#1634,#9,#8);
#1636=IFCEXTRUDEDAREASOLID(#1633,#1635,#9,0.05);
#1637=IFCCARTESIANPOINTLIST2D(((-0.154537037037037,-0.629774710039488),(0.154537037037037,-0.629774710039488),(0.154537037037037,0.629774710039488),(-0.154537037037037,0.629774710039488),(-0.154537037037037,-0.629774710039488)));
#1638=IFCINDEXEDPOLYCURVE(#1637,$,.F.);
#1639=IFCARBITRARYCLOSEDPROFILEDEF(.AREA.,'Holz Stufen mit 50 mm Auftritt',#1638);
#1640=IFCCARTESIANPOINT((-22.1542844610202,24.4257967795369,0.275925925925926));
#1641=IFCAXIS2PLACEMENT3D(#1640,#9,#8);
#1642=IFCEXTRUDEDAREASOLID(#1639,#1641,#9,0.05);
#1643=IFCCARTESIANPOINTLIST2D(((-0.160790745475113,-0.629774710039488),(0.154537037037037,-0.629774710039488),(0.154537037037037,0.629774710039488),(-0.148283328598961,0.629774710039488),(-0.160790745475113,-0.629774710039488)));
#1644=IFCINDEXEDPOLYCURVE(#1643,$,.F.);
#1645=IFCARBITRARYCLOSEDPROFILEDEF(.AREA.,'Holz Stufen mit 50 mm Auftritt',#1644);
#1646=IFCCARTESIANPOINT((-22.1542844610202,24.7348708536109,0.438888888888889));
#1647=IFCAXIS2PLACEMENT3D(#1646,#9,#8);
#1648=IFCEXTRUDEDAREASOLID(#1645,#1647,#9,0.05);
#1649=IFCCARTESIANPOINTLIST2D(((-0.167992380926127,-0.629774710039488),(0.148283328598961,-0.629774710039488),(0.160790745475113,0.629774710039488),(-0.141081693147947,0.629774710039488),(-0.167992380926127,-0.629774710039488)));
#1650=IFCINDEXEDPOLYCURVE(#1649,$,.F.);
#1651=IFCARBITRARYCLOSEDPROFILEDEF(.AREA.,'Holz Stufen mit 50 mm Auftritt',#1650);
#1652=IFCCARTESIANPOINT((-22.1542844610202,25.043944927685,0.601851851851852));
#1653=IFCAXIS2PLACEMENT3D(#1652,#9,#8);
#1654=IFCEXTRUDEDAREASOLID(#1651,#1653,#9,0.05);
#1655=IFCCARTESIANPOINTLIST2D(((-0.176375145451528,-0.629774710039488),(0.141081693147947,-0.629774710039488),(0.167992380926127,0.629774710039488),(-0.132698928622546,0.629774710039488),(-0.176375145451528,-0.629774710039488)));
#1656=IFCINDEXEDPOLYCURVE(#1655,$,.F.);
#1657=IFCARBITRARYCLOSEDPROFILEDEF(.AREA.,'Holz Stufen mit 50 mm Auftritt',#1656);
#1658=IFCCARTESIANPOINT((-22.1542844610202,25.3530190017591,0.764814814814815));
#1659=IFCAXIS2PLACEMENT3D(#1658,#9,#8);
#1660=IFCEXTRUDEDAREASOLID(#1657,#1659,#9,0.05);
#1661=IFCCARTESIANPOINTLIST2D(((-0.186255568530872,-0.629774710039488),(0.132698928622546,-0.629774710039488),(0.176375145451528,0.629774710039488),(-0.122818505543202,0.629774710039488),(-0.186255568530872,-0.629774710039488)));
#1662=IFCINDEXEDPOLYCURVE(#1661,$,.F.);
#1663=IFCARBITRARYCLOSEDPROFILEDEF(.AREA.,'Holz Stufen mit 50 mm Auftritt',#1662);
#1664=IFCCARTESIANPOINT((-22.1542844610202,25.6620930758332,0.927777777777778));
#1665=IFCAXIS2PLACEMENT3D(#1664,#9,#8);
#1666=IFCEXTRUDEDAREASOLID(#1663,#1665,#9,0.05);
#1667=IFCCARTESIANPOINTLIST2D(((-0.198074375898224,-0.629774710039488),(0.122818505543202,-0.629774710039488),(0.186255568530872,0.629774710039488),(-0.11099969817585,0.629774710039488),(-0.198074375898224,-0.629774710039488)));
#1668=IFCINDEXEDPOLYCURVE(#1667,$,.F.);
#1669=IFCARBITRARYCLOSEDPROFILEDEF(.AREA.,'Holz Stufen mit 50 mm Auftritt',#1668);
#1670=IFCCARTESIANPOINT((-22.1542844610202,25.9711671499072,1.09074074074074));
#1671=IFCAXIS2PLACEMENT3D(#1670,#9,#8);
#1672=IFCEXTRUDEDAREASOLID(#1669,#1671,#9,0.05);
#1673=IFCCARTESIANPOINTLIST2D(((-0.212464027930046,-0.629774710039488),(0.11099969817585,-0.629774710039488),(0.198074375898224,0.629774710039488),(-0.0966100461440278,0.629774710039488),(-0.212464027930046,-0.629774710039488)));
#1674=IFCINDEXEDPOLYCURVE(#1673,$,.F.);
#1675=IFCARBITRARYCLOSEDPROFILEDEF(.AREA.,'Holz Stufen mit 50 mm Auftritt',#1674);
#1676=IFCCARTESIANPOINT((-22.1542844610202,26.2802412239813,1.2537037037037));
#1677=IFCAXIS2PLACEMENT3D(#1676,#9,#8);
#1678=IFCEXTRUDEDAREASOLID(#1675,#1677,#9,0.05);
#1679=IFCCARTESIANPOINTLIST2D(((-0.230365709573073,-0.629774710039488),(0.0966100461440278,-0.629774710039488),(0.212464027930046,0.629774710039488),(-0.0787083645010014,0.629774710039488),(-0.230365709573073,-0.629774710039488)));
#1680=IFCINDEXEDPOLYCURVE(#1679,$,.F.);
#1681=IFCARBITRARYCLOSEDPROFILEDEF(.AREA.,'Holz Stufen mit 50 mm Auftritt',#1680);
#1682=IFCCARTESIANPOINT((-22.1542844610202,26.5893152980554,1.41666666666667));
#1683=IFCAXIS2PLACEMENT3D(#1682,#9,#8);
#1684=IFCEXTRUDEDAREASOLID(#1681,#1683,#9,0.05);
#1685=IFCCARTESIANPOINTLIST2D(((-0.25324388649571,-0.629774710039488),(0.0787083645010057,-0.629774710039488),(0.230365709573077,0.629774710039488),(-0.0558301875783559,0.629774710039488),(-0.25324388649571,-0.629774710039488)));
#1686=IFCINDEXEDPOLYCURVE(#1685,$,.F.);
#1687=IFCARBITRARYCLOSEDPROFILEDEF(.AREA.,'Holz Stufen mit 50 mm Auftritt',#1686);
#1688=IFCCARTESIANPOINT((-22.1542844610202,26.8983893721295,1.57962962962963));
#1689=IFCAXIS2PLACEMENT3D(#1688,#9,#8);
#1690=IFCEXTRUDEDAREASOLID(#1687,#1689,#9,0.05);
#1691=IFCCARTESIANPOINTLIST2D(((-0.28350868079629,-0.629774710039488),(0.0558301875783559,-0.629774710039488),(0.25324388649571,0.629774710039488),(-0.0255653932777924,0.629774710039488),(-0.28350868079629,-0.629774710039488)));
#1692=IFCINDEXEDPOLYCURVE(#1691,$,.F.);
#1693=IFCARBITRARYCLOSEDPROFILEDEF(.AREA.,'Holz Stufen mit 50 mm Auftritt',#1692);
#1694=IFCCARTESIANPOINT((-22.1542844610202,27.2074634462035,1.74259259259259));
#1695=IFCAXIS2PLACEMENT3D(#1694,#9,#8);
#1696=IFCEXTRUDEDAREASOLID(#1693,#1695,#9,0.05);
#1697=IFCCARTESIANPOINTLIST2D(((-0.325426119920739,-0.629774710039488),(0.0255653932777837,-0.629774710039488),(0.283508680796282,0.629774710039488),(0.0163520458466651,0.629774710039488),(-0.325426119920739,-0.629774710039488)));
#1698=IFCINDEXEDPOLYCURVE(#1697,$,.F.);
#1699=IFCARBITRARYCLOSEDPROFILEDEF(.AREA.,'Holz Stufen mit 50 mm Auftritt',#1698);
#1700=IFCCARTESIANPOINT((-22.1542844610202,27.5165375202776,1.90555555555556));
#1701=IFCAXIS2PLACEMENT3D(#1700,#9,#8);
#1702=IFCEXTRUDEDAREASOLID(#1699,#1701,#9,0.05);
#1703=IFCCARTESIANPOINTLIST2D(((-0.387330448252908,-0.629774710039488),(-0.0163520458466651,-0.629774710039488),(0.325426119920739,0.629774710039488),(0.0782563741788342,0.629774710039488),(-0.387330448252908,-0.629774710039488)));
#1704=IFCINDEXEDPOLYCURVE(#1703,$,.F.);
#1705=IFCARBITRARYCLOSEDPROFILEDEF(.AREA.,'Holz Stufen mit 50 mm Auftritt',#1704);
#1706=IFCCARTESIANPOINT((-22.1542844610202,27.8256115943517,2.06851851851852));
#1707=IFCAXIS2PLACEMENT3D(#1706,#9,#8);
#1708=IFCEXTRUDEDAREASOLID(#1705,#1707,#9,0.05);
#1709=IFCCARTESIANPOINTLIST2D(((-0.491220727659895,-0.629774710039488),(-0.0755194553008236,-0.629774710039488),(0.390067367130919,0.629774710039488),(0.1766728158298,0.629774710039488),(-0.491220727659895,-0.629774710039488)));
#1710=IFCINDEXEDPOLYCURVE(#1709,$,.F.);
#1711=IFCARBITRARYCLOSEDPROFILEDEF(.AREA.,'Holz Stufen mit 50 mm Auftritt',#1710);
#1712=IFCCARTESIANPOINT((-22.1542844610202,28.1374225873038,2.23148148148148));
#1713=IFCAXIS2PLACEMENT3D(#1712,#9,#8);
#1714=IFCEXTRUDEDAREASOLID(#1711,#1713,#9,0.05);
#1715=IFCCARTESIANPOINTLIST2D(((-0.735104991966829,-0.629774710039488),(-0.136615381588905,-0.629774710039488),(0.531278161900789,0.629774710039488),(0.340442211654949,0.629774710039488),(-0.735104991966829,-0.629774710039488)));
#1716=IFCINDEXEDPOLYCURVE(#1715,$,.F.);
#1717=IFCARBITRARYCLOSEDPROFILEDEF(.AREA.,'Holz Stufen mit 50 mm Auftritt',#1716);
#1718=IFCCARTESIANPOINT((-22.1542844610202,28.4920279333747,2.39444444444444));
#1719=IFCAXIS2PLACEMENT3D(#1718,#9,#8);
#1720=IFCEXTRUDEDAREASOLID(#1717,#1719,#9,0.05);
#1721=IFCCARTESIANPOINTLIST2D(((0.0955624161295639,-0.667779996308338),(0.750327530971308,-0.667779996308338),(0.750327530971308,-0.461763029273183),(-0.509221889107669,0.613784174348594),(-0.509221889107669,0.591769423770639),(-0.577773699856842,0.591769423770639),(0.0955624161295639,-0.667779996308338)));
#1722=IFCINDEXEDPOLYCURVE(#1721,$,.F.);
#1723=IFCARBITRARYCLOSEDPROFILEDEF(.AREA.,'Holz Stufen mit 50 mm Auftritt',#1722);
#1724=IFCCARTESIANPOINT((-22.0337316400883,28.7653698960684,2.55740740740741));
#1725=IFCAXIS2PLACEMENT3D(#1724,#9,#6);
#1726=IFCEXTRUDEDAREASOLID(#1723,#1725,#9,0.05);
#1727=IFCCARTESIANPOINTLIST2D(((0.0353864386960467,-0.629774710039488),(0.502243628463658,-0.629774710039488),(-0.171092487522748,0.629774710039488),(-0.366537579636966,0.629774710039488),(0.0353864386960467,-0.629774710039488)));
#1728=IFCINDEXEDPOLYCURVE(#1727,$,.F.);
#1729=IFCARBITRARYCLOSEDPROFILEDEF(.AREA.,'Holz Stufen mit 50 mm Auftritt',#1728);
#1730=IFCCARTESIANPOINT((-21.6270504277542,28.8033751823372,2.72037037037037));
#1731=IFCAXIS2PLACEMENT3D(#1730,#9,#6);
#1732=IFCEXTRUDEDAREASOLID(#1729,#1731,#9,0.05);
#1733=IFCCARTESIANPOINTLIST2D(((-0.0232186070780273,-0.629774710039488),(0.355499046203543,-0.629774710039488),(-0.0464249721294693,0.629774710039488),(-0.285855466996047,0.629774710039488),(-0.0232186070780273,-0.629774710039488)));
#1734=IFCINDEXEDPOLYCURVE(#1733,$,.F.);
#1735=IFCARBITRARYCLOSEDPROFILEDEF(.AREA.,'Holz Stufen mit 50 mm Auftritt',#1734);
#1736=IFCCARTESIANPOINT((-21.3069378202467,28.8033751823372,2.88333333333333));
#1737=IFCAXIS2PLACEMENT3D(#1736,#9,#6);
#1738=IFCEXTRUDEDAREASOLID(#1735,#1737,#9,0.05);
#1739=IFCCARTESIANPOINTLIST2D(((-0.0661173208520495,-0.629774710039488),(0.285855466996047,-0.629774710039488),(0.0232186070780273,0.629774710039488),(-0.242956753222025,0.629774710039488),(-0.0661173208520495,-0.629774710039488)));
#1740=IFCINDEXEDPOLYCURVE(#1739,$,.F.);
#1741=IFCARBITRARYCLOSEDPROFILEDEF(.AREA.,'Holz Stufen mit 50 mm Auftritt',#1740);
#1742=IFCCARTESIANPOINT((-20.9978637461727,28.8033751823372,3.0462962962963));
#1743=IFCAXIS2PLACEMENT3D(#1742,#9,#6);
#1744=IFCEXTRUDEDAREASOLID(#1741,#1743,#9,0.05);
#1745=IFCCARTESIANPOINTLIST2D(((-0.0951955643268931,-0.629774710039488),(0.242956753222025,-0.629774710039488),(0.0661173208520495,0.629774710039488),(-0.213878509747181,0.629774710039488),(-0.0951955643268931,-0.629774710039488)));
#1746=IFCINDEXEDPOLYCURVE(#1745,$,.F.);
#1747=IFCARBITRARYCLOSEDPROFILEDEF(.AREA.,'Holz Stufen mit 50 mm Auftritt',#1746);
#1748=IFCCARTESIANPOINT((-20.6887896720986,28.8033751823372,3.20925925925926));
#1749=IFCAXIS2PLACEMENT3D(#1748,#9,#6);
#1750=IFCEXTRUDEDAREASOLID(#1747,#1749,#9,0.05);
#1751=IFCCARTESIANPOINTLIST2D(((-0.116205478535992,-0.629774710039488),(0.213878509747181,-0.629774710039488),(0.0951955643268931,0.629774710039488),(-0.192868595538082,0.629774710039488),(-0.116205478535992,-0.629774710039488)));
#1752=IFCINDEXEDPOLYCURVE(#1751,$,.F.);
#1753=IFCARBITRARYCLOSEDPROFILEDEF(.AREA.,'Holz Stufen mit 50 mm Auftritt',#1752);
#1754=IFCCARTESIANPOINT((-20.3797155980245,28.8033751823372,3.37222222222222));
#1755=IFCAXIS2PLACEMENT3D(#1754,#9,#6);
#1756=IFCEXTRUDEDAREASOLID(#1753,#1755,#9,0.05);
#1757=IFCCARTESIANPOINTLIST2D(((-0.132096015587964,-0.629774710039488),(0.192868595538082,-0.629774710039488),(0.116205478535992,0.629774710039488),(-0.17697805848611,0.629774710039488),(-0.132096015587964,-0.629774710039488)));
#1758=IFCINDEXEDPOLYCURVE(#1757,$,.F.);
#1759=IFCARBITRARYCLOSEDPROFILEDEF(.AREA.,'Holz Stufen mit 50 mm Auftritt',#1758);
#1760=IFCCARTESIANPOINT((-20.0706415239504,28.8033751823372,3.53518518518519));
#1761=IFCAXIS2PLACEMENT3D(#1760,#9,#6);
#1762=IFCEXTRUDEDAREASOLID(#1759,#1761,#9,0.05);
#1763=IFCCARTESIANPOINTLIST2D(((-0.144535087923658,-0.629774710039488),(0.17697805848611,-0.629774710039488),(0.132096015587964,0.629774710039488),(-0.164538986150416,0.629774710039488),(-0.144535087923658,-0.629774710039488)));
#1764=IFCINDEXEDPOLYCURVE(#1763,$,.F.);
#1765=IFCARBITRARYCLOSEDPROFILEDEF(.AREA.,'Holz Stufen mit 50 mm Auftritt',#1764);
#1766=IFCCARTESIANPOINT((-19.7615674498764,28.8033751823372,3.69814814814815));
#1767=IFCAXIS2PLACEMENT3D(#1766,#9,#6);
#1768=IFCEXTRUDEDAREASOLID(#1765,#1767,#9,0.05);
#1769=IFCCARTESIANPOINTLIST2D(((-0.154537037037037,-0.629774710039488),(0.164538986150414,-0.629774710039488),(0.144535087923656,0.629774710039488),(-0.154537037037037,0.629774710039488),(-0.154537037037037,-0.629774710039488)));
#1770=IFCINDEXEDPOLYCURVE(#1769,$,.F.);
#1771=IFCARBITRARYCLOSEDPROFILEDEF(.AREA.,'Holz Stufen mit 50 mm Auftritt',#1770);
#1772=IFCCARTESIANPOINT((-19.4524933758023,28.8033751823372,3.86111111111111));
#1773=IFCAXIS2PLACEMENT3D(#1772,#9,#6);
#1774=IFCEXTRUDEDAREASOLID(#1771,#1773,#9,0.05);
#1775=IFCCARTESIANPOINTLIST2D(((-0.154537037037037,-0.629774710039488),(0.154537037037037,-0.629774710039488),(0.154537037037037,0.629774710039488),(-0.154537037037037,0.629774710039488),(-0.154537037037037,-0.629774710039488)));
#1776=IFCINDEXEDPOLYCURVE(#1775,$,.F.);
#1777=IFCARBITRARYCLOSEDPROFILEDEF(.AREA.,'Holz Stufen mit 50 mm Auftritt',#1776);
#1778=IFCCARTESIANPOINT((-19.1434193017282,28.8033751823372,4.02407407407407));
#1779=IFCAXIS2PLACEMENT3D(#1778,#9,#6);
#1780=IFCEXTRUDEDAREASOLID(#1777,#1779,#9,0.05);
#1781=IFCCARTESIANPOINTLIST2D(((-0.154537037037037,-0.629774710039488),(0.154537037037037,-0.629774710039488),(0.154537037037037,0.629774710039488),(-0.154537037037037,0.629774710039488),(-0.154537037037037,-0.629774710039488)));
#1782=IFCINDEXEDPOLYCURVE(#1781,$,.F.);
#1783=IFCARBITRARYCLOSEDPROFILEDEF(.AREA.,'Holz Stufen mit 50 mm Auftritt',#1782);
#1784=IFCCARTESIANPOINT((-18.8343452276542,28.8033751823372,4.18703703703704));
#1785=IFCAXIS2PLACEMENT3D(#1784,#9,#6);
#1786=IFCEXTRUDEDAREASOLID(#1783,#1785,#9,0.05);
#1787=IFCSTYLEDITEM(#1636,(#1407),$);
#1788=IFCSTYLEDITEM(#1642,(#1407),$);
#1789=IFCSTYLEDITEM(#1648,(#1407),$);
#1790=IFCSTYLEDITEM(#1654,(#1407),$);
#1791=IFCSTYLEDITEM(#1660,(#1407),$);
#1792=IFCSTYLEDITEM(#1666,(#1407),$);
#1793=IFCSTYLEDITEM(#1672,(#1407),$);
#1794=IFCSTYLEDITEM(#1678,(#1407),$);
#1795=IFCSTYLEDITEM(#1684,(#1407),$);
#1796=IFCSTYLEDITEM(#1690,(#1407),$);
#1797=IFCSTYLEDITEM(#1696,(#1407),$);
#1798=IFCSTYLEDITEM(#1702,(#1407),$);
#1799=IFCSTYLEDITEM(#1708,(#1407),$);
#1800=IFCSTYLEDITEM(#1714,(#1407),$);
#1801=IFCSTYLEDITEM(#1720,(#1407),$);
#1802=IFCSTYLEDITEM(#1726,(#1407),$);
#1803=IFCSTYLEDITEM(#1732,(#1407),$);
#1804=IFCSTYLEDITEM(#1738,(#1407),$);
#1805=IFCSTYLEDITEM(#1744,(#1407),$);
#1806=IFCSTYLEDITEM(#1750,(#1407),$);
#1807=IFCSTYLEDITEM(#1756,(#1407),$);
#1808=IFCSTYLEDITEM(#1762,(#1407),$);
#1809=IFCSTYLEDITEM(#1768,(#1407),$);
#1810=IFCSTYLEDITEM(#1774,(#1407),$);
#1811=IFCSTYLEDITEM(#1780,(#1407),$);
#1812=IFCSTYLEDITEM(#1786,(#1407),$);
#1813=IFCSHAPEREPRESENTATION(#24,'Body','SweptSolid',(#1636,#1642,#1648,#1654,#1660,#1666,#1672,#1678,#1684,#1690,#1696,#1702,#1708,#1714,#1720,#1726,#1732,#1738,#1744,#1750,#1756,#1762,#1768,#1774,#1780,#1786));
#1814=IFCCARTESIANPOINTLIST2D(((-18.6798081906171,29.4331498923767),(-22.7840591710596,29.4331498923767),(-22.7840591710596,23.9621856684257),(-21.5245097509807,23.9621856684257),(-21.5245097509807,28.1736004722977),(-18.6798081906171,28.1736004722977),(-18.6798081906171,29.4331498923767)));
#1815=IFCINDEXEDPOLYCURVE(#1814,$,.F.);
#1816=IFCGEOMETRICSET((#1815));
#1817=IFCSHAPEREPRESENTATION(#26,'FootPrint','GeometricSet',(#1816));
#1818=IFCCARTESIANPOINTLIST2D(((-22.1542844610202,23.9621856684257),(-22.1542844610202,28.1736004722977),(-21.9698277190694,28.6189184403865),(-21.5245097509807,28.8033751823372),(-18.6798081906171,28.8033751823372)));
#1819=IFCINDEXEDPOLYCURVE(#1818,(IFCLINEINDEX((1,2)),IFCARCINDEX((2,3,4)),IFCLINEINDEX((4,5))),.F.);
#1820=IFCGEOMETRICSET((#1819));
#1821=IFCSHAPEREPRESENTATION(#23,'Axis','GeometricSet',(#1820));
#1822=IFCPRODUCTDEFINITIONSHAPE($,$,(#1813,#1817,#1821));
#1823=IFCSTAIRFLIGHT('3WTFZLIDfCSgicLndgDPxS',#18,'Assembled Stair:Stair:495244 Run 1',$,'Non-Monolithic Run:Holz Stufen mit 50 mm Auftritt',#1630,#1822,'495245',$,$,$,$,.WINDER.);
#1824=IFCAXIS2PLACEMENT3D(#3,$,$);
#1825=IFCLOCALPLACEMENT(#1627,#1824);
#1826=IFCCARTESIANPOINTLIST2D(((-2.76118872959253,-1.33621640321453),(-2.57792752767088,-1.33621640321453),(2.70977549435845,1.0980259753235),(2.70977549435845,1.35988495560924),(2.68075399813907,1.35988495560924),(-2.76118872959253,-1.14536308011293),(-2.76118872959253,-1.33621640321453)));
#1827=IFCINDEXEDPOLYCURVE(#1826,$,.F.);
#1828=IFCARBITRARYCLOSEDPROFILEDEF(.AREA.,'Wange - Farbe - 10 mm Breite',#1827);
#1829=IFCCARTESIANPOINT((-22.7940591710596,26.7233743980183,1.33621640321453));
#1830=IFCAXIS2PLACEMENT3D(#1829,#5,#7);
#1831=IFCEXTRUDEDAREASOLID(#1828,#1830,#9,0.0100000000000021);
#1832=IFCSTYLEDITEM(#1831,(#1456),$);
#1833=IFCSHAPEREPRESENTATION(#24,'Body','SweptSolid',(#1831));
#1834=IFCPRODUCTDEFINITIONSHAPE($,$,(#1833));
#1835=IFCMEMBER('3WTFZLIDfCSgicLndgDPxU',#18,'Assembled Stair:Stair:495244 Stringer 1',$,'Stringer:Wange - Farbe - 10 mm Breite',#1825,#1834,'495247',.STRINGER.);
#1836=IFCAXIS2PLACEMENT3D(#3,$,$);
#1838=IFCAXIS2PLACEMENT3D(#3,$,$);
#1839=IFCLOCALPLACEMENT(#1627,#1838);
#1840=IFCCARTESIANPOINTLIST2D(((-0.245148896545129,-0.00500000000000319),(0.245148896545133,-0.00500000000000319),(0.245148896545133,0.00499999999999886),(-0.245148896545129,0.00499999999999886),(-0.245148896545129,-0.00500000000000319)));
#1841=IFCINDEXEDPOLYCURVE(#1840,$,.F.);
#1842=IFCARBITRARYCLOSEDPROFILEDEF(.AREA.,'Wange - Farbe - 10 mm Breite',#1841);
#1843=IFCCARTESIANPOINT((-22.5489102745145,29.4381498923767,2.42088206770146));
#1844=IFCAXIS2PLACEMENT3D(#1843,$,$);
#1845=IFCEXTRUDEDAREASOLID(#1842,#1844,#9,0.27521929112231);
#1846=IFCSTYLEDITEM(#1845,(#1456),$);
#1847=IFCSHAPEREPRESENTATION(#24,'Body','SweptSolid',(#1845));
#1848=IFCPRODUCTDEFINITIONSHAPE($,$,(#1847));
#1849=IFCMEMBER('3WTFZLIDfCSgicLndgDPx0',#18,'Assembled Stair:Stair:495244 Stringer 3',$,'Stringer:Wange - Farbe - 10 mm Breite',#1839,#1848,'495249',.STRINGER.);
#1850=IFCAXIS2PLACEMENT3D(#3,$,$);
#1851=IFCLOCALPLACEMENT(#1627,#1850);
#1852=IFCCARTESIANPOINTLIST2D(((-1.72368534224412,-1.02805430661834),(-1.50808823876753,-1.02805430661834),(2.47772946162788,1.31545222368643),(2.47772946162788,1.60546283583214),(-1.72368534224412,-0.864806446281888),(-1.72368534224412,-1.02805430661834)));
#1853=IFCINDEXEDPOLYCURVE(#1852,$,.F.);
#1854=IFCARBITRARYCLOSEDPROFILEDEF(.AREA.,'Wange - Farbe - 10 mm Breite',#1853);
#1855=IFCCARTESIANPOINT((-21.5245097509807,25.6858710106699,1.02805430661834));
#1856=IFCAXIS2PLACEMENT3D(#1855,#5,#7);
#1857=IFCEXTRUDEDAREASOLID(#1854,#1856,#9,0.0100000000000021);
#1858=IFCSTYLEDITEM(#1857,(#1456),$);
#1859=IFCSHAPEREPRESENTATION(#24,'Body','SweptSolid',(#1857));
#1860=IFCPRODUCTDEFINITIONSHAPE($,$,(#1859));
#1861=IFCMEMBER('3WTFZLIDfCSgicLndgDPx3',#18,'Assembled Stair:Stair:495244 Stringer 4',$,'Stringer:Wange - Farbe - 10 mm Breite',#1851,#1860,'495250',.STRINGER.);
#1862=IFCAXIS2PLACEMENT3D(#3,$,$);
#1863=IFCLOCALPLACEMENT(#1627,#1862);
#1864=IFCCARTESIANPOINTLIST2D(((-1.58040563239789,-0.125),(1.72902963704516,-0.125),(1.58040563239789,0.124999999999999),(-1.72902963704516,0.125),(-1.58040563239789,-0.125)));
#1865=IFCINDEXEDPOLYCURVE(#1864,$,.F.);
#1866=IFCARBITRARYCLOSEDPROFILEDEF(.AREA.,'Wange - Farbe - 10 mm Breite',#1865);
#1867=IFCCARTESIANPOINT((-20.1021589707989,28.1636004722977,3.44948811800787));
#1868=IFCDIRECTION((0.859573108025254,0.,0.511012790407252));
#1869=IFCAXIS2PLACEMENT3D(#1867,#7,#1868);
#1870=IFCEXTRUDEDAREASOLID(#1866,#1869,#9,0.0100000000000021);
#1871=IFCSTYLEDITEM(#1870,(#1456),$);
#1872=IFCSHAPEREPRESENTATION(#24,'Body','SweptSolid',(#1870));
#1873=IFCPRODUCTDEFINITIONSHAPE($,$,(#1872));
#1874=IFCMEMBER('3WTFZLIDfCSgicLndgDPx2',#18,'Assembled Stair:Stair:495244 Stringer 5',$,'Stringer:Wange - Farbe - 10 mm Breite',#1863,#1873,'495251',.STRINGER.);
#1875=IFCAXIS2PLACEMENT3D(#3,$,$);
#1876=IFCLOCALPLACEMENT(#1627,#1875);
#1877=IFCCARTESIANPOINTLIST2D(((-1.94161818079745,-0.124682172966541),(2.0580788230043,-0.124682172966541),(1.94161818079744,0.124682172966541),(-2.0580788230043,0.124682172966541),(-1.94161818079745,-0.124682172966541)));
#1878=IFCINDEXEDPOLYCURVE(#1877,$,.F.);
#1879=IFCARBITRARYCLOSEDPROFILEDEF(.AREA.,'Wange - Farbe - 10 mm Breite',#1878);
#1880=IFCCARTESIANPOINT((-20.4917847842933,29.4331498923767,3.40473922701081));
#1881=IFCDIRECTION((0.906056929789349,0.,0.423155810524562));
#1882=IFCAXIS2PLACEMENT3D(#1880,#7,#1881);
#1883=IFCEXTRUDEDAREASOLID(#1879,#1882,#9,0.0100000000000021);
#1884=IFCSTYLEDITEM(#1883,(#1456),$);
#1885=IFCSHAPEREPRESENTATION(#24,'Body','SweptSolid',(#1883));
#1886=IFCPRODUCTDEFINITIONSHAPE($,$,(#1885));
#1887=IFCMEMBER('3WTFZLIDfCSgicLndgDPxn',#18,'Assembled Stair:Stair:495244 Stringer 6',$,'Stringer:Wange - Farbe - 10 mm Breite',#1876,#1886,'495264',.STRINGER.);
#1888=IFCPROPERTYSET('3GFZ7HAkeE1wpV2nIYAK$c',#18,'Pset_EnvironmentalImpactIndicators',$,(#1515));
#1889=IFCPROPERTYSINGLEVALUE('NumberOfRiser',$,IFCCOUNTMEASURE(27.),$);
#1890=IFCPROPERTYSINGLEVALUE('NumberOfTreads',$,IFCCOUNTMEASURE(26.),$);
#1891=IFCPROPERTYSINGLEVALUE('RiserHeight',$,IFCPOSITIVELENGTHMEASURE(0.162962962962963),$);
#1892=IFCPROPERTYSINGLEVALUE('TreadLength',$,IFCPOSITIVELENGTHMEASURE(0.309074074074074),$);
#1893=IFCPROPERTYSINGLEVALUE('WalkingLineOffset',$,IFCPOSITIVELENGTHMEASURE(2.06618999356787),$);
#1894=IFCPROPERTYSINGLEVALUE('TreadLengthAtOffset',$,IFCPOSITIVELENGTHMEASURE(0.309074074074074),$);
#1895=IFCPROPERTYSINGLEVALUE('TreadLengthAtInnerSide',$,IFCPOSITIVELENGTHMEASURE(0.309074074074074),$);
#1896=IFCPROPERTYSET('17E2g3$nM48$kQbrOUUBn3',#18,'Pset_StairCommon',$,(#76,#1515,#1521,#1889,#1890,#1891,#1892,#1893,#1894,#1895));
#1897=IFCPROPERTYSINGLEVALUE('NumberOfRiser',$,IFCCOUNTMEASURE(27.),$);
#1898=IFCPROPERTYSINGLEVALUE('NumberOfTreads',$,IFCCOUNTMEASURE(26.),$);
#1899=IFCPROPERTYSINGLEVALUE('RiserHeight',$,IFCPOSITIVELENGTHMEASURE(0.162962962962963),$);
#1900=IFCPROPERTYSINGLEVALUE('TreadLength',$,IFCPOSITIVELENGTHMEASURE(0.309074074074074),$);
#1901=IFCPROPERTYSINGLEVALUE('WalkingLineOffset',$,IFCPOSITIVELENGTHMEASURE(2.06618999356787),$);
#1902=IFCPROPERTYSINGLEVALUE('TreadLengthAtOffset',$,IFCPOSITIVELENGTHMEASURE(0.309074074074074),$);
#1903=IFCPROPERTYSINGLEVALUE('TreadLengthAtInnerSide',$,IFCPOSITIVELENGTHMEASURE(0.309074074074074),$);
#1904=IFCPROPERTYSET('2YkqhXv9k62JNy_sug3LX6',#18,'Pset_StairFlightCommon',$,(#1515,#1521,#1897,#1898,#1899,#1900,#1901,#1902,#1903));
#1905=IFCPROPERTYSET('1JNcegvLjdyBZlvc4IiFy0',#18,'Pset_EnvironmentalImpactIndicators',$,(#1534));
#1906=IFCPROPERTYSINGLEVALUE('NumberOfRiser',$,IFCCOUNTMEASURE(27.),$);
#1907=IFCPROPERTYSINGLEVALUE('NumberOfTreads',$,IFCCOUNTMEASURE(26.),$);
#1908=IFCPROPERTYSINGLEVALUE('RiserHeight',$,IFCPOSITIVELENGTHMEASURE(0.162962962962963),$);
#1909=IFCPROPERTYSINGLEVALUE('TreadLength',$,IFCPOSITIVELENGTHMEASURE(0.309074074074074),$);
#1910=IFCPROPERTYSINGLEVALUE('WalkingLineOffset',$,IFCPOSITIVELENGTHMEASURE(2.06618999356787),$);
#1911=IFCPROPERTYSINGLEVALUE('TreadLengthAtOffset',$,IFCPOSITIVELENGTHMEASURE(0.309074074074074),$);
#1912=IFCPROPERTYSINGLEVALUE('TreadLengthAtInnerSide',$,IFCPOSITIVELENGTHMEASURE(0.309074074074074),$);
#1913=IFCPROPERTYSET('1sbyFSYc0QviRdjON7$$LA',#18,'Pset_StairFlightCommon',$,(#1521,#1534,#1906,#1907,#1908,#1909,#1910,#1911,#1912));
#1914=IFCPROPERTYSET('32grEIId5DVofdRDN7fY59',#18,'Pset_EnvironmentalImpactIndicators',$,(#1544));
#1915=IFCPROPERTYSINGLEVALUE('Slope',$,IFCPLANEANGLEMEASURE(24.719411076791),$);
#1916=IFCPROPERTYSET('2py_jBsvmoi9WOezm5Vam9',#18,'Pset_MemberCommon',$,(#76,#1544,#1915));
#1917=IFCPROPERTYSET('2fJxdDDPnEOXrH0AW5V0so',#18,'Pset_EnvironmentalImpactIndicators',$,(#1544));
#1918=IFCPROPERTYSET('2kjcMgNzlCKU0JnSLqG3QG',#18,'Pset_MemberCommon',$,(#76,#1544,#1549));
#1919=IFCPROPERTYSET('05JDAjx3l7gTzG0K4h9Ml0',#18,'Pset_EnvironmentalImpactIndicators',$,(#1544));
#1920=IFCPROPERTYSINGLEVALUE('Slope',$,IFCPLANEANGLEMEASURE(30.4538801917515),$);
#1921=IFCPROPERTYSET('2BDgJkAZtTzL0W9g$XksFG',#18,'Pset_MemberCommon',$,(#76,#1544,#1920));
#1922=IFCPROPERTYSET('0_OSKsmrKdO13OVxj6Bynr',#18,'Pset_EnvironmentalImpactIndicators',$,(#1544));
#1923=IFCPROPERTYSINGLEVALUE('Slope',$,IFCPLANEANGLEMEASURE(30.7313147759231),$);
#1924=IFCPROPERTYSET('3MdGnSm7Dwfs_q08aVeEwG',#18,'Pset_MemberCommon',$,(#76,#1544,#1923));
#1925=IFCPROPERTYSET('1q74K55z8GNW_4IrfQafod',#18,'Pset_EnvironmentalImpactIndicators',$,(#1544));
#1926=IFCPROPERTYSINGLEVALUE('Slope',$,IFCPLANEANGLEMEASURE(25.033987944489),$);
#1927=IFCPROPERTYSET('1RASJxpxxjhobS$6PfrhhL',#18,'Pset_MemberCommon',$,(#76,#1544,#1926));
#1928=IFCRELDEFINESBYPROPERTIES('3hC_CMpCBgAMqMENTxChf$',#18,$,$,(#1628),#1888);
#1929=IFCRELDEFINESBYPROPERTIES('0dVYz4WNdk55$wYDU6Yqg5',#18,$,$,(#1628),#1896);
#1930=IFCRELDEFINESBYPROPERTIES('3s3tQ0boT4lRq8ie527qIm',#18,$,$,(#1628),#1904);
#1931=IFCRELDEFINESBYPROPERTIES('3w9Jo5ICuKK9DCvzHp_Cf_',#18,$,$,(#1823),#1905);
#1932=IFCRELDEFINESBYPROPERTIES('0evoABfVvxfyEWmBa38Ud$',#18,$,$,(#1823),#1913);
#1933=IFCRELDEFINESBYPROPERTIES('0RrEo51P1Uk8TtUs3Z16i1',#18,$,$,(#1835),#1914);
#1934=IFCRELDEFINESBYPROPERTIES('1Dhl$$$yycHTtVmXBffDV3',#18,$,$,(#1835),#1916);
#1935=IFCRELDEFINESBYPROPERTIES('3ZQfb5MPel_fA3XWltsexm',#18,$,$,(#1849),#1917);
#1936=IFCRELDEFINESBYPROPERTIES('1cMM$qOB$oljE8vqKJbfyM',#18,$,$,(#1849),#1918);
#1937=IFCRELDEFINESBYPROPERTIES('2tVaT3rXjTuekDsz07$Nkw',#18,$,$,(#1861),#1919);
#1938=IFCRELDEFINESBYPROPERTIES('3YNb6gmJTy4B7rEuNZQzv0',#18,$,$,(#1861),#1921);
#1939=IFCRELDEFINESBYPROPERTIES('01amrnqScGsfzeirNwL7qf',#18,$,$,(#1874),#1922);
#1940=IFCRELDEFINESBYPROPERTIES('2xw$YAslQqCPDgU$6pee1B',#18,$,$,(#1874),#1924);
#1941=IFCRELDEFINESBYPROPERTIES('2e_bjjVNSnz1jaDFBxA$wJ',#18,$,$,(#1887),#1925);
#1942=IFCRELDEFINESBYPROPERTIES('0xTA6ify4Tz5SFk4ocNMkH',#18,$,$,(#1887),#1927);
#1943=IFCAXIS2PLACEMENT3D(#3,$,$);
#1944=IFCLOCALPLACEMENT(#46,#1943);
#1945=IFCCARTESIANPOINTLIST2D(((-2.49999999999999,-7.59999999999999),(2.50000000000001,-7.59999999999999),(2.49999999999999,7.59999999999999),(-2.50000000000001,7.59999999999999),(-2.49999999999999,-7.59999999999999)));
#1946=IFCINDEXEDPOLYCURVE(#1945,$,.F.);
#1947=IFCARBITRARYCLOSEDPROFILEDEF(.AREA.,$,#1946);
#1948=IFCCARTESIANPOINT((-11.6054136353697,27.2531498923768,0.));
#1949=IFCAXIS2PLACEMENT3D(#1948,#10,#7);
#1950=IFCEXTRUDEDAREASOLID(#1947,#1949,#9,0.2);
#1951=IFCSTYLEDITEM(#1950,(#1156),$);
#1952=IFCSHAPEREPRESENTATION(#24,'Body','SweptSolid',(#1950));
#1953=IFCCARTESIANPOINTLIST2D(((-19.2054136353697,24.7531498923768),(-19.2054136353697,29.7531498923768),(-4.00541363536968,29.7531498923767),(-4.00541363536968,24.7531498923767),(-19.2054136353697,24.7531498923768)));
#1954=IFCINDEXEDPOLYCURVE(#1953,$,.F.);
#1955=IFCSHAPEREPRESENTATION(#26,'FootPrint','Curve2D',(#1954));
#1956=IFCPRODUCTDEFINITIONSHAPE($,$,(#1952,#1955));
#1957=IFCSLAB('04sjR4dpb6DOsPr6RR1X5f',#18,'Floor:STB 20.0:496723',$,'Floor:STB 20.0',#1944,#1956,'496723',.FLOOR.);
#1958=IFCPROPERTYSET('2bsRlne1AJkTBX$bZ9g1SS',#18,'Pset_EnvironmentalImpactIndicators',$,(#1167));
#1959=IFCPROPERTYSINGLEVALUE('Reference',$,IFCLABEL('STB 20.0'),$);
#1960=IFCPROPERTYSET('3eQJyJzRUOOjjP83fV5F_Y',#18,'Pset_ReinforcementBarPitchOfSlab',$,(#1959));
#1961=IFCPROPERTYSET('0J6Y6ycvX2htcddhM$25Lh',#18,'Pset_SlabCommon',$,(#76,#133,#1167,#1171));
#1962=IFCRELDEFINESBYPROPERTIES('0SE9LNbWh1m0xkBpiDmtmF',#18,$,$,(#1957),#1958);
#1963=IFCRELDEFINESBYPROPERTIES('2d9LIM7DGX4qL2IODmsHoS',#18,$,$,(#1957),#1960);
#1964=IFCRELDEFINESBYPROPERTIES('2HarmiTvF8YSIPNw0PyvWz',#18,$,$,(#1957),#1961);
#1965=IFCAXIS2PLACEMENT3D(#3,$,$);
#1966=IFCLOCALPLACEMENT(#46,#1965);
#1967=IFCCARTESIANPOINTLIST2D(((-2.49999999999999,-7.59999999999999),(2.50000000000001,-7.59999999999999),(2.49999999999999,7.59999999999999),(-2.50000000000001,7.59999999999999),(-2.49999999999999,-7.59999999999999)));
#1968=IFCINDEXEDPOLYCURVE(#1967,$,.F.);
#1969=IFCARBITRARYCLOSEDPROFILEDEF(.AREA.,$,#1968);
#1970=IFCCARTESIANPOINT((-11.5440591710597,-6.74685010762326,0.));
#1971=IFCAXIS2PLACEMENT3D(#1970,#10,#7);
#1972=IFCEXTRUDEDAREASOLID(#1969,#1971,#9,0.2);
#1973=IFCSTYLEDITEM(#1972,(#1156),$);
#1974=IFCSHAPEREPRESENTATION(#24,'Body','SweptSolid',(#1972));
#1975=IFCCARTESIANPOINTLIST2D(((-19.1440591710596,-9.24685010762324),(-19.1440591710596,-4.24685010762324),(-3.94405917105966,-4.24685010762329),(-3.94405917105967,-9.24685010762329),(-19.1440591710596,-9.24685010762324)));
#1976=IFCINDEXEDPOLYCURVE(#1975,$,.F.);
#1977=IFCSHAPEREPRESENTATION(#26,'FootPrint','Curve2D',(#1976));
#1978=IFCPRODUCTDEFINITIONSHAPE($,$,(#1974,#1977));
#1979=IFCSLAB('04sjR4dpb6DOsPr6RR1X5P',#18,'Floor:STB 20.0:496739',$,'Floor:STB 20.0',#1966,#1978,'496739',.FLOOR.);
#1980=IFCPROPERTYSET('3XtvKTN$fFahogxdGtaKNi',#18,'Pset_EnvironmentalImpactIndicators',$,(#1167));
#1981=IFCPROPERTYSINGLEVALUE('Reference',$,IFCLABEL('STB 20.0'),$);
#1982=IFCPROPERTYSET('0xiR8pV2nsx1$04KfzacfR',#18,'Pset_ReinforcementBarPitchOfSlab',$,(#1981));
#1983=IFCPROPERTYSET('1OSkZ8jGqSZ2xP18rdvK5Q',#18,'Pset_SlabCommon',$,(#76,#133,#1167,#1171));
#1984=IFCRELDEFINESBYPROPERTIES('0NspqxbAWKk4UD0xOL_QX0',#18,$,$,(#1979),#1980);
#1985=IFCRELDEFINESBYPROPERTIES('1th5ltc1UZqVqfmlipk9S$',#18,$,$,(#1979),#1982);
#1986=IFCRELDEFINESBYPROPERTIES('2t3cJU7n3qgsHgmmRaEYot',#18,$,$,(#1979),#1983);
#1987=IFCAXIS2PLACEMENT3D(#3,$,$);
#1988=IFCLOCALPLACEMENT(#46,#1987);
#1989=IFCCARTESIANPOINTLIST2D(((-14.5,-2.),(14.5,-2.),(14.5,2.),(-14.5,2.),(-14.5,-2.)));
#1990=IFCINDEXEDPOLYCURVE(#1989,$,.F.);
#1991=IFCARBITRARYCLOSEDPROFILEDEF(.AREA.,$,#1990);
#1992=IFCCARTESIANPOINT((-20.9940591710596,10.2531498923767,0.));
#1993=IFCAXIS2PLACEMENT3D(#1992,#10,#7);
#1994=IFCEXTRUDEDAREASOLID(#1991,#1993,#9,0.2);
#1995=IFCSTYLEDITEM(#1994,(#1156),$);
#1996=IFCSHAPEREPRESENTATION(#24,'Body','SweptSolid',(#1994));
#1997=IFCCARTESIANPOINTLIST2D(((-22.9940591710596,-4.24685010762328),(-22.9940591710596,24.7531498923767),(-18.9940591710596,24.7531498923767),(-18.9940591710596,-4.24685010762328),(-22.9940591710596,-4.24685010762328)));
#1998=IFCINDEXEDPOLYCURVE(#1997,$,.F.);
#1999=IFCSHAPEREPRESENTATION(#26,'FootPrint','Curve2D',(#1998));
#2000=IFCPRODUCTDEFINITIONSHAPE($,$,(#1996,#1999));
#2001=IFCSLAB('04sjR4dpb6DOsPr6RR1X6i',#18,'Floor:STB 20.0:496790',$,'Floor:STB 20.0',#1988,#2000,'496790',.FLOOR.);
#2002=IFCPROPERTYSET('14sAl1wi$hyqX859lX04Pb',#18,'Pset_EnvironmentalImpactIndicators',$,(#1167));
#2003=IFCPROPERTYSINGLEVALUE('Reference',$,IFCLABEL('STB 20.0'),$);
#2004=IFCPROPERTYSET('1jMx7B7oGh$rwNf3xa9Wjo',#18,'Pset_ReinforcementBarPitchOfSlab',$,(#2003));
#2005=IFCPROPERTYSET('097cE5Shzsvb1mu5yJFpvo',#18,'Pset_SlabCommon',$,(#76,#133,#1167,#1171));
#2006=IFCRELDEFINESBYPROPERTIES('0yoqaI9bfbKgNeUd686Je$',#18,$,$,(#2001),#2002);
#2007=IFCRELDEFINESBYPROPERTIES('2$KzB6b97XGiBfY6hN8q3E',#18,$,$,(#2001),#2004);
#2008=IFCRELDEFINESBYPROPERTIES('3fOA00vMShsMZe0cXfYddr',#18,$,$,(#2001),#2005);
#2009=IFCAXIS2PLACEMENT3D(#3,$,$);
#2010=IFCLOCALPLACEMENT(#42,#2009);
#2011=IFCSTAIR('04sjR4dpb6DOsPr6RR1X7L',#18,'Assembled Stair:Stair:496879',$,'Assembled Stair:Stahl - Stufen Holz',#2010,$,'496879',.NOTDEFINED.);
#2012=IFCAXIS2PLACEMENT3D(#3,$,$);
#2013=IFCLOCALPLACEMENT(#2010,#2012);
#2014=IFCCARTESIANPOINTLIST2D(((-0.154537037037032,-0.624774710039487),(0.154537037037041,-0.624774710039487),(0.154537037037033,0.624774710039483),(-0.154537037037041,0.624774710039483),(-0.154537037037032,-0.624774710039487)));
#2015=IFCINDEXEDPOLYCURVE(#2014,$,.F.);
#2016=IFCARBITRARYCLOSEDPROFILEDEF(.AREA.,'Holz Stufen mit 50 mm Auftritt',#2015);
#2017=IFCCARTESIANPOINT((-22.0399951391388,-4.27993274933344,0.438888888888889));
#2018=IFCAXIS2PLACEMENT3D(#2017,#9,#7);
#2019=IFCEXTRUDEDAREASOLID(#2016,#2018,#9,0.05);
#2020=IFCCARTESIANPOINTLIST2D(((-0.154537037037041,-0.624774710039485),(0.154537037037033,-0.624774710039485),(0.154537037037041,0.624774710039485),(-0.154537037037033,0.624774710039485),(-0.154537037037041,-0.624774710039485)));
#2021=IFCINDEXEDPOLYCURVE(#2020,$,.F.);
#2022=IFCARBITRARYCLOSEDPROFILEDEF(.AREA.,'Holz Stufen mit 50 mm Auftritt',#2021);
#2023=IFCCARTESIANPOINT((-22.0399951391388,-4.58900682340751,0.601851851851852));
#2024=IFCAXIS2PLACEMENT3D(#2023,#9,#7);
#2025=IFCEXTRUDEDAREASOLID(#2022,#2024,#9,0.0499999999999995);
#2026=IFCCARTESIANPOINTLIST2D(((-0.145922074192504,-0.624774710039487),(0.154537037037042,-0.624774710039483),(0.154537037037033,0.624774710039487),(-0.163151999881567,0.624774710039487),(-0.145922074192504,-0.624774710039487)));
#2027=IFCINDEXEDPOLYCURVE(#2026,$,.F.);
#2028=IFCARBITRARYCLOSEDPROFILEDEF(.AREA.,'Holz Stufen mit 50 mm Auftritt',#2027);
#2029=IFCCARTESIANPOINT((-22.0399951391388,-4.89808089748159,0.764814814814816));
#2030=IFCAXIS2PLACEMENT3D(#2029,#9,#7);
#2031=IFCEXTRUDEDAREASOLID(#2028,#2030,#9,0.0499999999999995);
#2032=IFCCARTESIANPOINTLIST2D(((-0.135776616594359,-0.624774710039481),(0.163151999881559,-0.624774710039485),(0.145922074192514,0.624774710039489),(-0.173297457479717,0.624774710039489),(-0.135776616594359,-0.624774710039481)));
#2033=IFCINDEXEDPOLYCURVE(#2032,$,.F.);
#2034=IFCARBITRARYCLOSEDPROFILEDEF(.AREA.,'Holz Stufen mit 50 mm Auftritt',#2033);
#2035=IFCCARTESIANPOINT((-22.0399951391388,-5.20715497155566,0.927777777777778));
#2036=IFCAXIS2PLACEMENT3D(#2035,#9,#7);
#2037=IFCEXTRUDEDAREASOLID(#2034,#2036,#9,0.0499999999999995);
#2038=IFCCARTESIANPOINTLIST2D(((-0.123653052950053,-0.624774710039487),(0.173297457479725,-0.624774710039487),(0.135776616594349,0.624774710039483),(-0.185421021124021,0.624774710039482),(-0.123653052950053,-0.624774710039487)));
#2039=IFCINDEXEDPOLYCURVE(#2038,$,.F.);
#2040=IFCARBITRARYCLOSEDPROFILEDEF(.AREA.,'Holz Stufen mit 50 mm Auftritt',#2039);
#2041=IFCCARTESIANPOINT((-22.0399951391388,-5.51622904562974,1.09074074074074));
#2042=IFCAXIS2PLACEMENT3D(#2041,#9,#7);
#2043=IFCEXTRUDEDAREASOLID(#2040,#2042,#9,0.0499999999999995);
#2044=IFCCARTESIANPOINTLIST2D(((-0.108910372342454,-0.624774710039485),(0.185421021124012,-0.624774710039485),(0.123653052950062,0.624774710039485),(-0.200163701731618,0.624774710039485),(-0.108910372342454,-0.624774710039485)));
#2045=IFCINDEXEDPOLYCURVE(#2044,$,.F.);
#2046=IFCARBITRARYCLOSEDPROFILEDEF(.AREA.,'Holz Stufen mit 50 mm Auftritt',#2045);
#2047=IFCCARTESIANPOINT((-22.0399951391388,-5.82530311970381,1.25370370370371));
#2048=IFCAXIS2PLACEMENT3D(#2047,#9,#7);
#2049=IFCEXTRUDEDAREASOLID(#2046,#2048,#9,0.0499999999999995);
#2050=IFCCARTESIANPOINTLIST2D(((-0.0905970623257356,-0.624774710039485),(0.200163701731619,-0.624774710039485),(0.108910372342455,0.624774710039485),(-0.218477011748339,0.624774710039489),(-0.0905970623257356,-0.624774710039485)));
#2051=IFCINDEXEDPOLYCURVE(#2050,$,.F.);
#2052=IFCARBITRARYCLOSEDPROFILEDEF(.AREA.,'Holz Stufen mit 50 mm Auftritt',#2051);
#2053=IFCCARTESIANPOINT((-22.0399951391388,-6.13437719377788,1.41666666666667));
#2054=IFCAXIS2PLACEMENT3D(#2053,#9,#7);
#2055=IFCEXTRUDEDAREASOLID(#2052,#2054,#9,0.0499999999999995);
#2056=IFCCARTESIANPOINTLIST2D(((-0.067237198571681,-0.624774710039486),(0.218477011748348,-0.624774710039486),(0.0905970623257261,0.624774710039486),(-0.241836875502394,0.624774710039481),(-0.067237198571681,-0.624774710039486)));
#2057=IFCINDEXEDPOLYCURVE(#2056,$,.F.);
#2058=IFCARBITRARYCLOSEDPROFILEDEF(.AREA.,'Holz Stufen mit 50 mm Auftritt',#2057);
#2059=IFCCARTESIANPOINT((-22.0399951391388,-6.44345126785196,1.57962962962963));
#2060=IFCAXIS2PLACEMENT3D(#2059,#9,#7);
#2061=IFCEXTRUDEDAREASOLID(#2058,#2060,#9,0.0499999999999995);
#2062=IFCCARTESIANPOINTLIST2D(((-0.0364114348650596,-0.624774710039485),(0.241836875502384,-0.624774710039485),(0.0672371985716905,0.624774710039485),(-0.272662639209014,0.624774710039489),(-0.0364114348650596,-0.624774710039485)));
#2063=IFCINDEXEDPOLYCURVE(#2062,$,.F.);
#2064=IFCARBITRARYCLOSEDPROFILEDEF(.AREA.,'Holz Stufen mit 50 mm Auftritt',#2063);
#2065=IFCCARTESIANPOINT((-22.0399951391388,-6.75252534192603,1.74259259259259));
#2066=IFCAXIS2PLACEMENT3D(#2065,#9,#7);
#2067=IFCEXTRUDEDAREASOLID(#2064,#2066,#9,0.0499999999999995);
#2068=IFCCARTESIANPOINTLIST2D(((0.0061401697150737,-0.624774710039485),(0.272662639209025,-0.624774710039485),(0.0364114348650495,0.624774710039486),(-0.315214243789148,0.62477471003948),(0.0061401697150737,-0.624774710039485)));
#2069=IFCINDEXEDPOLYCURVE(#2068,$,.F.);
#2070=IFCARBITRARYCLOSEDPROFILEDEF(.AREA.,'Holz Stufen mit 50 mm Auftritt',#2069);
#2071=IFCCARTESIANPOINT((-22.0399951391388,-7.06159941600011,1.90555555555556));
#2072=IFCAXIS2PLACEMENT3D(#2071,#9,#7);
#2073=IFCEXTRUDEDAREASOLID(#2070,#2072,#9,0.0499999999999995);
#2074=IFCCARTESIANPOINTLIST2D(((0.0686796153765894,-0.624774710039485),(0.315214243789138,-0.624774710039485),(-0.00614016971506354,0.624774710039485),(-0.377753689450662,0.624774710039489),(0.0686796153765894,-0.624774710039485)));
#2075=IFCINDEXEDPOLYCURVE(#2074,$,.F.);
#2076=IFCARBITRARYCLOSEDPROFILEDEF(.AREA.,'Holz Stufen mit 50 mm Auftritt',#2075);
#2077=IFCCARTESIANPOINT((-22.0399951391388,-7.37067349007418,2.06851851851852));
#2078=IFCAXIS2PLACEMENT3D(#2077,#9,#7);
#2079=IFCEXTRUDEDAREASOLID(#2076,#2078,#9,0.0499999999999995);
#2080=IFCCARTESIANPOINTLIST2D(((0.167753958505906,-0.624774710039477),(0.380106597788072,-0.624774710039477),(-0.0663267070392056,0.624774710039488),(-0.481533849254773,0.624774710039484),(0.167753958505906,-0.624774710039477)));
#2081=IFCINDEXEDPOLYCURVE(#2080,$,.F.);
#2082=IFCARBITRARYCLOSEDPROFILEDEF(.AREA.,'Holz Stufen mit 50 mm Auftritt',#2081);
#2083=IFCCARTESIANPOINT((-22.0399951391388,-7.68210047248565,2.23148148148148));
#2084=IFCAXIS2PLACEMENT3D(#2083,#9,#7);
#2085=IFCEXTRUDEDAREASOLID(#2082,#2084,#9,0.0499999999999995);
#2086=IFCCARTESIANPOINTLIST2D(((0.331744707376472,-0.624774710039489),(0.52066060063494,-0.624774710039489),(-0.128627207125713,0.624774710039485),(-0.723778100885695,0.624774710039489),(0.331744707376472,-0.624774710039489)));
#2087=IFCINDEXEDPOLYCURVE(#2086,$,.F.);
#2088=IFCARBITRARYCLOSEDPROFILEDEF(.AREA.,'Holz Stufen mit 50 mm Auftritt',#2087);
#2089=IFCCARTESIANPOINT((-22.0399951391388,-8.0350071146147,2.39444444444445));
#2090=IFCAXIS2PLACEMENT3D(#2089,#9,#7);
#2091=IFCEXTRUDEDAREASOLID(#2088,#2090,#9,0.0499999999999995);
#2092=IFCCARTESIANPOINTLIST2D(((-0.574121503096306,0.584661074007539),(0.0990436911164974,-0.664888346071427),(0.743544163034441,-0.664888346071422),(0.743544163034441,-0.447534132067199),(-0.506005257044537,0.607988676194967),(-0.506005257044537,0.584661074007539),(-0.574121503096306,0.584661074007539)));
#2093=IFCINDEXEDPOLYCURVE(#2092,$,.F.);
#2094=IFCARBITRARYCLOSEDPROFILEDEF(.AREA.,'Holz Stufen mit 50 mm Auftritt',#2093);
#2095=IFCCARTESIANPOINT((-21.9212256861439,-8.31125108343319,2.55740740740741));
#2096=IFCAXIS2PLACEMENT3D(#2095,#10,#6);
#2097=IFCEXTRUDEDAREASOLID(#2094,#2096,#10,0.0499999999999995);
#2098=IFCCARTESIANPOINTLIST2D(((-0.363891838527099,-0.624774710039484),(-0.170831974730641,-0.624774710039485),(0.502333219482155,0.624774710039485),(0.032390593775585,0.624774710039485),(-0.363891838527099,-0.624774710039484)));
#2099=IFCINDEXEDPOLYCURVE(#2098,$,.F.);
#2100=IFCARBITRARYCLOSEDPROFILEDEF(.AREA.,'Holz Stufen mit 50 mm Auftritt',#2099);
#2101=IFCCARTESIANPOINT((-21.5179361577782,-8.35136471946514,2.72037037037037));
#2102=IFCAXIS2PLACEMENT3D(#2101,#9,#6);
#2103=IFCEXTRUDEDAREASOLID(#2100,#2102,#9,0.0499999999999995);
#2104=IFCCARTESIANPOINTLIST2D(((-0.280959261745343,-0.624774710039485),(-0.0436041791143029,-0.624774710039484),(0.352678253188377,0.624774710039486),(-0.0281148123287307,0.624774710039485),(-0.280959261745343,-0.624774710039485)));
#2105=IFCINDEXEDPOLYCURVE(#2104,$,.F.);
#2106=IFCARBITRARYCLOSEDPROFILEDEF(.AREA.,'Holz Stufen mit 50 mm Auftritt',#2105);
#2107=IFCCARTESIANPOINT((-21.1976484983654,-8.35136471946514,2.88333333333333));
#2108=IFCAXIS2PLACEMENT3D(#2107,#9,#6);
#2109=IFCEXTRUDEDAREASOLID(#2106,#2108,#9,0.0499999999999995);
#2110=IFCCARTESIANPOINTLIST2D(((-0.236473049274955,-0.624774710039485),(0.0281148123287276,-0.624774710039485),(0.280959261745347,0.624774710039484),(-0.0726010247991192,0.624774710039485),(-0.236473049274955,-0.624774710039485)));
#2111=IFCINDEXEDPOLYCURVE(#2110,$,.F.);
#2112=IFCARBITRARYCLOSEDPROFILEDEF(.AREA.,'Holz Stufen mit 50 mm Auftritt',#2111);
#2113=IFCCARTESIANPOINT((-20.8885744242913,-8.35136471946514,3.0462962962963));
#2114=IFCAXIS2PLACEMENT3D(#2113,#9,#6);
#2115=IFCEXTRUDEDAREASOLID(#2112,#2114,#9,0.0499999999999995);
#2116=IFCCARTESIANPOINTLIST2D(((-0.206183564801107,-0.624774710039484),(0.0726010247991215,-0.624774710039484),(0.236473049274953,0.624774710039486),(-0.102890509272967,0.624774710039485),(-0.206183564801107,-0.624774710039484)));
#2117=IFCINDEXEDPOLYCURVE(#2116,$,.F.);
#2118=IFCARBITRARYCLOSEDPROFILEDEF(.AREA.,'Holz Stufen mit 50 mm Auftritt',#2117);
#2119=IFCCARTESIANPOINT((-20.5795003502173,-8.35136471946514,3.20925925925926));
#2120=IFCAXIS2PLACEMENT3D(#2119,#9,#6);
#2121=IFCEXTRUDEDAREASOLID(#2118,#2120,#9,0.0499999999999995);
#2122=IFCCARTESIANPOINTLIST2D(((-0.184230129620839,-0.624774710039486),(0.102890509272967,-0.624774710039485),(0.206183564801107,0.624774710039484),(-0.124843944453235,0.624774710039484),(-0.184230129620839,-0.624774710039486)));
#2123=IFCINDEXEDPOLYCURVE(#2122,$,.F.);
#2124=IFCARBITRARYCLOSEDPROFILEDEF(.AREA.,'Holz Stufen mit 50 mm Auftritt',#2123);
#2125=IFCCARTESIANPOINT((-20.2704262761432,-8.35136471946515,3.37222222222222));
#2126=IFCAXIS2PLACEMENT3D(#2125,#9,#6);
#2127=IFCEXTRUDEDAREASOLID(#2124,#2126,#9,0.0499999999999995);
#2128=IFCCARTESIANPOINTLIST2D(((-0.16758772598337,-0.624774710039484),(0.124843944453233,-0.624774710039486),(0.184230129620841,0.624774710039485),(-0.141486348090704,0.624774710039486),(-0.16758772598337,-0.624774710039484)));
#2129=IFCINDEXEDPOLYCURVE(#2128,$,.F.);
#2130=IFCARBITRARYCLOSEDPROFILEDEF(.AREA.,'Holz Stufen mit 50 mm Auftritt',#2129);
#2131=IFCCARTESIANPOINT((-19.9613522020691,-8.35136471946515,3.53518518518519));
#2132=IFCAXIS2PLACEMENT3D(#2131,#9,#6);
#2133=IFCEXTRUDEDAREASOLID(#2130,#2132,#9,0.0499999999999995);
#2134=IFCCARTESIANPOINTLIST2D(((-0.154537037037035,-0.624774710039485),(0.141486348090707,-0.624774710039485),(0.167587725983368,0.624774710039485),(-0.154537037037035,0.624774710039485),(-0.154537037037035,-0.624774710039485)));
#2135=IFCINDEXEDPOLYCURVE(#2134,$,.F.);
#2136=IFCARBITRARYCLOSEDPROFILEDEF(.AREA.,'Holz Stufen mit 50 mm Auftritt',#2135);
#2137=IFCCARTESIANPOINT((-19.652278127995,-8.35136471946515,3.69814814814815));
#2138=IFCAXIS2PLACEMENT3D(#2137,#9,#6);
#2139=IFCEXTRUDEDAREASOLID(#2136,#2138,#9,0.0499999999999995);
#2140=IFCCARTESIANPOINTLIST2D(((-0.154537037037037,-0.624774710039485),(0.154537037037037,-0.624774710039485),(0.154537037037037,0.624774710039485),(-0.154537037037037,0.624774710039485),(-0.154537037037037,-0.624774710039485)));
#2141=IFCINDEXEDPOLYCURVE(#2140,$,.F.);
#2142=IFCARBITRARYCLOSEDPROFILEDEF(.AREA.,'Holz Stufen mit 50 mm Auftritt',#2141);
#2143=IFCCARTESIANPOINT((-19.343204053921,-8.35136471946515,3.86111111111111));
#2144=IFCAXIS2PLACEMENT3D(#2143,#9,#6);
#2145=IFCEXTRUDEDAREASOLID(#2142,#2144,#9,0.0499999999999995);
#2146=IFCCARTESIANPOINTLIST2D(((-0.154537037037037,-0.624774710039485),(0.154537037037037,-0.624774710039485),(0.154537037037037,0.624774710039485),(-0.154537037037037,0.624774710039485),(-0.154537037037037,-0.624774710039485)));
#2147=IFCINDEXEDPOLYCURVE(#2146,$,.F.);
#2148=IFCARBITRARYCLOSEDPROFILEDEF(.AREA.,'Holz Stufen mit 50 mm Auftritt',#2147);
#2149=IFCCARTESIANPOINT((-19.0341299798469,-8.35136471946515,4.02407407407407));
#2150=IFCAXIS2PLACEMENT3D(#2149,#9,#6);
#2151=IFCEXTRUDEDAREASOLID(#2148,#2150,#9,0.0499999999999995);
#2152=IFCSTYLEDITEM(#2019,(#1407),$);
#2153=IFCSTYLEDITEM(#2025,(#1407),$);
#2154=IFCSTYLEDITEM(#2031,(#1407),$);
#2155=IFCSTYLEDITEM(#2037,(#1407),$);
#2156=IFCSTYLEDITEM(#2043,(#1407),$);
#2157=IFCSTYLEDITEM(#2049,(#1407),$);
#2158=IFCSTYLEDITEM(#2055,(#1407),$);
#2159=IFCSTYLEDITEM(#2061,(#1407),$);
#2160=IFCSTYLEDITEM(#2067,(#1407),$);
#2161=IFCSTYLEDITEM(#2073,(#1407),$);
#2162=IFCSTYLEDITEM(#2079,(#1407),$);
#2163=IFCSTYLEDITEM(#2085,(#1407),$);
#2164=IFCSTYLEDITEM(#2091,(#1407),$);
#2165=IFCSTYLEDITEM(#2097,(#1407),$);
#2166=IFCSTYLEDITEM(#2103,(#1407),$);
#2167=IFCSTYLEDITEM(#2109,(#1407),$);
#2168=IFCSTYLEDITEM(#2115,(#1407),$);
#2169=IFCSTYLEDITEM(#2121,(#1407),$);
#2170=IFCSTYLEDITEM(#2127,(#1407),$);
#2171=IFCSTYLEDITEM(#2133,(#1407),$);
#2172=IFCSTYLEDITEM(#2139,(#1407),$);
#2173=IFCSTYLEDITEM(#2145,(#1407),$);
#2174=IFCSTYLEDITEM(#2151,(#1407),$);
#2175=IFCSHAPEREPRESENTATION(#24,'Body','SweptSolid',(#2019,#2025,#2031,#2037,#2043,#2049,#2055,#2061,#2067,#2073,#2079,#2085,#2091,#2097,#2103,#2109,#2115,#2121,#2127,#2133,#2139,#2145,#2151));
#2176=IFCCARTESIANPOINTLIST2D(((-18.8795929428098,-7.72659000942567),(-21.4152204290993,-7.72659000942565),(-21.4152204290993,-4.12539571229641),(-22.6647698491783,-4.1253957122964),(-22.6647698491783,-8.97613942950461),(-18.8795929428099,-8.97613942950464),(-18.8795929428098,-7.72659000942567)));
#2177=IFCINDEXEDPOLYCURVE(#2176,$,.F.);
#2178=IFCGEOMETRICSET((#2177));
#2179=IFCSHAPEREPRESENTATION(#26,'FootPrint','GeometricSet',(#2178));
#2180=IFCCARTESIANPOINTLIST2D(((-22.0399951391388,-4.1253957122964),(-22.0399951391388,-7.72659000942565),(-21.8570028632821,-8.16837244360843),(-21.4152204290993,-8.35136471946514),(-18.8795929428098,-8.35136471946515)));
#2181=IFCINDEXEDPOLYCURVE(#2180,(IFCLINEINDEX((1,2)),IFCARCINDEX((2,3,4)),IFCLINEINDEX((4,5))),.F.);
#2182=IFCGEOMETRICSET((#2181));
#2183=IFCSHAPEREPRESENTATION(#23,'Axis','GeometricSet',(#2182));
#2184=IFCPRODUCTDEFINITIONSHAPE($,$,(#2175,#2179,#2183));
#2185=IFCSTAIRFLIGHT('04sjR4dpb6DOsPr6RR1X7A',#18,'Assembled Stair:Stair:496879 Run 1',$,'Non-Monolithic Run:Holz Stufen mit 50 mm Auftritt',#2013,#2184,'496880',$,$,$,$,.WINDER.);
#2186=IFCAXIS2PLACEMENT3D(#3,$,$);
#2187=IFCLOCALPLACEMENT(#2010,#2186);
#2188=IFCCARTESIANPOINTLIST2D(((-3.13944661872695,-0.103063531600307),(2.1434446704729,-0.103063531600304),(2.17731657180855,-0.0877458735987763),(2.07118778328531,0.146936468399697),(-3.25250240683981,0.146936468399693),(-3.13944661872695,-0.103063531600307)));
#2189=IFCINDEXEDPOLYCURVE(#2188,$,.F.);
#2190=IFCARBITRARYCLOSEDPROFILEDEF(.AREA.,'Wange - Farbe - 10 mm Breite',#2189);
#2191=IFCCARTESIANPOINT((-22.6747698491783,-7.0284070617299,1.71831513410849));
#2192=IFCDIRECTION((-0.,-0.911161909121952,0.412048510936807));
#2193=IFCAXIS2PLACEMENT3D(#2191,#5,#2192);
#2194=IFCEXTRUDEDAREASOLID(#2190,#2193,#9,0.0100000000000021);
#2195=IFCSTYLEDITEM(#2194,(#1456),$);
#2196=IFCSHAPEREPRESENTATION(#24,'Body','SweptSolid',(#2194));
#2197=IFCPRODUCTDEFINITIONSHAPE($,$,(#2196));
#2198=IFCMEMBER('04sjR4dpb6DOsPr6RR1X78',#18,'Assembled Stair:Stair:496879 Stringer 1',$,'Stringer:Wange - Farbe - 10 mm Breite',#2187,#2197,'496882',.STRINGER.);
#2199=IFCAXIS2PLACEMENT3D(#3,$,$);
#2201=IFCAXIS2PLACEMENT3D(#3,$,$);
#2202=IFCLOCALPLACEMENT(#2010,#2201);
#2203=IFCCARTESIANPOINTLIST2D(((-0.238762662197208,-0.00499999999999941),(0.238762662197213,-0.00499999999999941),(0.238762662197213,0.00500000000000049),(-0.238762662197208,0.00500000000000049),(-0.238762662197208,-0.00499999999999941)));
#2204=IFCINDEXEDPOLYCURVE(#2203,$,.F.);
#2205=IFCARBITRARYCLOSEDPROFILEDEF(.AREA.,'Wange - Farbe - 10 mm Breite',#2204);
#2206=IFCCARTESIANPOINT((-22.4360071869811,-8.98113942950462,2.42105093664089));
#2207=IFCAXIS2PLACEMENT3D(#2206,$,$);
#2208=IFCEXTRUDEDAREASOLID(#2205,#2207,#9,0.27437494642518);
#2209=IFCSTYLEDITEM(#2208,(#1456),$);
#2210=IFCSHAPEREPRESENTATION(#24,'Body','SweptSolid',(#2208));
#2211=IFCPRODUCTDEFINITIONSHAPE($,$,(#2210));
#2212=IFCMEMBER('04sjR4dpb6DOsPr6RR1X7E',#18,'Assembled Stair:Stair:496879 Stringer 3',$,'Stringer:Wange - Farbe - 10 mm Breite',#2202,#2211,'496884',.STRINGER.);
#2213=IFCAXIS2PLACEMENT3D(#3,$,$);
#2214=IFCLOCALPLACEMENT(#2010,#2213);
#2215=IFCCARTESIANPOINTLIST2D(((-2.0176119968708,-0.125000000000005),(2.167174525178,-0.124999999999995),(2.0176119968708,0.125000000000003),(-2.167174525178,0.124999999999995),(-2.0176119968708,-0.125000000000005)));
#2216=IFCINDEXEDPOLYCURVE(#2215,$,.F.);
#2217=IFCARBITRARYCLOSEDPROFILEDEF(.AREA.,'Wange - Farbe - 10 mm Breite',#2216);
#2218=IFCCARTESIANPOINT((-21.4152204290993,-5.92099286086103,1.41559831420064));
#2219=IFCDIRECTION((-0.,-0.858154717859075,0.513391157127011));
#2220=IFCAXIS2PLACEMENT3D(#2218,#5,#2219);
#2221=IFCEXTRUDEDAREASOLID(#2217,#2220,#9,0.0100000000000021);
#2222=IFCSTYLEDITEM(#2221,(#1456),$);
#2223=IFCSHAPEREPRESENTATION(#24,'Body','SweptSolid',(#2221));
#2224=IFCPRODUCTDEFINITIONSHAPE($,$,(#2223));
#2225=IFCMEMBER('04sjR4dpb6DOsPr6RR1X7F',#18,'Assembled Stair:Stair:496879 Stringer 4',$,'Stringer:Wange - Farbe - 10 mm Breite',#2214,#2224,'496885',.STRINGER.);
#2226=IFCAXIS2PLACEMENT3D(#3,$,$);
#2227=IFCLOCALPLACEMENT(#2010,#2226);
#2228=IFCCARTESIANPOINTLIST2D(((-1.40562959384741,-0.125000000000001),(1.55663048052377,-0.125000000000001),(1.4056295938474,0.124999999999999),(-1.55663048052377,0.125),(-1.40562959384741,-0.125000000000001)));
#2229=IFCINDEXEDPOLYCURVE(#2228,$,.F.);
#2230=IFCARBITRARYCLOSEDPROFILEDEF(.AREA.,'Wange - Farbe - 10 mm Breite',#2229);
#2231=IFCCARTESIANPOINT((-20.1474066859546,-7.72659000942566,3.36964809293975));
#2232=IFCDIRECTION((0.855977335760344,-0.,0.517013346698732));
#2233=IFCAXIS2PLACEMENT3D(#2231,#7,#2232);
#2234=IFCEXTRUDEDAREASOLID(#2230,#2233,#9,0.00999999999999989);
#2235=IFCSTYLEDITEM(#2234,(#1456),$);
#2236=IFCSHAPEREPRESENTATION(#24,'Body','SweptSolid',(#2234));
#2237=IFCPRODUCTDEFINITIONSHAPE($,$,(#2236));
#2238=IFCMEMBER('04sjR4dpb6DOsPr6RR1X7C',#18,'Assembled Stair:Stair:496879 Stringer 5',$,'Stringer:Wange - Farbe - 10 mm Breite',#2227,#2237,'496886',.STRINGER.);
#2239=IFCAXIS2PLACEMENT3D(#3,$,$);
#2240=IFCLOCALPLACEMENT(#2010,#2239);
#2241=IFCCARTESIANPOINTLIST2D(((-1.76882632155976,-0.12461401019407),(1.88357389268537,-0.12461401019407),(1.76882632155976,0.12461401019407),(-1.88357389268538,0.12461401019407),(-1.76882632155976,-0.12461401019407)));
#2242=IFCINDEXEDPOLYCURVE(#2241,$,.F.);
#2243=IFCARBITRARYCLOSEDPROFILEDEF(.AREA.,'Wange - Farbe - 10 mm Breite',#2242);
#2244=IFCCARTESIANPOINT((-20.5384187337969,-8.98613942950463,3.32198170862001));
#2245=IFCDIRECTION((0.908348315454173,-0.,0.418214463895699));
#2246=IFCAXIS2PLACEMENT3D(#2244,#7,#2245);
#2247=IFCEXTRUDEDAREASOLID(#2243,#2246,#9,0.00999999999999989);
#2248=IFCSTYLEDITEM(#2247,(#1456),$);
#2249=IFCSHAPEREPRESENTATION(#24,'Body','SweptSolid',(#2247));
#2250=IFCPRODUCTDEFINITIONSHAPE($,$,(#2249));
#2251=IFCMEMBER('04sjR4dpb6DOsPr6RR1X0v',#18,'Assembled Stair:Stair:496879 Stringer 6',$,'Stringer:Wange - Farbe - 10 mm Breite',#2240,#2250,'496899',.STRINGER.);
#2252=IFCPROPERTYSET('1bGFYRoXwOuvsfVVEAA4Sh',#18,'Pset_EnvironmentalImpactIndicators',$,(#1515));
#2253=IFCPROPERTYSINGLEVALUE('NumberOfRiser',$,IFCCOUNTMEASURE(24.),$);
#2254=IFCPROPERTYSINGLEVALUE('NumberOfTreads',$,IFCCOUNTMEASURE(23.),$);
#2255=IFCPROPERTYSINGLEVALUE('RiserHeight',$,IFCPOSITIVELENGTHMEASURE(0.162962962962963),$);
#2256=IFCPROPERTYSINGLEVALUE('TreadLength',$,IFCPOSITIVELENGTHMEASURE(0.309074074074074),$);
#2257=IFCPROPERTYSINGLEVALUE('WalkingLineOffset',$,IFCPOSITIVELENGTHMEASURE(2.0497857940928),$);
#2258=IFCPROPERTYSINGLEVALUE('TreadLengthAtOffset',$,IFCPOSITIVELENGTHMEASURE(0.309074074074074),$);
#2259=IFCPROPERTYSINGLEVALUE('TreadLengthAtInnerSide',$,IFCPOSITIVELENGTHMEASURE(0.309074074074074),$);
#2260=IFCPROPERTYSET('07r2lwgogRwDzOXuWzxs5w',#18,'Pset_StairCommon',$,(#76,#1515,#1521,#2253,#2254,#2255,#2256,#2257,#2258,#2259));
#2261=IFCPROPERTYSINGLEVALUE('NumberOfRiser',$,IFCCOUNTMEASURE(24.),$);
#2262=IFCPROPERTYSINGLEVALUE('NumberOfTreads',$,IFCCOUNTMEASURE(23.),$);
#2263=IFCPROPERTYSINGLEVALUE('RiserHeight',$,IFCPOSITIVELENGTHMEASURE(0.162962962962963),$);
#2264=IFCPROPERTYSINGLEVALUE('TreadLength',$,IFCPOSITIVELENGTHMEASURE(0.309074074074074),$);
#2265=IFCPROPERTYSINGLEVALUE('WalkingLineOffset',$,IFCPOSITIVELENGTHMEASURE(2.0497857940928),$);
#2266=IFCPROPERTYSINGLEVALUE('TreadLengthAtOffset',$,IFCPOSITIVELENGTHMEASURE(0.309074074074074),$);
#2267=IFCPROPERTYSINGLEVALUE('TreadLengthAtInnerSide',$,IFCPOSITIVELENGTHMEASURE(0.309074074074074),$);
#2268=IFCPROPERTYSET('0LVO4NfXn0Lh5vmww8ASsA',#18,'Pset_StairFlightCommon',$,(#1515,#1521,#2261,#2262,#2263,#2264,#2265,#2266,#2267));
#2269=IFCPROPERTYSET('2OPyu0vYz5BrMBYjrE3nVh',#18,'Pset_EnvironmentalImpactIndicators',$,(#1534));
#2270=IFCPROPERTYSINGLEVALUE('NumberOfRiser',$,IFCCOUNTMEASURE(24.),$);
#2271=IFCPROPERTYSINGLEVALUE('NumberOfTreads',$,IFCCOUNTMEASURE(23.),$);
#2272=IFCPROPERTYSINGLEVALUE('RiserHeight',$,IFCPOSITIVELENGTHMEASURE(0.162962962962963),$);
#2273=IFCPROPERTYSINGLEVALUE('TreadLength',$,IFCPOSITIVELENGTHMEASURE(0.309074074074074),$);
#2274=IFCPROPERTYSINGLEVALUE('WalkingLineOffset',$,IFCPOSITIVELENGTHMEASURE(2.0497857940928),$);
#2275=IFCPROPERTYSINGLEVALUE('TreadLengthAtOffset',$,IFCPOSITIVELENGTHMEASURE(0.309074074074074),$);
#2276=IFCPROPERTYSINGLEVALUE('TreadLengthAtInnerSide',$,IFCPOSITIVELENGTHMEASURE(0.309074074074074),$);
#2277=IFCPROPERTYSET('3zU80X_eTPG2xeQ66AKVCQ',#18,'Pset_StairFlightCommon',$,(#1521,#1534,#2270,#2271,#2272,#2273,#2274,#2275,#2276));
#2278=IFCPROPERTYSET('14JsLm46DOwzuJlHc7b2PV',#18,'Pset_EnvironmentalImpactIndicators',$,(#1544));
#2279=IFCPROPERTYSINGLEVALUE('Slope',$,IFCPLANEANGLEMEASURE(24.3335841742027),$);
#2280=IFCPROPERTYSET('2AE6TiMWMQzvHtWxBBHb5g',#18,'Pset_MemberCommon',$,(#76,#1544,#2279));
#2281=IFCPROPERTYSET('3UqakTkalJ_wncHyF5X7en',#18,'Pset_EnvironmentalImpactIndicators',$,(#1544));
#2282=IFCPROPERTYSET('0JLR8B5vi34FmPoici3_Sz',#18,'Pset_MemberCommon',$,(#76,#1544,#1549));
#2283=IFCPROPERTYSET('2aoSUbixc5vFUAcV5kfsFx',#18,'Pset_EnvironmentalImpactIndicators',$,(#1544));
#2284=IFCPROPERTYSINGLEVALUE('Slope',$,IFCPLANEANGLEMEASURE(30.8899781986622),$);
#2285=IFCPROPERTYSET('1cYvgk$37AKtxKHrM6VKIe',#18,'Pset_MemberCommon',$,(#76,#1544,#2284));
#2286=IFCPROPERTYSET('3LBcTbVvkUdnjOnrRkI_1R',#18,'Pset_EnvironmentalImpactIndicators',$,(#1544));
#2287=IFCPROPERTYSINGLEVALUE('Slope',$,IFCPLANEANGLEMEASURE(31.132125080768),$);
#2288=IFCPROPERTYSET('3bEvJZpjElTsPtba_PoD2N',#18,'Pset_MemberCommon',$,(#76,#1544,#2287));
#2289=IFCPROPERTYSET('2lVuJ5LFC2$RAPldRhMueg',#18,'Pset_EnvironmentalImpactIndicators',$,(#1544));
#2290=IFCPROPERTYSINGLEVALUE('Slope',$,IFCPLANEANGLEMEASURE(24.721910355717),$);
#2291=IFCPROPERTYSET('0ViJJ2mgF2Vz_BkrI4MM5y',#18,'Pset_MemberCommon',$,(#76,#1544,#2290));
#2292=IFCRELDEFINESBYPROPERTIES('2wEOR$_TlmIH7$sNEhP$7I',#18,$,$,(#2011),#2252);
#2293=IFCRELDEFINESBYPROPERTIES('2W2FEnQX6lRmvv3Dq7GfZp',#18,$,$,(#2011),#2260);
#2294=IFCRELDEFINESBYPROPERTIES('0ObuY5YyHLirTuUFVpG9L7',#18,$,$,(#2011),#2268);
#2295=IFCRELDEFINESBYPROPERTIES('0HOb4dM_5IXpVGxOJnuIWA',#18,$,$,(#2185),#2269);
#2296=IFCRELDEFINESBYPROPERTIES('3TkFgeialBoGhWQnYuzze7',#18,$,$,(#2185),#2277);
#2297=IFCRELDEFINESBYPROPERTIES('224s8Iu0AQBYlKMePxJKfl',#18,$,$,(#2198),#2278);
#2298=IFCRELDEFINESBYPROPERTIES('1KesC$Ys_MqM9mmJWI$E5Y',#18,$,$,(#2198),#2280);
#2299=IFCRELDEFINESBYPROPERTIES('0WBsjeL$i6Z3ghOwlKFsep',#18,$,$,(#2212),#2281);
#2300=IFCRELDEFINESBYPROPERTIES('0yO6nbY06pEhbc$JC4CoWb',#18,$,$,(#2212),#2282);
#2301=IFCRELDEFINESBYPROPERTIES('2MVHiZgQ4wihMuWp2N$CGt',#18,$,$,(#2225),#2283);
#2302=IFCRELDEFINESBYPROPERTIES('3l2JyWKogL156DV_q5_018',#18,$,$,(#2225),#2285);
#2303=IFCRELDEFINESBYPROPERTIES('3g2qvbl1goHTVG3bDpjf4a',#18,$,$,(#2238),#2286);
#2304=IFCRELDEFINESBYPROPERTIES('38bMabiUQJT2G78FKm5dEb',#18,$,$,(#2238),#2288);
#2305=IFCRELDEFINESBYPROPERTIES('0RVEwVG8YNXgrk5M4B6pfj',#18,$,$,(#2251),#2289);
#2306=IFCRELDEFINESBYPROPERTIES('3G6sY8ecu$2KCK5f63BP53',#18,$,$,(#2251),#2291);
#2307=IFCAXIS2PLACEMENT3D(#2309,$,$);
#2308=IFCLOCALPLACEMENT(#46,#2307);
#2309=IFCCARTESIANPOINT((-19.1440591710596,-9.24685010762324,-0.199999999999999));
#2310=IFCCARTESIANPOINT((-0.134185803714292,-17.));
#2311=IFCAXIS2PLACEMENT2D(#2310,#12);
#2312=IFCRECTANGLEPROFILEDEF(.AREA.,$,#2311,14.8816283925714,4.99999999999991);
#2313=IFCCARTESIANPOINT((7.575,19.5,0.2));
#2314=IFCAXIS2PLACEMENT3D(#2313,#10,#6);
#2315=IFCEXTRUDEDAREASOLID(#2312,#2314,#9,0.2);
#2316=IFCSTYLEDITEM(#2315,(#1156),$);
#2317=IFCSHAPEREPRESENTATION(#24,'Body','SweptSolid',(#2315));
#2318=IFCPRODUCTDEFINITIONSHAPE($,$,(#2317,#2331));
#2319=IFCCARTESIANPOINT((0.00567723215501958,17.));
#2320=IFCAXIS2PLACEMENT2D(#2319,#12);
#2321=IFCRECTANGLEPROFILEDEF(.AREA.,$,#2320,15.13864553569,4.99999999999999);
#2322=IFCCARTESIANPOINT((7.575,19.5,0.2));
#2323=IFCAXIS2PLACEMENT3D(#2322,#10,#6);
#2324=IFCEXTRUDEDAREASOLID(#2321,#2323,#9,0.2);
#2325=IFCSTYLEDITEM(#2324,(#1156),$);
#2326=IFCSHAPEREPRESENTATION(#24,'Body','SweptSolid',(#2324));
#2327=IFCPRODUCTDEFINITIONSHAPE($,$,(#2326,#2334));
#2328=IFCLOCALPLACEMENT(#46,#2307);
#2329=IFCCARTESIANPOINTLIST2D(((0.268371607428583,4.99999999999991),(15.15,4.99999999999991),(15.15,0.),(0.268371607428583,0.),(0.268371607428583,4.99999999999991)));
#2330=IFCINDEXEDPOLYCURVE(#2329,$,.F.);
#2331=IFCSHAPEREPRESENTATION(#26,'FootPrint','Curve2D',(#2330));
#2332=IFCCARTESIANPOINTLIST2D(((0.,39.),(15.13864553569,39.),(15.13864553569,34.),(0.,34.),(0.,39.)));
#2333=IFCINDEXEDPOLYCURVE(#2332,$,.F.);
#2334=IFCSHAPEREPRESENTATION(#26,'FootPrint','Curve2D',(#2333));
#2335=IFCSLAB('04sjR4dpb6DOsPr6RR1XwR',#18,'Floor:STB 20.0:498593',$,'Floor:STB 20.0',#2308,#2318,'498593',.FLOOR.);
#2336=IFCSLAB('23kYANCvvy1D9q8zTICGVw',#18,'Floor:STB 20.0:498593:2',$,'Floor:STB 20.0',#2328,#2327,'498593',.FLOOR.);
#2337=IFCPROPERTYSET('1wWvLzHuoXpDdEpM5LH16H',#18,'Pset_EnvironmentalImpactIndicators',$,(#1167));
#2338=IFCPROPERTYSINGLEVALUE('Reference',$,IFCLABEL('STB 20.0'),$);
#2339=IFCPROPERTYSET('3zO8Go52sH0KA2wnWGVSNI',#18,'Pset_ReinforcementBarPitchOfSlab',$,(#2338));
#2340=IFCPROPERTYSET('1OG1t29E3csZNyZxZB_rus',#18,'Pset_SlabCommon',$,(#76,#133,#1167,#1171));
#2341=IFCPROPERTYSET('3VVwHdyzoAylGrl2WlwIzu',#18,'Pset_EnvironmentalImpactIndicators',$,(#1167));
#2342=IFCPROPERTYSINGLEVALUE('Reference',$,IFCLABEL('STB 20.0'),$);
#2343=IFCPROPERTYSET('3LDJuW87zz6cnNckyYw6jR',#18,'Pset_ReinforcementBarPitchOfSlab',$,(#2342));
#2344=IFCPROPERTYSET('2QipjATrwRROj2nysB7eHN',#18,'Pset_SlabCommon',$,(#76,#133,#1167,#1171));
#2345=IFCRELDEFINESBYPROPERTIES('3AHldD6PiDGDRIcCMmzEIy',#18,$,$,(#2335),#2337);
#2346=IFCRELDEFINESBYPROPERTIES('264BT7LsWhPE_PpKVBZEKu',#18,$,$,(#2335),#2339);
#2347=IFCRELDEFINESBYPROPERTIES('1qskQRGbIkBqhwU3J0Blat',#18,$,$,(#2335),#2340);
#2348=IFCRELDEFINESBYPROPERTIES('0XElJRvJ0vGllCfv4CMNzH',#18,$,$,(#2336),#2341);
#2349=IFCRELDEFINESBYPROPERTIES('1lyCXAak6ctNT7_z$dRjbQ',#18,$,$,(#2336),#2343);
#2350=IFCRELDEFINESBYPROPERTIES('3in8fAI_ri5Wn4P0FVpr1j',#18,$,$,(#2336),#2344);
#2351=IFCCARTESIANPOINT((-19.0940591710596,29.6531498923767,-8.8));
#2352=IFCAXIS2PLACEMENT3D(#2351,#9,#6);
#2353=IFCLOCALPLACEMENT(#46,#2352);
#2354=IFCCARTESIANPOINTLIST3D(((-8.22479592027935E-16,0.,0.),(3.95750000000001,0.,0.)));
#2355=IFCINDEXEDPOLYCURVE(#2354,$,.F.);
#2356=IFCSHAPEREPRESENTATION(#23,'Axis','Curve3D',(#2355));
#2357=IFCCOLOURRGBLIST(((0.470588235294118,0.470588235294118,0.470588235294118)));
#2358=IFCINDEXEDPOLYGONALFACE((1,2,3,4,5,6,7));
#2359=IFCINDEXEDPOLYGONALFACE((8,9,10,11,12,13,14,15));
#2360=IFCINDEXEDPOLYGONALFACE((2,1,8,15));
#2361=IFCINDEXEDPOLYGONALFACE((7,6,11,10,9));
#2362=IFCINDEXEDPOLYGONALFACE((1,7,9,8));
#2363=IFCINDEXEDPOLYGONALFACE((12,5,4,3,14,13));
#2364=IFCINDEXEDPOLYGONALFACE((3,2,15,14));
#2365=IFCINDEXEDPOLYGONALFACE((6,5,12,11));
#2366=IFCCARTESIANPOINTLIST3D(((-4.83102518575498E-16,-0.057500000000001,0.),(3.70000000000001,-0.057500000000001,0.),(3.70000000000001,-0.057500000000001,8.8),(3.90000000000001,-0.0574999999999974,8.8),(3.95750000000001,-0.0574999999999974,8.8),(3.95750000000001,-0.0574999999999974,13.2),(-4.83102518575498E-16,-0.057500000000001,13.2),(-8.66270887404163E-16,0.057500000000001,0.),(-8.66270887404163E-16,0.057500000000001,13.2),(3.84250000000001,0.057500000000001,13.2),(3.95750000000001,0.0575000000000045,13.2),(3.95750000000001,0.0575000000000045,8.8),(3.84250000000001,0.057500000000001,8.8),(3.70000000000001,0.057500000000001,8.8),(3.70000000000001,0.057500000000001,0.)));
#2367=IFCPOLYGONALFACESET(#2366,.T.,(#2358,#2359,#2360,#2361,#2362,#2363,#2364,#2365),$);
#2368=IFCINDEXEDCOLOURMAP(#2367,1.,#2357,(1,1,1,1,1,1,1,1));
#2369=IFCCOLOURRGB($,0.470588235294118,0.470588235294118,0.470588235294118);
#2370=IFCSURFACESTYLERENDERING(#2369,0.,$,$,$,$,IFCNORMALISEDRATIOMEASURE(0.5),IFCSPECULAREXPONENT(64.),.NOTDEFINED.);
#2371=IFCSURFACESTYLE('Glass Brick',.BOTH.,(#2370));
#2372=IFCSTYLEDITEM(#2367,(#2371),$);
#2373=IFCSHAPEREPRESENTATION(#24,'Body','Tessellation',(#2367));
#2374=IFCPRODUCTDEFINITIONSHAPE($,$,(#2356,#2373));
#2375=IFCWALL('20LeAmtxjFagTYkRE7cxF1',#18,'Basic Wall:Glas Wall:498969',$,'Basic Wall:Glas Wall',#2353,#2374,'498969',.NOTDEFINED.);
#2376=IFCMATERIAL('Glass Brick',$,'Glass');
#2377=IFCWALLTYPE('13xl8PaynC9gvSku2ATZDC',#18,'Basic Wall:Glas Wall',$,$,(#2387,#2396),$,'260299',$,.STANDARD.);
#2378=IFCPROPERTYSINGLEVALUE('Reference',$,IFCIDENTIFIER('Glas Wall'),$);
#2379=IFCPROPERTYSET('3ZY9Hx8Hr01d1nqDvwE_0Z',#18,'Pset_EnvironmentalImpactIndicators',$,(#2378));
#2380=IFCPROPERTYSINGLEVALUE('Reference',$,IFCLABEL('Glas Wall'),$);
#2381=IFCPROPERTYSET('0EJXMC_JMo0wWhL_0ueO1n',#18,'Pset_ReinforcementBarPitchOfWall',$,(#2380));
#2382=IFCPROPERTYSET('099TBiqOzbnoP3ivZSTLSi',#18,'Pset_WallCommon',$,(#76,#636,#776,#2378));
#2383=IFCRELDEFINESBYPROPERTIES('2kyulXskg6y8TXoR9YXtYW',#18,$,$,(#2375),#2379);
#2384=IFCRELDEFINESBYPROPERTIES('2etVQVxDRkiIc9vCGqJJIT',#18,$,$,(#2375),#2381);
#2385=IFCRELDEFINESBYPROPERTIES('1t6b3LuvUob6qhf9geewtU',#18,$,$,(#2375),#2382);
#2386=IFCPROPERTYSINGLEVALUE('Description',$,IFCTEXT('KS-Wand'),$);
#2387=IFCPROPERTYSET('0S$n5Zd0Btx9apwTCHe1Pu',#18,'Pset_ReinforcementBarPitchOfWall',$,(#2386));
#2388=IFCSIUNIT(*,.MASSUNIT.,.KILO.,.GRAM.);
#2389=IFCDERIVEDUNITELEMENT(#2388,1);
#2390=IFCSIUNIT(*,.THERMODYNAMICTEMPERATUREUNIT.,$,.KELVIN.);
#2391=IFCDERIVEDUNITELEMENT(#2390,-1);
#2392=IFCSIUNIT(*,.TIMEUNIT.,$,.SECOND.);
#2393=IFCDERIVEDUNITELEMENT(#2392,-3);
#2394=IFCDERIVEDUNIT((#2389,#2391,#2393),.THERMALTRANSMITTANCEUNIT.,$);
#2395=IFCPROPERTYSINGLEVALUE('ThermalTransmittance',$,IFCTHERMALTRANSMITTANCEMEASURE(1.95652173913043),$);
#2396=IFCPROPERTYSET('31jRZYOVomlZWvzESfVij$',#18,'Pset_WallCommon',$,(#2395));
#2397=IFCCARTESIANPOINT((-22.9940591710596,29.5956498923767,0.));
#2398=IFCAXIS2PLACEMENT3D(#2397,#9,#8);
#2399=IFCLOCALPLACEMENT(#46,#2398);
#2400=IFCCARTESIANPOINTLIST3D(((0.,-3.45898509886594E-16,0.),(4.9,-3.45898509886594E-16,0.)));
#2401=IFCINDEXEDPOLYCURVE(#2400,$,.F.);
#2402=IFCSHAPEREPRESENTATION(#23,'Axis','Curve3D',(#2401));
#2403=IFCCARTESIANPOINTLIST2D(((4.9,0.0574999999999999),(-1.01656914179033E-16,0.0574999999999999),(1.01656914179033E-16,-0.0574999999999999),(4.9,-0.0574999999999999),(4.9,0.0574999999999999)));
#2404=IFCINDEXEDPOLYCURVE(#2403,$,.F.);
#2405=IFCARBITRARYCLOSEDPROFILEDEF(.AREA.,$,#2404);
#2406=IFCAXIS2PLACEMENT3D(#3,$,$);
#2407=IFCEXTRUDEDAREASOLID(#2405,#2406,#9,4.4);
#2408=IFCSTYLEDITEM(#2407,(#2371),$);
#2409=IFCSHAPEREPRESENTATION(#24,'Body','SweptSolid',(#2407));
#2410=IFCPRODUCTDEFINITIONSHAPE($,$,(#2402,#2409));
#2411=IFCWALL('20LeAmtxjFagTYkRE7cxDJ',#18,'Basic Wall:Glas Wall:499083',$,'Basic Wall:Glas Wall',#2399,#2410,'499083',.NOTDEFINED.);
#2412=IFCPROPERTYSET('11331RByvDuY$j_cr$8y_$',#18,'Pset_EnvironmentalImpactIndicators',$,(#2378));
#2413=IFCPROPERTYSINGLEVALUE('Reference',$,IFCLABEL('Glas Wall'),$);
#2414=IFCPROPERTYSET('2OdQQ07wlq4Mze0X0hIfJR',#18,'Pset_ReinforcementBarPitchOfWall',$,(#2413));
#2415=IFCPROPERTYSET('0JYN1_LP8dCjlqxcIgaC7Z',#18,'Pset_WallCommon',$,(#76,#636,#776,#2378));
#2416=IFCRELDEFINESBYPROPERTIES('1QrvC3a9blqbA$IiSBSD8O',#18,$,$,(#2411),#2412);
#2417=IFCRELDEFINESBYPROPERTIES('0iYWUmX0YADwHrPO$ZDZMY',#18,$,$,(#2411),#2414);
#2418=IFCRELDEFINESBYPROPERTIES('2JkGWXMBUb6aBglWTC90Yn',#18,$,$,(#2411),#2415);
#2419=IFCCARTESIANPOINT((-22.9365591710597,24.7531498923767,0.));
#2420=IFCAXIS2PLACEMENT3D(#2419,$,$);
#2421=IFCLOCALPLACEMENT(#46,#2420);
#2422=IFCCARTESIANPOINTLIST3D(((-1.32563947761334E-15,0.,0.),(3.84250000000001,0.,0.)));
#2423=IFCINDEXEDPOLYCURVE(#2422,$,.F.);
#2424=IFCSHAPEREPRESENTATION(#23,'Axis','Curve3D',(#2423));
#2425=IFCCARTESIANPOINTLIST2D(((3.84250000000001,0.0574999999999999),(-1.94252191979719E-16,0.0574999999999999),(1.94252191979719E-16,-0.0574999999999999),(3.84250000000001,-0.0574999999999999),(3.84250000000001,0.0574999999999999)));
#2426=IFCINDEXEDPOLYCURVE(#2425,$,.F.);
#2427=IFCARBITRARYCLOSEDPROFILEDEF(.AREA.,$,#2426);
#2428=IFCAXIS2PLACEMENT3D(#3,$,$);
#2429=IFCEXTRUDEDAREASOLID(#2427,#2428,#9,4.4);
#2430=IFCSTYLEDITEM(#2429,(#2371),$);
#2431=IFCSHAPEREPRESENTATION(#24,'Body','SweptSolid',(#2429));
#2432=IFCPRODUCTDEFINITIONSHAPE($,$,(#2424,#2431));
#2433=IFCWALL('20LeAmtxjFagTYkRE7cxCC',#18,'Basic Wall:Glas Wall:499156',$,'Basic Wall:Glas Wall',#2421,#2432,'499156',.NOTDEFINED.);
#2434=IFCPROPERTYSET('1HMInnik9dcc_aULy7GKGQ',#18,'Pset_EnvironmentalImpactIndicators',$,(#2378));
#2435=IFCPROPERTYSINGLEVALUE('Reference',$,IFCLABEL('Glas Wall'),$);
#2436=IFCPROPERTYSET('15D8i54aK8$uu8XqbixtUD',#18,'Pset_ReinforcementBarPitchOfWall',$,(#2435));
#2437=IFCPROPERTYSET('3azfUUjJcSJZAvhU6mHtk$',#18,'Pset_WallCommon',$,(#76,#636,#776,#2378));
#2438=IFCRELDEFINESBYPROPERTIES('1nQb07J5Oa5iQ$zvOlidq9',#18,$,$,(#2433),#2434);
#2439=IFCRELDEFINESBYPROPERTIES('3DLlAoCaax$xYhLWFfBLIe',#18,$,$,(#2433),#2436);
#2440=IFCRELDEFINESBYPROPERTIES('3wnt5M4e30zjM7YE7ZvIgE',#18,$,$,(#2433),#2437);
#2441=IFCCARTESIANPOINT((-19.0940591710596,24.8106498923767,0.));
#2442=IFCAXIS2PLACEMENT3D(#2441,#9,#7);
#2443=IFCLOCALPLACEMENT(#46,#2442);
#2444=IFCCARTESIANPOINTLIST3D(((0.,1.65187153108426E-16,0.),(3.3425,1.09146034042041E-16,0.)));
#2445=IFCINDEXEDPOLYCURVE(#2444,$,.F.);
#2446=IFCSHAPEREPRESENTATION(#23,'Axis','Curve3D',(#2445));
#2447=IFCCARTESIANPOINTLIST2D(((-0.0574999999999978,-2.18083333333334),(0.0575000000000021,-2.18083333333334),(0.0575000000000086,1.16166666666667),(8.66293703438714E-15,1.16166666666667),(-3.46517481375486E-14,1.01916666666666),(-0.0574999999999913,1.01916666666667),(-0.0574999999999978,-2.18083333333334)));
#2448=IFCINDEXEDPOLYCURVE(#2447,$,.F.);
#2449=IFCARBITRARYCLOSEDPROFILEDEF(.AREA.,'Glas Wall',#2448);
#2450=IFCCARTESIANPOINT((1.16166666666667,-0.,0.));
#2451=IFCAXIS2PLACEMENT3D(#2450,#9,#7);
#2452=IFCEXTRUDEDAREASOLID(#2449,#2451,#9,4.4);
#2453=IFCSTYLEDITEM(#2452,(#2371),$);
#2454=IFCSHAPEREPRESENTATION(#24,'Body','SweptSolid',(#2452));
#2455=IFCPRODUCTDEFINITIONSHAPE($,$,(#2446,#2454));
#2456=IFCWALL('20LeAmtxjFagTYkRE7cx1x',#18,'Basic Wall:Glas Wall:499363',$,'Basic Wall:Glas Wall',#2443,#2455,'499363',.NOTDEFINED.);
#2457=IFCPROPERTYSET('2tBcmBE373oule59w6ddIa',#18,'Pset_EnvironmentalImpactIndicators',$,(#2378));
#2458=IFCPROPERTYSINGLEVALUE('Reference',$,IFCLABEL('Glas Wall'),$);
#2459=IFCPROPERTYSET('3f6vCcz5Jh826yF0n9woBp',#18,'Pset_ReinforcementBarPitchOfWall',$,(#2458));
#2460=IFCPROPERTYSET('1IsZ$kiHZF6yVcjxshKLc3',#18,'Pset_WallCommon',$,(#76,#636,#776,#2378));
#2461=IFCRELDEFINESBYPROPERTIES('17Nft7OaaSSt8QPFyJMThN',#18,$,$,(#2456),#2457);
#2462=IFCRELDEFINESBYPROPERTIES('0aWIppx2jgngtJ2ZHPsp11',#18,$,$,(#2456),#2459);
#2463=IFCRELDEFINESBYPROPERTIES('0mPVVRh0YBxCiH_pZWoJoP',#18,$,$,(#2456),#2460);
#2464=IFCCARTESIANPOINT((-19.0365591710596,-4.32225718618808,0.));
#2465=IFCAXIS2PLACEMENT3D(#2464,#9,#6);
#2466=IFCLOCALPLACEMENT(#46,#2465);
#2467=IFCCARTESIANPOINTLIST3D(((7.5881602157187E-16,0.,0.),(3.95750000000001,5.41433564649196E-16,0.)));
#2468=IFCINDEXEDPOLYCURVE(#2467,$,.F.);
#2469=IFCSHAPEREPRESENTATION(#23,'Axis','Curve3D',(#2468));
#2470=IFCCARTESIANPOINTLIST2D(((3.95750000000001,0.0575000000000001),(-1.9158418441433E-16,0.0574999999999999),(1.9158418441433E-16,-0.0574999999999999),(3.95750000000001,-0.0574999999999997),(3.95750000000001,0.0575000000000001)));
#2471=IFCINDEXEDPOLYCURVE(#2470,$,.F.);
#2472=IFCARBITRARYCLOSEDPROFILEDEF(.AREA.,$,#2471);
#2473=IFCAXIS2PLACEMENT3D(#3,$,$);
#2474=IFCEXTRUDEDAREASOLID(#2472,#2473,#9,4.4);
#2475=IFCSTYLEDITEM(#2474,(#2371),$);
#2476=IFCSHAPEREPRESENTATION(#24,'Body','SweptSolid',(#2474));
#2477=IFCPRODUCTDEFINITIONSHAPE($,$,(#2469,#2476));
#2478=IFCWALL('20LeAmtxjFagTYkRE7cuxn',#18,'Basic Wall:Glas Wall:499753',$,'Basic Wall:Glas Wall',#2466,#2477,'499753',.NOTDEFINED.);
#2479=IFCPROPERTYSET('03cjjYzvMfpR2ivIVttaoe',#18,'Pset_EnvironmentalImpactIndicators',$,(#2378));
#2480=IFCPROPERTYSINGLEVALUE('Reference',$,IFCLABEL('Glas Wall'),$);
#2481=IFCPROPERTYSET('23khJRPf6prVq6WCo27RSN',#18,'Pset_ReinforcementBarPitchOfWall',$,(#2480));
#2482=IFCPROPERTYSET('3fcJedqgINDUfhFjnkfrjI',#18,'Pset_WallCommon',$,(#76,#636,#776,#2378));
#2483=IFCRELDEFINESBYPROPERTIES('0vsGV0OOmrXIz7NmNcq_X9',#18,$,$,(#2478),#2479);
#2484=IFCRELDEFINESBYPROPERTIES('2j4v$NGGR6O8nMppxSNVRZ',#18,$,$,(#2478),#2481);
#2485=IFCRELDEFINESBYPROPERTIES('1pgpEIrH3WQAdfhnqapAnH',#18,$,$,(#2478),#2482);
#2486=IFCCARTESIANPOINT((-22.9365591710596,-4.37975718618807,0.));
#2487=IFCAXIS2PLACEMENT3D(#2486,#9,#8);
#2488=IFCLOCALPLACEMENT(#46,#2487);
#2489=IFCCARTESIANPOINTLIST3D(((0.,-9.19761375233701E-16,0.),(4.8425,-1.02141828941273E-15,0.)));
#2490=IFCINDEXEDPOLYCURVE(#2489,$,.F.);
#2491=IFCSHAPEREPRESENTATION(#23,'Axis','Curve3D',(#2490));
#2492=IFCCARTESIANPOINTLIST2D(((4.8425,0.0574999999999998),(-1.01656914179033E-16,0.0574999999999999),(1.01656914179033E-16,-0.0574999999999999),(4.8425,-0.0575),(4.8425,0.0574999999999998)));
#2493=IFCINDEXEDPOLYCURVE(#2492,$,.F.);
#2494=IFCARBITRARYCLOSEDPROFILEDEF(.AREA.,$,#2493);
#2495=IFCAXIS2PLACEMENT3D(#3,$,$);
#2496=IFCEXTRUDEDAREASOLID(#2494,#2495,#9,4.4);
#2497=IFCSTYLEDITEM(#2496,(#2371),$);
#2498=IFCSHAPEREPRESENTATION(#24,'Body','SweptSolid',(#2496));
#2499=IFCPRODUCTDEFINITIONSHAPE($,$,(#2491,#2498));
#2500=IFCWALL('20LeAmtxjFagTYkRE7cuxo',#18,'Basic Wall:Glas Wall:499754',$,'Basic Wall:Glas Wall',#2488,#2499,'499754',.NOTDEFINED.);
#2501=IFCPROPERTYSET('1xAdsXPujKqH8nwvO9pzwo',#18,'Pset_EnvironmentalImpactIndicators',$,(#2378));
#2502=IFCPROPERTYSINGLEVALUE('Reference',$,IFCLABEL('Glas Wall'),$);
#2503=IFCPROPERTYSET('0$5P4Q8lCo2kv73kVeMH4K',#18,'Pset_ReinforcementBarPitchOfWall',$,(#2502));
#2504=IFCPROPERTYSET('05p5eMmTSsxVbsQodQTQLE',#18,'Pset_WallCommon',$,(#76,#636,#776,#2378));
#2505=IFCRELDEFINESBYPROPERTIES('1cgMoIEWzdIJm_ff0v6JaJ',#18,$,$,(#2500),#2501);
#2506=IFCRELDEFINESBYPROPERTIES('3oqMpOkpTVc0RqFuvQHSPw',#18,$,$,(#2500),#2503);
#2507=IFCRELDEFINESBYPROPERTIES('38RhO72wgjtDhrvtBdVbUs',#18,$,$,(#2500),#2504);
#2508=IFCCARTESIANPOINT((-22.8790591710597,-9.16475718618807,-8.8));
#2509=IFCAXIS2PLACEMENT3D(#2508,$,$);
#2510=IFCLOCALPLACEMENT(#46,#2509);
#2511=IFCCARTESIANPOINTLIST3D(((6.41010334061013E-16,0.,0.),(3.84250000000001,0.,0.)));
#2512=IFCINDEXEDPOLYCURVE(#2511,$,.F.);
#2513=IFCSHAPEREPRESENTATION(#23,'Axis','Curve3D',(#2512));
#2514=IFCCOLOURRGBLIST(((0.470588235294118,0.470588235294118,0.470588235294118)));
#2515=IFCINDEXEDPOLYGONALFACE((1,2,3,4,5,6,7,8));
#2516=IFCINDEXEDPOLYGONALFACE((9,10,11,12,13,14,15,16));
#2517=IFCINDEXEDPOLYGONALFACE((2,1,9,16));
#2518=IFCINDEXEDPOLYGONALFACE((6,5,13,12));
#2519=IFCINDEXEDPOLYGONALFACE((3,2,16,15));
#2520=IFCINDEXEDPOLYGONALFACE((14,4,3,15));
#2521=IFCINDEXEDPOLYGONALFACE((5,4,14,13));
#2522=IFCINDEXEDPOLYGONALFACE((7,11,10,8));
#2523=IFCINDEXEDPOLYGONALFACE((1,8,10,9));
#2524=IFCINDEXEDPOLYGONALFACE((7,6,12,11));
#2525=IFCCARTESIANPOINTLIST3D(((0.0849999999999432,-0.0574999999999992,0.),(3.84250000000001,-0.0574999999999992,0.),(3.84250000000001,-0.0574999999999992,8.8),(3.78500000000002,-0.0574999999999992,8.8),(3.78500000000002,-0.0574999999999992,13.2),(-8.18880962808777E-16,-0.057500000000001,13.2),(-8.18880962808777E-16,-0.057500000000001,8.8),(0.0849999999999432,-0.0574999999999992,8.8),(0.0849999999999428,0.057500000000001,0.),(0.0849999999999428,0.0574999999999992,8.8),(-1.20738534676822E-15,0.0574999999999992,8.8),(-1.20738534676822E-15,0.0574999999999992,13.2),(3.78500000000002,0.057500000000001,13.2),(3.78500000000002,0.057500000000001,8.8),(3.84250000000001,0.057500000000001,8.8),(3.84250000000001,0.057500000000001,0.)));
#2526=IFCPOLYGONALFACESET(#2525,.T.,(#2515,#2516,#2517,#2518,#2519,#2520,#2521,#2522,#2523,#2524),$);
#2527=IFCINDEXEDCOLOURMAP(#2526,1.,#2514,(1,1,1,1,1,1,1,1,1,1));
#2528=IFCSTYLEDITEM(#2526,(#2371),$);
#2529=IFCSHAPEREPRESENTATION(#24,'Body','Tessellation',(#2526));
#2530=IFCPRODUCTDEFINITIONSHAPE($,$,(#2513,#2529));
#2531=IFCWALL('20LeAmtxjFagTYkRE7cuxp',#18,'Basic Wall:Glas Wall:499755',$,'Basic Wall:Glas Wall',#2510,#2530,'499755',.NOTDEFINED.);
#2532=IFCPROPERTYSET('1d2K0GlgIe8sWHb5xuKCQW',#18,'Pset_EnvironmentalImpactIndicators',$,(#2378));
#2533=IFCPROPERTYSINGLEVALUE('Reference',$,IFCLABEL('Glas Wall'),$);
#2534=IFCPROPERTYSET('2DEuiyeaObt3fWvgKfJrAS',#18,'Pset_ReinforcementBarPitchOfWall',$,(#2533));
#2535=IFCPROPERTYSET('3af4LX1s2iym2zLVIFrLW0',#18,'Pset_WallCommon',$,(#76,#636,#776,#2378));
#2536=IFCRELDEFINESBYPROPERTIES('0uV4yUuSNjJTlY7Mb2oaPC',#18,$,$,(#2531),#2532);
#2537=IFCRELDEFINESBYPROPERTIES('0mXUeOiWsGRF7W8A30gOso',#18,$,$,(#2531),#2534);
#2538=IFCRELDEFINESBYPROPERTIES('1jV9tlg0E8Faa_MetpNDWa',#18,$,$,(#2531),#2535);
#2539=IFCCARTESIANPOINT((-19.0365591710596,-9.04685010762328,0.));
#2540=IFCAXIS2PLACEMENT3D(#2539,#9,#7);
#2541=IFCLOCALPLACEMENT(#46,#2540);
#2542=IFCCARTESIANPOINTLIST3D(((0.,-1.07850397150075E-16,0.),(3.2245929214352,-3.91104247258479E-16,0.)));
#2543=IFCINDEXEDPOLYCURVE(#2542,$,.F.);
#2544=IFCSHAPEREPRESENTATION(#23,'Axis','Curve3D',(#2543));
#2545=IFCCARTESIANPOINTLIST2D(((3.2245929214352,0.0574999999999996),(-1.1080532393766E-16,0.0574999999999999),(1.1080532393766E-16,-0.0574999999999999),(3.2245929214352,-0.0575000000000002),(3.2245929214352,0.0574999999999996)));
#2546=IFCINDEXEDPOLYCURVE(#2545,$,.F.);
#2547=IFCARBITRARYCLOSEDPROFILEDEF(.AREA.,$,#2546);
#2548=IFCAXIS2PLACEMENT3D(#3,$,$);
#2549=IFCEXTRUDEDAREASOLID(#2547,#2548,#9,4.4);
#2550=IFCSTYLEDITEM(#2549,(#2371),$);
#2551=IFCSHAPEREPRESENTATION(#24,'Body','SweptSolid',(#2549));
#2552=IFCPRODUCTDEFINITIONSHAPE($,$,(#2544,#2551));
#2553=IFCWALL('20LeAmtxjFagTYkRE7cuxq',#18,'Basic Wall:Glas Wall:499756',$,'Basic Wall:Glas Wall',#2541,#2552,'499756',.NOTDEFINED.);
#2554=IFCPROPERTYSET('2NXG_xnMM3KsUiBLnBiMOs',#18,'Pset_EnvironmentalImpactIndicators',$,(#2378));
#2555=IFCPROPERTYSINGLEVALUE('Reference',$,IFCLABEL('Glas Wall'),$);
#2556=IFCPROPERTYSET('2IcqWJ7OTKPgmoknZzYI5v',#18,'Pset_ReinforcementBarPitchOfWall',$,(#2555));
#2557=IFCPROPERTYSET('21jDjWD3dsZqhcgB_Rn0f5',#18,'Pset_WallCommon',$,(#76,#636,#776,#2378));
#2558=IFCRELDEFINESBYPROPERTIES('1yhectyoh51pmoAFOFn6Zm',#18,$,$,(#2553),#2554);
#2559=IFCRELDEFINESBYPROPERTIES('1kcEzHOY8g5YaxTiz2ddjR',#18,$,$,(#2553),#2556);
#2560=IFCRELDEFINESBYPROPERTIES('1F6Awu3mYXy1QGrJRdg3UC',#18,$,$,(#2553),#2557);
#2561=IFCAXIS2PLACEMENT3D(#3,$,$);
#2562=IFCLOCALPLACEMENT(#42,#2561);
#2563=IFCCARTESIANPOINTLIST2D(((-13.4944461915177,-1.8),(13.4944461915177,-1.8),(13.4944461915177,1.8),(-13.4944461915177,1.8),(-13.4944461915177,-1.8)));
#2564=IFCINDEXEDPOLYCURVE(#2563,$,.F.);
#2565=IFCARBITRARYCLOSEDPROFILEDEF(.AREA.,$,#2564);
#2566=IFCCARTESIANPOINT((-20.9940591710596,10.4677394769081,0.));
#2567=IFCAXIS2PLACEMENT3D(#2566,#10,#7);
#2568=IFCEXTRUDEDAREASOLID(#2565,#2567,#9,0.2);
#2569=IFCSTYLEDITEM(#2568,(#1156),$);
#2570=IFCSHAPEREPRESENTATION(#24,'Body','SweptSolid',(#2568));
#2571=IFCCARTESIANPOINTLIST2D(((-22.7940591710596,-3.02670671460962),(-22.7940591710596,23.9621856684257),(-19.1940591710596,23.9621856684257),(-19.1940591710596,-3.02670671460962),(-22.7940591710596,-3.02670671460962)));
#2572=IFCINDEXEDPOLYCURVE(#2571,$,.F.);
#2573=IFCSHAPEREPRESENTATION(#26,'FootPrint','Curve2D',(#2572));
#2574=IFCPRODUCTDEFINITIONSHAPE($,$,(#2570,#2573));
#2575=IFCSLAB('20LeAmtxjFagTYkRE7cuv0',#18,'Floor:STB 20.0:499864',$,'Floor:STB 20.0',#2562,#2574,'499864',.FLOOR.);
#2576=IFCPROPERTYSET('3QtKJCQJhaFcFQI6c0XyuR',#18,'Pset_EnvironmentalImpactIndicators',$,(#1167));
#2577=IFCPROPERTYSINGLEVALUE('Reference',$,IFCLABEL('STB 20.0'),$);
#2578=IFCPROPERTYSET('0Gn8pyBB9m8QEnEFVgy9lm',#18,'Pset_ReinforcementBarPitchOfSlab',$,(#2577));
#2579=IFCPROPERTYSET('0jwMk_0sCfIuJbFXUcpKMd',#18,'Pset_SlabCommon',$,(#76,#133,#1167,#1171));
#2580=IFCRELDEFINESBYPROPERTIES('3NZc5409d8JySk5koclhuJ',#18,$,$,(#2575),#2576);
#2581=IFCRELDEFINESBYPROPERTIES('16My3_Ns_LU_yIIHiyfh1Q',#18,$,$,(#2575),#2578);
#2582=IFCRELDEFINESBYPROPERTIES('3NAwp__ZYixp_Se_wPLPpI',#18,$,$,(#2575),#2579);
#2583=IFCCARTESIANPOINT((-7.99405917105965,29.4531498923767,0.));
#2584=IFCAXIS2PLACEMENT3D(#2583,#9,#8);
#2585=IFCLOCALPLACEMENT(#38,#2584);
#2586=IFCCARTESIANPOINTLIST3D(((0.,1.54542552190065E-16,0.),(4.40000000000003,1.54542552190065E-16,0.)));
#2587=IFCINDEXEDPOLYCURVE(#2586,$,.F.);
#2588=IFCSHAPEREPRESENTATION(#23,'Axis','Curve3D',(#2587));
#2589=IFCCARTESIANPOINTLIST2D(((4.40000000000003,0.0600000000000004),(-1.03364589614847E-16,0.0600000000000004),(1.03364589614847E-16,-0.0600000000000004),(4.40000000000003,-0.0600000000000004),(4.40000000000003,0.0600000000000004)));
#2590=IFCINDEXEDPOLYCURVE(#2589,$,.F.);
#2591=IFCARBITRARYCLOSEDPROFILEDEF(.AREA.,$,#2590);
#2592=IFCAXIS2PLACEMENT3D(#3,$,$);
#2593=IFCEXTRUDEDAREASOLID(#2591,#2592,#9,4.);
#2594=IFCCOLOURRGB($,0.901960784313726,0.792156862745098,0.458823529411765);
#2595=IFCSURFACESTYLERENDERING(#2594,0.,$,$,$,$,IFCNORMALISEDRATIOMEASURE(0.5),IFCSPECULAREXPONENT(128.),.NOTDEFINED.);
#2596=IFCSURFACESTYLE('Holz - Brettschichtholz',.BOTH.,(#2595));
#2597=IFCSTYLEDITEM(#2593,(#2596),$);
#2598=IFCCOLOURRGBLIST(((0.901960784313726,0.792156862745098,0.458823529411765)));
#2599=IFCINDEXEDPOLYGONALFACE((1,2,3,4,5,6,7,8));
#2600=IFCINDEXEDPOLYGONALFACE((9,10,11,12,13,14,15,16));
#2601=IFCINDEXEDPOLYGONALFACE((4,15,14,5));
#2602=IFCINDEXEDPOLYGONALFACE((2,1,10,9));
#2603=IFCINDEXEDPOLYGONALFACE((3,2,9,16));
#2604=IFCINDEXEDPOLYGONALFACE((4,3,16,15));
#2605=IFCINDEXEDPOLYGONALFACE((7,12,11,8));
#2606=IFCINDEXEDPOLYGONALFACE((12,7,6,13));
#2607=IFCINDEXEDPOLYGONALFACE((13,6,5,14));
#2608=IFCINDEXEDPOLYGONALFACE((10,1,8,11));
#2609=IFCCARTESIANPOINTLIST3D(((4.40000000000003,-0.0599999999999992,0.),(4.40000000000003,-0.0599999999999992,4.),(0.,-0.0599999999999981,4.),(0.,-0.0599999999999981,0.),(1.19500000000002,-0.0599999999999993,0.),(1.19500000000002,-0.0599999999999993,2.35999999999998),(3.20500000000002,-0.0599999999999991,2.35999999999998),(3.20500000000002,-0.0599999999999991,0.),(4.40000000000003,0.0600000000000006,4.),(4.40000000000003,0.0600000000000006,0.),(3.20500000000002,0.0599999999999996,0.),(3.20500000000002,0.0599999999999996,2.35999999999998),(1.19500000000002,0.0600000000000005,2.35999999999998),(1.19500000000002,0.0600000000000005,0.),(0.,0.0600000000000006,0.),(0.,0.0600000000000006,4.)));
#2610=IFCPOLYGONALFACESET(#2609,.T.,(#2599,#2600,#2601,#2602,#2603,#2604,#2605,#2606,#2607,#2608),$);
#2611=IFCINDEXEDCOLOURMAP(#2610,1.,#2598,(1,1,1,1,1,1,1,1,1,1));
#2612=IFCSTYLEDITEM(#2610,(#2596),$);
#2613=IFCSHAPEREPRESENTATION(#24,'Body','Tessellation',(#2610));
#2614=IFCPRODUCTDEFINITIONSHAPE($,$,(#2588,#2613));
#2615=IFCWALL('20LeAmtxjFagTYkRE7cuqz',#18,'Basic Wall:Internal walls 0.12 m:500709',$,'Basic Wall:Internal walls 0.12 m',#2585,#2614,'500709',.NOTDEFINED.);
#2616=IFCMATERIAL('Holz - Brettschichtholz',$,'Holz');
#2617=IFCWALLTYPE('13xl8PaynC9gvSku2ATZve',#18,'Basic Wall:Internal walls 0.12 m',$,$,(#2627),$,'259567',$,.STANDARD.);
#2618=IFCPROPERTYSINGLEVALUE('Reference',$,IFCIDENTIFIER('Internal walls 0.12 m'),$);
#2619=IFCPROPERTYSET('1g9Cb7vIa02UKLz0duNCY9',#18,'Pset_EnvironmentalImpactIndicators',$,(#2618));
#2620=IFCPROPERTYSINGLEVALUE('Reference',$,IFCLABEL('Internal walls 0.12 m'),$);
#2621=IFCPROPERTYSET('3jFJjNu6YSWBByWA$X9BYu',#18,'Pset_ReinforcementBarPitchOfWall',$,(#2620));
#2622=IFCPROPERTYSET('0YkdS1TZW9JAGHdIuQsIfl',#18,'Pset_WallCommon',$,(#635,#636,#776,#2618));
#2623=IFCRELDEFINESBYPROPERTIES('0sEO25WnVwM2vvFu1IMnn3',#18,$,$,(#2615),#2619);
#2624=IFCRELDEFINESBYPROPERTIES('1cvGO9r7FOtT3re0PWsbRc',#18,$,$,(#2615),#2621);
#2625=IFCRELDEFINESBYPROPERTIES('0BxZfYkJ4fvv8rhLRY5kTR',#18,$,$,(#2615),#2622);
#2626=IFCPROPERTYSINGLEVALUE('Description',$,IFCTEXT('StB-Wand'),$);
#2627=IFCPROPERTYSET('2PWxdRzQDTRpB9Pq4iMy3c',#18,'Pset_ReinforcementBarPitchOfWall',$,(#2626));
#2628=IFCCARTESIANPOINT((-8.14405917105966,-4.54685010762332,0.));
#2629=IFCAXIS2PLACEMENT3D(#2628,#9,#8);
#2630=IFCLOCALPLACEMENT(#38,#2629);
#2631=IFCCARTESIANPOINTLIST3D(((0.,2.52985018489674E-16,0.),(4.4,2.52985018489675E-16,0.)));
#2632=IFCINDEXEDPOLYCURVE(#2631,$,.F.);
#2633=IFCSHAPEREPRESENTATION(#23,'Axis','Curve3D',(#2632));
#2634=IFCCARTESIANPOINTLIST2D(((4.4,0.0600000000000004),(-1.03364589614847E-16,0.0600000000000004),(1.03364589614847E-16,-0.0600000000000004),(4.4,-0.0600000000000004),(4.4,0.0600000000000004)));
#2635=IFCINDEXEDPOLYCURVE(#2634,$,.F.);
#2636=IFCARBITRARYCLOSEDPROFILEDEF(.AREA.,$,#2635);
#2637=IFCAXIS2PLACEMENT3D(#3,$,$);
#2638=IFCEXTRUDEDAREASOLID(#2636,#2637,#9,4.);
#2639=IFCSTYLEDITEM(#2638,(#2596),$);
#2640=IFCCOLOURRGBLIST(((0.901960784313726,0.792156862745098,0.458823529411765)));
#2641=IFCINDEXEDPOLYGONALFACE((1,2,3,4,5,6,7,8));
#2642=IFCINDEXEDPOLYGONALFACE((9,10,11,12,13,14,15,16));
#2643=IFCINDEXEDPOLYGONALFACE((4,15,14,5));
#2644=IFCINDEXEDPOLYGONALFACE((2,1,10,9));
#2645=IFCINDEXEDPOLYGONALFACE((3,2,9,16));
#2646=IFCINDEXEDPOLYGONALFACE((4,3,16,15));
#2647=IFCINDEXEDPOLYGONALFACE((7,12,11,8));
#2648=IFCINDEXEDPOLYGONALFACE((12,7,6,13));
#2649=IFCINDEXEDPOLYGONALFACE((13,6,5,14));
#2650=IFCINDEXEDPOLYGONALFACE((10,1,8,11));
#2651=IFCCARTESIANPOINTLIST3D(((4.4,-0.0599999999999991,0.),(4.4,-0.0599999999999991,4.),(0.,-0.0599999999999991,4.),(0.,-0.0599999999999991,0.),(1.195,-0.0599999999999981,0.),(1.195,-0.0599999999999981,2.35999999999998),(3.205,-0.059999999999999,2.35999999999998),(3.205,-0.059999999999999,0.),(4.4,0.0599999999999996,4.),(4.4,0.0599999999999996,0.),(3.205,0.0600000000000008,0.),(3.205,0.0600000000000008,2.35999999999998),(1.195,0.0600000000000006,2.35999999999998),(1.195,0.0600000000000006,0.),(0.,0.0600000000000007,0.),(0.,0.0600000000000007,4.)));
#2652=IFCPOLYGONALFACESET(#2651,.T.,(#2641,#2642,#2643,#2644,#2645,#2646,#2647,#2648,#2649,#2650),$);
#2653=IFCINDEXEDCOLOURMAP(#2652,1.,#2640,(1,1,1,1,1,1,1,1,1,1));
#2654=IFCSTYLEDITEM(#2652,(#2596),$);
#2655=IFCSHAPEREPRESENTATION(#24,'Body','Tessellation',(#2652));
#2656=IFCPRODUCTDEFINITIONSHAPE($,$,(#2633,#2655));
#2657=IFCWALL('20LeAmtxjFagTYkRE7cugn',#18,'Basic Wall:Internal walls 0.12 m:500841',$,'Basic Wall:Internal walls 0.12 m',#2630,#2656,'500841',.NOTDEFINED.);
#2658=IFCPROPERTYSET('3PdlYnEg8T8l1gKtu31mDk',#18,'Pset_EnvironmentalImpactIndicators',$,(#2618));
#2659=IFCPROPERTYSINGLEVALUE('Reference',$,IFCLABEL('Internal walls 0.12 m'),$);
#2660=IFCPROPERTYSET('3PxqUILmy8lCZeH5uCc0OP',#18,'Pset_ReinforcementBarPitchOfWall',$,(#2659));
#2661=IFCPROPERTYSET('2Ubl6Qx7wAyQd6cZ0jTOiz',#18,'Pset_WallCommon',$,(#635,#636,#776,#2618));
#2662=IFCRELDEFINESBYPROPERTIES('2JvsE96W7vsTqwEIIxyWVd',#18,$,$,(#2657),#2658);
#2663=IFCRELDEFINESBYPROPERTIES('3s72RR1heQMfCjiLU0T_2C',#18,$,$,(#2657),#2660);
#2664=IFCRELDEFINESBYPROPERTIES('3DXNpeQWh8WdF1eDrNhraf',#18,$,$,(#2657),#2661);
#2665=IFCAXIS2PLACEMENT3D(#3,$,$);
#2666=IFCLOCALPLACEMENT(#38,#2665);
#2667=IFCSTAIR('20LeAmtxjFagTYkRE7cueH',#18,'Assembled Stair:Stair:500937',$,'Assembled Stair:Stahl - Stufen Holz',#2666,$,'500937',.NOTDEFINED.);
#2668=IFCAXIS2PLACEMENT3D(#3,$,$);
#2669=IFCLOCALPLACEMENT(#2666,#2668);
#2670=IFCCARTESIANPOINTLIST2D(((-0.154537037037033,-0.629774710039486),(0.154537037037042,-0.629774710039486),(0.154537037037033,0.62977471003949),(-0.154537037037042,0.62977471003949),(-0.154537037037033,-0.629774710039486)));
#2671=IFCINDEXEDPOLYCURVE(#2670,$,.F.);
#2672=IFCARBITRARYCLOSEDPROFILEDEF(.AREA.,'Holz Stufen mit 50 mm Auftritt',#2671);
#2673=IFCCARTESIANPOINT((-22.0179399030569,-3.45387425985924,0.112962962962963));
#2674=IFCAXIS2PLACEMENT3D(#2673,#9,#7);
#2675=IFCEXTRUDEDAREASOLID(#2672,#2674,#9,0.05);
#2676=IFCCARTESIANPOINTLIST2D(((-0.15453703703704,-0.629774710039488),(0.154537037037033,-0.629774710039488),(0.154537037037041,0.629774710039488),(-0.154537037037033,0.629774710039488),(-0.15453703703704,-0.629774710039488)));
#2677=IFCINDEXEDPOLYCURVE(#2676,$,.F.);
#2678=IFCARBITRARYCLOSEDPROFILEDEF(.AREA.,'Holz Stufen mit 50 mm Auftritt',#2677);
#2679=IFCCARTESIANPOINT((-22.0179399030569,-3.76294833393331,0.275925925925926));
#2680=IFCAXIS2PLACEMENT3D(#2679,#9,#7);
#2681=IFCEXTRUDEDAREASOLID(#2678,#2680,#9,0.05);
#2682=IFCCARTESIANPOINTLIST2D(((-0.148283328598954,-0.62977471003949),(0.154537037037042,-0.62977471003949),(0.154537037037031,0.629774710039486),(-0.16079074547512,0.629774710039486),(-0.148283328598954,-0.62977471003949)));
#2683=IFCINDEXEDPOLYCURVE(#2682,$,.F.);
#2684=IFCARBITRARYCLOSEDPROFILEDEF(.AREA.,'Holz Stufen mit 50 mm Auftritt',#2683);
#2685=IFCCARTESIANPOINT((-22.0179399030569,-4.07202240800738,0.438888888888889));
#2686=IFCAXIS2PLACEMENT3D(#2685,#9,#7);
#2687=IFCEXTRUDEDAREASOLID(#2684,#2686,#9,0.05);
#2688=IFCCARTESIANPOINTLIST2D(((-0.141081693147953,-0.629774710039488),(0.160790745475111,-0.629774710039488),(0.148283328598963,0.629774710039488),(-0.167992380926121,0.629774710039488),(-0.141081693147953,-0.629774710039488)));
#2689=IFCINDEXEDPOLYCURVE(#2688,$,.F.);
#2690=IFCARBITRARYCLOSEDPROFILEDEF(.AREA.,'Holz Stufen mit 50 mm Auftritt',#2689);
#2691=IFCCARTESIANPOINT((-22.0179399030569,-4.38109648208146,0.601851851851852));
#2692=IFCAXIS2PLACEMENT3D(#2691,#9,#7);
#2693=IFCEXTRUDEDAREASOLID(#2690,#2692,#9,0.05);
#2694=IFCCARTESIANPOINTLIST2D(((-0.13269892862254,-0.629774710039486),(0.16799238092613,-0.629774710039486),(0.141081693147944,0.62977471003949),(-0.176375145451535,0.62977471003949),(-0.13269892862254,-0.629774710039486)));
#2695=IFCINDEXEDPOLYCURVE(#2694,$,.F.);
#2696=IFCARBITRARYCLOSEDPROFILEDEF(.AREA.,'Holz Stufen mit 50 mm Auftritt',#2695);
#2697=IFCCARTESIANPOINT((-22.0179399030569,-4.69017055615553,0.764814814814815));
#2698=IFCAXIS2PLACEMENT3D(#2697,#9,#7);
#2699=IFCEXTRUDEDAREASOLID(#2696,#2698,#9,0.05);
#2700=IFCCARTESIANPOINTLIST2D(((-0.122818505543208,-0.629774710039488),(0.176375145451525,-0.629774710039488),(0.132698928622549,0.629774710039488),(-0.186255568530866,0.629774710039488),(-0.122818505543208,-0.629774710039488)));
#2701=IFCINDEXEDPOLYCURVE(#2700,$,.F.);
#2702=IFCARBITRARYCLOSEDPROFILEDEF(.AREA.,'Holz Stufen mit 50 mm Auftritt',#2701);
#2703=IFCCARTESIANPOINT((-22.0179399030569,-4.9992446302296,0.927777777777778));
#2704=IFCAXIS2PLACEMENT3D(#2703,#9,#7);
#2705=IFCEXTRUDEDAREASOLID(#2702,#2704,#9,0.05);
#2706=IFCCARTESIANPOINTLIST2D(((-0.110999698175844,-0.629774710039485),(0.186255568530875,-0.629774710039485),(0.122818505543197,0.62977471003949),(-0.19807437589823,0.62977471003949),(-0.110999698175844,-0.629774710039485)));
#2707=IFCINDEXEDPOLYCURVE(#2706,$,.F.);
#2708=IFCARBITRARYCLOSEDPROFILEDEF(.AREA.,'Holz Stufen mit 50 mm Auftritt',#2707);
#2709=IFCCARTESIANPOINT((-22.0179399030569,-5.30831870430368,1.09074074074074));
#2710=IFCAXIS2PLACEMENT3D(#2709,#9,#7);
#2711=IFCEXTRUDEDAREASOLID(#2708,#2710,#9,0.05);
#2712=IFCCARTESIANPOINTLIST2D(((-0.0966100461440311,-0.629774710039488),(0.19807437589822,-0.629774710039488),(0.110999698175854,0.629774710039488),(-0.212464027930043,0.629774710039488),(-0.0966100461440311,-0.629774710039488)));
#2713=IFCINDEXEDPOLYCURVE(#2712,$,.F.);
#2714=IFCARBITRARYCLOSEDPROFILEDEF(.AREA.,'Holz Stufen mit 50 mm Auftritt',#2713);
#2715=IFCCARTESIANPOINT((-22.0179399030569,-5.61739277837775,1.2537037037037));
#2716=IFCAXIS2PLACEMENT3D(#2715,#9,#7);
#2717=IFCEXTRUDEDAREASOLID(#2714,#2716,#9,0.05);
#2718=IFCCARTESIANPOINTLIST2D(((-0.0787083645010046,-0.629774710039488),(0.212464027930043,-0.629774710039488),(0.0966100461440311,0.629774710039488),(-0.230365709573069,0.629774710039493),(-0.0787083645010046,-0.629774710039488)));
#2719=IFCINDEXEDPOLYCURVE(#2718,$,.F.);
#2720=IFCARBITRARYCLOSEDPROFILEDEF(.AREA.,'Holz Stufen mit 50 mm Auftritt',#2719);
#2721=IFCCARTESIANPOINT((-22.0179399030569,-5.92646685245183,1.41666666666667));
#2722=IFCAXIS2PLACEMENT3D(#2721,#9,#7);
#2723=IFCEXTRUDEDAREASOLID(#2720,#2722,#9,0.05);
#2724=IFCCARTESIANPOINTLIST2D(((-0.0558301875783528,-0.629774710039489),(0.230365709573079,-0.629774710039489),(0.0787083645009951,0.629774710039489),(-0.253243886495721,0.629774710039484),(-0.0558301875783528,-0.629774710039489)));
#2725=IFCINDEXEDPOLYCURVE(#2724,$,.F.);
#2726=IFCARBITRARYCLOSEDPROFILEDEF(.AREA.,'Holz Stufen mit 50 mm Auftritt',#2725);
#2727=IFCCARTESIANPOINT((-22.0179399030569,-6.2355409265259,1.57962962962963));
#2728=IFCAXIS2PLACEMENT3D(#2727,#9,#7);
#2729=IFCEXTRUDEDAREASOLID(#2726,#2728,#9,0.05);
#2730=IFCCARTESIANPOINTLIST2D(((-0.0255653932777924,-0.629774710039488),(0.253243886495712,-0.629774710039488),(0.0558301875783624,0.629774710039488),(-0.283508680796283,0.629774710039493),(-0.0255653932777924,-0.629774710039488)));
#2731=IFCINDEXEDPOLYCURVE(#2730,$,.F.);
#2732=IFCARBITRARYCLOSEDPROFILEDEF(.AREA.,'Holz Stufen mit 50 mm Auftritt',#2731);
#2733=IFCCARTESIANPOINT((-22.0179399030569,-6.54461500059997,1.74259259259259));
#2734=IFCAXIS2PLACEMENT3D(#2733,#9,#7);
#2735=IFCEXTRUDEDAREASOLID(#2732,#2734,#9,0.05);
#2736=IFCCARTESIANPOINTLIST2D(((0.0163520458466732,-0.629774710039488),(0.283508680796292,-0.629774710039488),(0.0255653932777811,0.629774710039489),(-0.325426119920745,0.629774710039483),(0.0163520458466732,-0.629774710039488)));
#2737=IFCINDEXEDPOLYCURVE(#2736,$,.F.);
#2738=IFCARBITRARYCLOSEDPROFILEDEF(.AREA.,'Holz Stufen mit 50 mm Auftritt',#2737);
#2739=IFCCARTESIANPOINT((-22.0179399030569,-6.85368907467405,1.90555555555556));
#2740=IFCAXIS2PLACEMENT3D(#2739,#9,#7);
#2741=IFCEXTRUDEDAREASOLID(#2738,#2740,#9,0.05);
#2742=IFCCARTESIANPOINTLIST2D(((0.0782563741788331,-0.629774710039488),(0.325426119920736,-0.629774710039488),(-0.0163520458466608,0.629774710039488),(-0.387330448252908,0.629774710039493),(0.0782563741788331,-0.629774710039488)));
#2743=IFCINDEXEDPOLYCURVE(#2742,$,.F.);
#2744=IFCARBITRARYCLOSEDPROFILEDEF(.AREA.,'Holz Stufen mit 50 mm Auftritt',#2743);
#2745=IFCCARTESIANPOINT((-22.0179399030569,-7.16276314874812,2.06851851851852));
#2746=IFCAXIS2PLACEMENT3D(#2745,#9,#7);
#2747=IFCEXTRUDEDAREASOLID(#2744,#2746,#9,0.05);
#2748=IFCCARTESIANPOINTLIST2D(((0.1766728158298,-0.629774710039488),(0.390067367130917,-0.629774710039488),(-0.0755194553008257,0.629774710039493),(-0.491220727659892,0.629774710039493),(0.1766728158298,-0.629774710039488)));
#2749=IFCINDEXEDPOLYCURVE(#2748,$,.F.);
#2750=IFCARBITRARYCLOSEDPROFILEDEF(.AREA.,'Holz Stufen mit 50 mm Auftritt',#2749);
#2751=IFCCARTESIANPOINT((-22.0179399030569,-7.4745741417002,2.23148148148148));
#2752=IFCAXIS2PLACEMENT3D(#2751,#9,#7);
#2753=IFCEXTRUDEDAREASOLID(#2750,#2752,#9,0.05);
#2754=IFCCARTESIANPOINTLIST2D(((0.340442211654962,-0.62977471003948),(0.531278161900802,-0.62977471003948),(-0.136615381588916,0.629774710039485),(-0.73510499196685,0.629774710039476),(0.340442211654962,-0.62977471003948)));
#2755=IFCINDEXEDPOLYCURVE(#2754,$,.F.);
#2756=IFCARBITRARYCLOSEDPROFILEDEF(.AREA.,'Holz Stufen mit 50 mm Auftritt',#2755);
#2757=IFCCARTESIANPOINT((-22.0179399030569,-7.82917948777119,2.39444444444444));
#2758=IFCAXIS2PLACEMENT3D(#2757,#9,#7);
#2759=IFCEXTRUDEDAREASOLID(#2756,#2758,#9,0.05);
#2760=IFCCARTESIANPOINTLIST2D(((-0.577773699856842,0.591769423770631),(0.0955624161295595,-0.667779996308339),(0.750327530971312,-0.667779996308336),(0.750327530971312,-0.461763029273191),(-0.509221889107669,0.613784174348592),(-0.509221889107669,0.591769423770631),(-0.577773699856842,0.591769423770631)));
#2761=IFCINDEXEDPOLYCURVE(#2760,$,.F.);
#2762=IFCARBITRARYCLOSEDPROFILEDEF(.AREA.,'Holz Stufen mit 50 mm Auftritt',#2761);
#2763=IFCCARTESIANPOINT((-21.8973870821251,-8.10252145046484,2.55740740740741));
#2764=IFCAXIS2PLACEMENT3D(#2763,#10,#6);
#2765=IFCEXTRUDEDAREASOLID(#2762,#2764,#10,0.05);
#2766=IFCCARTESIANPOINTLIST2D(((-0.366537579636958,-0.629774710039488),(-0.17109248752274,-0.629774710039488),(0.502243628463655,0.629774710039486),(0.0353864386960475,0.629774710039486),(-0.366537579636958,-0.629774710039488)));
#2767=IFCINDEXEDPOLYCURVE(#2766,$,.F.);
#2768=IFCARBITRARYCLOSEDPROFILEDEF(.AREA.,'Holz Stufen mit 50 mm Auftritt',#2767);
#2769=IFCCARTESIANPOINT((-21.490705869791,-8.14052673673369,2.72037037037037));
#2770=IFCAXIS2PLACEMENT3D(#2769,#9,#6);
#2771=IFCEXTRUDEDAREASOLID(#2768,#2770,#9,0.05);
#2772=IFCCARTESIANPOINTLIST2D(((-0.285855466996045,-0.629774710039488),(-0.0464249721294636,-0.629774710039488),(0.355499046203538,0.629774710039488),(-0.0232186070780287,0.629774710039487),(-0.285855466996045,-0.629774710039488)));
#2773=IFCINDEXEDPOLYCURVE(#2772,$,.F.);
#2774=IFCARBITRARYCLOSEDPROFILEDEF(.AREA.,'Holz Stufen mit 50 mm Auftritt',#2773);
#2775=IFCCARTESIANPOINT((-21.1705932622835,-8.14052673673369,2.88333333333333));
#2776=IFCAXIS2PLACEMENT3D(#2775,#9,#6);
#2777=IFCEXTRUDEDAREASOLID(#2774,#2776,#9,0.05);
#2778=IFCCARTESIANPOINTLIST2D(((-0.242956753222022,-0.629774710039486),(0.0232186070780256,-0.629774710039486),(0.285855466996044,0.629774710039487),(-0.0661173208520521,0.629774710039488),(-0.242956753222022,-0.629774710039486)));
#2779=IFCINDEXEDPOLYCURVE(#2778,$,.F.);
#2780=IFCARBITRARYCLOSEDPROFILEDEF(.AREA.,'Holz Stufen mit 50 mm Auftritt',#2779);
#2781=IFCCARTESIANPOINT((-20.8615191882094,-8.1405267367337,3.0462962962963));
#2782=IFCAXIS2PLACEMENT3D(#2781,#9,#6);
#2783=IFCEXTRUDEDAREASOLID(#2780,#2782,#9,0.05);
#2784=IFCCARTESIANPOINTLIST2D(((-0.213878509747176,-0.629774710039487),(0.0661173208520544,-0.629774710039487),(0.24295675322202,0.629774710039488),(-0.095195564326898,0.629774710039488),(-0.213878509747176,-0.629774710039487)));
#2785=IFCINDEXEDPOLYCURVE(#2784,$,.F.);
#2786=IFCARBITRARYCLOSEDPROFILEDEF(.AREA.,'Holz Stufen mit 50 mm Auftritt',#2785);
#2787=IFCCARTESIANPOINT((-20.5524451141353,-8.1405267367337,3.20925925925926));
#2788=IFCAXIS2PLACEMENT3D(#2787,#9,#6);
#2789=IFCEXTRUDEDAREASOLID(#2786,#2788,#9,0.05);
#2790=IFCCARTESIANPOINTLIST2D(((-0.192868595538081,-0.629774710039486),(0.0951955643268978,-0.629774710039486),(0.213878509747176,0.629774710039488),(-0.116205478535993,0.629774710039487),(-0.192868595538081,-0.629774710039486)));
#2791=IFCINDEXEDPOLYCURVE(#2790,$,.F.);
#2792=IFCARBITRARYCLOSEDPROFILEDEF(.AREA.,'Holz Stufen mit 50 mm Auftritt',#2791);
#2793=IFCCARTESIANPOINT((-20.2433710400613,-8.1405267367337,3.37222222222222));
#2794=IFCAXIS2PLACEMENT3D(#2793,#9,#6);
#2795=IFCEXTRUDEDAREASOLID(#2792,#2794,#9,0.05);
#2796=IFCCARTESIANPOINTLIST2D(((-0.176978058486106,-0.629774710039488),(0.116205478535993,-0.629774710039487),(0.192868595538081,0.629774710039486),(-0.13209601558796,0.629774710039486),(-0.176978058486106,-0.629774710039488)));
#2797=IFCINDEXEDPOLYCURVE(#2796,$,.F.);
#2798=IFCARBITRARYCLOSEDPROFILEDEF(.AREA.,'Holz Stufen mit 50 mm Auftritt',#2797);
#2799=IFCCARTESIANPOINT((-19.9342969659872,-8.1405267367337,3.53518518518519));
#2800=IFCAXIS2PLACEMENT3D(#2799,#9,#6);
#2801=IFCEXTRUDEDAREASOLID(#2798,#2800,#9,0.05);
#2802=IFCCARTESIANPOINTLIST2D(((-0.164538986150416,-0.629774710039487),(0.132096015587966,-0.629774710039487),(0.176978058486117,0.629774710039487),(-0.144535087923654,0.629774710039488),(-0.164538986150416,-0.629774710039487)));
#2803=IFCINDEXEDPOLYCURVE(#2802,$,.F.);
#2804=IFCARBITRARYCLOSEDPROFILEDEF(.AREA.,'Holz Stufen mit 50 mm Auftritt',#2803);
#2805=IFCCARTESIANPOINT((-19.6252228919131,-8.1405267367337,3.69814814814815));
#2806=IFCAXIS2PLACEMENT3D(#2805,#9,#6);
#2807=IFCEXTRUDEDAREASOLID(#2804,#2806,#9,0.05);
#2808=IFCCARTESIANPOINTLIST2D(((-0.154537037037037,-0.629774710039487),(0.144535087923658,-0.629774710039487),(0.164538986150418,0.629774710039487),(-0.154537037037037,0.629774710039487),(-0.154537037037037,-0.629774710039487)));
#2809=IFCINDEXEDPOLYCURVE(#2808,$,.F.);
#2810=IFCARBITRARYCLOSEDPROFILEDEF(.AREA.,'Holz Stufen mit 50 mm Auftritt',#2809);
#2811=IFCCARTESIANPOINT((-19.3161488178391,-8.14052673673371,3.86111111111111));
#2812=IFCAXIS2PLACEMENT3D(#2811,#9,#6);
#2813=IFCEXTRUDEDAREASOLID(#2810,#2812,#9,0.05);
#2814=IFCCARTESIANPOINTLIST2D(((-0.154537037037037,-0.629774710039487),(0.154537037037037,-0.629774710039487),(0.154537037037037,0.629774710039487),(-0.154537037037037,0.629774710039487),(-0.154537037037037,-0.629774710039487)));
#2815=IFCINDEXEDPOLYCURVE(#2814,$,.F.);
#2816=IFCARBITRARYCLOSEDPROFILEDEF(.AREA.,'Holz Stufen mit 50 mm Auftritt',#2815);
#2817=IFCCARTESIANPOINT((-19.007074743765,-8.14052673673371,4.02407407407407));
#2818=IFCAXIS2PLACEMENT3D(#2817,#9,#6);
#2819=IFCEXTRUDEDAREASOLID(#2816,#2818,#9,0.05);
#2820=IFCCARTESIANPOINTLIST2D(((-0.154537037037037,-0.629774710039487),(0.154537037037037,-0.629774710039487),(0.154537037037037,0.629774710039487),(-0.154537037037037,0.629774710039487),(-0.154537037037037,-0.629774710039487)));
#2821=IFCINDEXEDPOLYCURVE(#2820,$,.F.);
#2822=IFCARBITRARYCLOSEDPROFILEDEF(.AREA.,'Holz Stufen mit 50 mm Auftritt',#2821);
#2823=IFCCARTESIANPOINT((-18.6980006696909,-8.14052673673371,4.18703703703704));
#2824=IFCAXIS2PLACEMENT3D(#2823,#9,#6);
#2825=IFCEXTRUDEDAREASOLID(#2822,#2824,#9,0.05);
#2826=IFCSTYLEDITEM(#2675,(#1407),$);
#2827=IFCSTYLEDITEM(#2681,(#1407),$);
#2828=IFCSTYLEDITEM(#2687,(#1407),$);
#2829=IFCSTYLEDITEM(#2693,(#1407),$);
#2830=IFCSTYLEDITEM(#2699,(#1407),$);
#2831=IFCSTYLEDITEM(#2705,(#1407),$);
#2832=IFCSTYLEDITEM(#2711,(#1407),$);
#2833=IFCSTYLEDITEM(#2717,(#1407),$);
#2834=IFCSTYLEDITEM(#2723,(#1407),$);
#2835=IFCSTYLEDITEM(#2729,(#1407),$);
#2836=IFCSTYLEDITEM(#2735,(#1407),$);
#2837=IFCSTYLEDITEM(#2741,(#1407),$);
#2838=IFCSTYLEDITEM(#2747,(#1407),$);
#2839=IFCSTYLEDITEM(#2753,(#1407),$);
#2840=IFCSTYLEDITEM(#2759,(#1407),$);
#2841=IFCSTYLEDITEM(#2765,(#1407),$);
#2842=IFCSTYLEDITEM(#2771,(#1407),$);
#2843=IFCSTYLEDITEM(#2777,(#1407),$);
#2844=IFCSTYLEDITEM(#2783,(#1407),$);
#2845=IFCSTYLEDITEM(#2789,(#1407),$);
#2846=IFCSTYLEDITEM(#2795,(#1407),$);
#2847=IFCSTYLEDITEM(#2801,(#1407),$);
#2848=IFCSTYLEDITEM(#2807,(#1407),$);
#2849=IFCSTYLEDITEM(#2813,(#1407),$);
#2850=IFCSTYLEDITEM(#2819,(#1407),$);
#2851=IFCSTYLEDITEM(#2825,(#1407),$);
#2852=IFCSHAPEREPRESENTATION(#24,'Body','SweptSolid',(#2675,#2681,#2687,#2693,#2699,#2705,#2711,#2717,#2723,#2729,#2735,#2741,#2747,#2753,#2759,#2765,#2771,#2777,#2783,#2789,#2795,#2801,#2807,#2813,#2819,#2825));
#2853=IFCCARTESIANPOINTLIST2D(((-18.5434636326539,-7.51075202669422),(-21.3881651930174,-7.51075202669421),(-21.3881651930174,-3.2993372228222),(-22.6477146130964,-3.29933722282219),(-22.6477146130964,-8.77030144677317),(-18.5434636326539,-8.7703014467732),(-18.5434636326539,-7.51075202669422)));
#2854=IFCINDEXEDPOLYCURVE(#2853,$,.F.);
#2855=IFCGEOMETRICSET((#2854));
#2856=IFCSHAPEREPRESENTATION(#26,'FootPrint','GeometricSet',(#2855));
#2857=IFCCARTESIANPOINTLIST2D(((-22.0179399030569,-3.2993372228222),(-22.0179399030569,-7.5107520266942),(-21.8334831611061,-7.95606999478292),(-21.3881651930174,-8.14052673673369),(-18.5434636326539,-8.14052673673371)));
#2858=IFCINDEXEDPOLYCURVE(#2857,(IFCLINEINDEX((1,2)),IFCARCINDEX((2,3,4)),IFCLINEINDEX((4,5))),.F.);
#2859=IFCGEOMETRICSET((#2858));
#2860=IFCSHAPEREPRESENTATION(#23,'Axis','GeometricSet',(#2859));
#2861=IFCPRODUCTDEFINITIONSHAPE($,$,(#2852,#2856,#2860));
#2862=IFCSTAIRFLIGHT('20LeAmtxjFagTYkRE7cueI',#18,'Assembled Stair:Stair:500937 Run 1',$,'Non-Monolithic Run:Holz Stufen mit 50 mm Auftritt',#2669,#2861,'500938',$,$,$,$,.WINDER.);
#2863=IFCAXIS2PLACEMENT3D(#3,$,$);
#2864=IFCLOCALPLACEMENT(#2666,#2863);
#2865=IFCCARTESIANPOINTLIST2D(((-2.98713352419858,-0.114250139271581),(3.00377695521945,-0.114250139271579),(3.03013911183011,-0.102114079711506),(2.92063627444824,0.13574986072842),(-2.9004752351046,0.135749860728419),(-3.06694358219461,0.0591146367978301),(-2.98713352419858,-0.114250139271581)));
#2866=IFCINDEXEDPOLYCURVE(#2865,$,.F.);
#2867=IFCARBITRARYCLOSEDPROFILEDEF(.AREA.,'Wange - Farbe - 10 mm Breite',#2866);
#2868=IFCCARTESIANPOINT((-22.6577146130964,-6.06052595241473,1.33621640321453));
#2869=IFCDIRECTION((-0.,-0.908366557375141,0.418174840757349));
#2870=IFCAXIS2PLACEMENT3D(#2868,#5,#2869);
#2871=IFCEXTRUDEDAREASOLID(#2867,#2870,#9,0.0100000000000021);
#2872=IFCSTYLEDITEM(#2871,(#1456),$);
#2873=IFCSHAPEREPRESENTATION(#24,'Body','SweptSolid',(#2871));
#2874=IFCPRODUCTDEFINITIONSHAPE($,$,(#2873));
#2875=IFCMEMBER('20LeAmtxjFagTYkRE7cueK',#18,'Assembled Stair:Stair:500937 Stringer 1',$,'Stringer:Wange - Farbe - 10 mm Breite',#2864,#2874,'500940',.STRINGER.);
#2876=IFCAXIS2PLACEMENT3D(#3,$,$);
#2878=IFCAXIS2PLACEMENT3D(#3,$,$);
#2879=IFCLOCALPLACEMENT(#2666,#2878);
#2880=IFCCARTESIANPOINTLIST2D(((-0.245148896545137,-0.00500000000000049),(0.245148896545133,-0.00500000000000049),(0.245148896545133,0.00499999999999941),(-0.245148896545137,0.00499999999999941),(-0.245148896545137,-0.00500000000000049)));
#2881=IFCINDEXEDPOLYCURVE(#2880,$,.F.);
#2882=IFCARBITRARYCLOSEDPROFILEDEF(.AREA.,'Wange - Farbe - 10 mm Breite',#2881);
#2883=IFCCARTESIANPOINT((-22.4125657165513,-8.77530144677317,2.42088206770146));
#2884=IFCAXIS2PLACEMENT3D(#2883,$,$);
#2885=IFCEXTRUDEDAREASOLID(#2882,#2884,#9,0.27521929112231);
#2886=IFCSTYLEDITEM(#2885,(#1456),$);
#2887=IFCSHAPEREPRESENTATION(#24,'Body','SweptSolid',(#2885));
#2888=IFCPRODUCTDEFINITIONSHAPE($,$,(#2887));
#2889=IFCMEMBER('20LeAmtxjFagTYkRE7cueM',#18,'Assembled Stair:Stair:500937 Stringer 3',$,'Stringer:Wange - Farbe - 10 mm Breite',#2879,#2888,'500942',.STRINGER.);
#2890=IFCAXIS2PLACEMENT3D(#3,$,$);
#2891=IFCLOCALPLACEMENT(#2666,#2890);
#2892=IFCCARTESIANPOINTLIST2D(((-1.92420377517307,-0.128145152884004),(2.94961574142283,-0.128145152883987),(2.80262541807761,0.121854847116013),(-1.82109230669393,0.121854847115997),(-2.00694507763345,0.01258061153598),(-1.92420377517307,-0.128145152884004)));
#2893=IFCINDEXEDPOLYCURVE(#2892,$,.F.);
#2894=IFCARBITRARYCLOSEDPROFILEDEF(.AREA.,'Wange - Farbe - 10 mm Breite',#2893);
#2895=IFCCARTESIANPOINT((-21.3881651930174,-5.02302256506632,1.02805430661834));
#2896=IFCDIRECTION((-0.,-0.862037420459606,0.506844636676121));
#2897=IFCAXIS2PLACEMENT3D(#2895,#5,#2896);
#2898=IFCEXTRUDEDAREASOLID(#2894,#2897,#9,0.0100000000000021);
#2899=IFCSTYLEDITEM(#2898,(#1456),$);
#2900=IFCSHAPEREPRESENTATION(#24,'Body','SweptSolid',(#2898));
#2901=IFCPRODUCTDEFINITIONSHAPE($,$,(#2900));
#2902=IFCMEMBER('20LeAmtxjFagTYkRE7cueN',#18,'Assembled Stair:Stair:500937 Stringer 4',$,'Stringer:Wange - Farbe - 10 mm Breite',#2891,#2901,'500943',.STRINGER.);
#2903=IFCAXIS2PLACEMENT3D(#3,$,$);
#2904=IFCLOCALPLACEMENT(#2666,#2903);
#2905=IFCCARTESIANPOINTLIST2D(((-1.58040563239789,-0.125000000000001),(1.72902963704516,-0.125),(1.58040563239789,0.125),(-1.72902963704516,0.124999999999999),(-1.58040563239789,-0.125000000000001)));
#2906=IFCINDEXEDPOLYCURVE(#2905,$,.F.);
#2907=IFCARBITRARYCLOSEDPROFILEDEF(.AREA.,'Wange - Farbe - 10 mm Breite',#2906);
#2908=IFCCARTESIANPOINT((-19.9658144128356,-7.51075202669421,3.44948811800787));
#2909=IFCDIRECTION((0.859573108025254,-0.,0.511012790407251));
#2910=IFCAXIS2PLACEMENT3D(#2908,#7,#2909);
#2911=IFCEXTRUDEDAREASOLID(#2907,#2910,#9,0.00999999999999881);
#2912=IFCSTYLEDITEM(#2911,(#1456),$);
#2913=IFCSHAPEREPRESENTATION(#24,'Body','SweptSolid',(#2911));
#2914=IFCPRODUCTDEFINITIONSHAPE($,$,(#2913));
#2915=IFCMEMBER('20LeAmtxjFagTYkRE7cue8',#18,'Assembled Stair:Stair:500937 Stringer 5',$,'Stringer:Wange - Farbe - 10 mm Breite',#2904,#2914,'500944',.STRINGER.);
#2916=IFCAXIS2PLACEMENT3D(#3,$,$);
#2917=IFCLOCALPLACEMENT(#2666,#2916);
#2918=IFCCARTESIANPOINTLIST2D(((-1.94161818079744,-0.124682172966541),(2.0580788230043,-0.124682172966542),(1.94161818079744,0.12468217296654),(-2.0580788230043,0.124682172966541),(-1.94161818079744,-0.124682172966541)));
#2919=IFCINDEXEDPOLYCURVE(#2918,$,.F.);
#2920=IFCARBITRARYCLOSEDPROFILEDEF(.AREA.,'Wange - Farbe - 10 mm Breite',#2919);
#2921=IFCCARTESIANPOINT((-20.35544022633,-8.78030144677319,3.40473922701081));
#2922=IFCDIRECTION((0.906056929789348,-0.,0.423155810524563));
#2923=IFCAXIS2PLACEMENT3D(#2921,#7,#2922);
#2924=IFCEXTRUDEDAREASOLID(#2920,#2923,#9,0.00999999999999989);
#2925=IFCSTYLEDITEM(#2924,(#1456),$);
#2926=IFCSHAPEREPRESENTATION(#24,'Body','SweptSolid',(#2924));
#2927=IFCPRODUCTDEFINITIONSHAPE($,$,(#2926));
#2928=IFCMEMBER('20LeAmtxjFagTYkRE7cue5',#18,'Assembled Stair:Stair:500937 Stringer 6',$,'Stringer:Wange - Farbe - 10 mm Breite',#2917,#2927,'500957',.STRINGER.);
#2929=IFCPROPERTYSET('3mD3s9W_EA0iF_6Xi33LVb',#18,'Pset_EnvironmentalImpactIndicators',$,(#1515));
#2930=IFCPROPERTYSINGLEVALUE('NumberOfRiser',$,IFCCOUNTMEASURE(27.),$);
#2931=IFCPROPERTYSINGLEVALUE('NumberOfTreads',$,IFCCOUNTMEASURE(26.),$);
#2932=IFCPROPERTYSINGLEVALUE('RiserHeight',$,IFCPOSITIVELENGTHMEASURE(0.162962962962963),$);
#2933=IFCPROPERTYSINGLEVALUE('TreadLength',$,IFCPOSITIVELENGTHMEASURE(0.309074074074074),$);
#2934=IFCPROPERTYSINGLEVALUE('WalkingLineOffset',$,IFCPOSITIVELENGTHMEASURE(2.06618999356787),$);
#2935=IFCPROPERTYSINGLEVALUE('TreadLengthAtOffset',$,IFCPOSITIVELENGTHMEASURE(0.309074074074074),$);
#2936=IFCPROPERTYSINGLEVALUE('TreadLengthAtInnerSide',$,IFCPOSITIVELENGTHMEASURE(0.309074074074074),$);
#2937=IFCPROPERTYSET('0ni629NB2eIqF3fK42eu39',#18,'Pset_StairCommon',$,(#76,#1515,#1521,#2930,#2931,#2932,#2933,#2934,#2935,#2936));
#2938=IFCPROPERTYSINGLEVALUE('NumberOfRiser',$,IFCCOUNTMEASURE(27.),$);
#2939=IFCPROPERTYSINGLEVALUE('NumberOfTreads',$,IFCCOUNTMEASURE(26.),$);
#2940=IFCPROPERTYSINGLEVALUE('RiserHeight',$,IFCPOSITIVELENGTHMEASURE(0.162962962962963),$);
#2941=IFCPROPERTYSINGLEVALUE('TreadLength',$,IFCPOSITIVELENGTHMEASURE(0.309074074074074),$);
#2942=IFCPROPERTYSINGLEVALUE('WalkingLineOffset',$,IFCPOSITIVELENGTHMEASURE(2.06618999356787),$);
#2943=IFCPROPERTYSINGLEVALUE('TreadLengthAtOffset',$,IFCPOSITIVELENGTHMEASURE(0.309074074074074),$);
#2944=IFCPROPERTYSINGLEVALUE('TreadLengthAtInnerSide',$,IFCPOSITIVELENGTHMEASURE(0.309074074074074),$);
#2945=IFCPROPERTYSET('321a$kjaq9cQK2aEznNLd1',#18,'Pset_StairFlightCommon',$,(#1515,#1521,#2938,#2939,#2940,#2941,#2942,#2943,#2944));
#2946=IFCPROPERTYSET('3GO9kL_ZTfYHAQ3hELvaPY',#18,'Pset_EnvironmentalImpactIndicators',$,(#1534));
#2947=IFCPROPERTYSINGLEVALUE('NumberOfRiser',$,IFCCOUNTMEASURE(27.),$);
#2948=IFCPROPERTYSINGLEVALUE('NumberOfTreads',$,IFCCOUNTMEASURE(26.),$);
#2949=IFCPROPERTYSINGLEVALUE('RiserHeight',$,IFCPOSITIVELENGTHMEASURE(0.162962962962963),$);
#2950=IFCPROPERTYSINGLEVALUE('TreadLength',$,IFCPOSITIVELENGTHMEASURE(0.309074074074074),$);
#2951=IFCPROPERTYSINGLEVALUE('WalkingLineOffset',$,IFCPOSITIVELENGTHMEASURE(2.06618999356787),$);
#2952=IFCPROPERTYSINGLEVALUE('TreadLengthAtOffset',$,IFCPOSITIVELENGTHMEASURE(0.309074074074074),$);
#2953=IFCPROPERTYSINGLEVALUE('TreadLengthAtInnerSide',$,IFCPOSITIVELENGTHMEASURE(0.309074074074074),$);
#2954=IFCPROPERTYSET('22vsUaIO6dmzhaamxshpfv',#18,'Pset_StairFlightCommon',$,(#1521,#1534,#2947,#2948,#2949,#2950,#2951,#2952,#2953));
#2955=IFCPROPERTYSET('0u4pAyMvM_ca50j8G3mHfX',#18,'Pset_EnvironmentalImpactIndicators',$,(#1544));
#2956=IFCPROPERTYSINGLEVALUE('Slope',$,IFCPLANEANGLEMEASURE(24.7194110767909),$);
#2957=IFCPROPERTYSET('0hO3KSEhcdL_Wuhdxa$ixf',#18,'Pset_MemberCommon',$,(#76,#1544,#2956));
#2958=IFCPROPERTYSET('3N2KOBRBHmgWKpSCgQ2TgI',#18,'Pset_EnvironmentalImpactIndicators',$,(#1544));
#2959=IFCPROPERTYSET('3Dp5W_YnohS$fFYqPOEoin',#18,'Pset_MemberCommon',$,(#76,#1544,#1549));
#2960=IFCPROPERTYSET('3O2HvblxXy_5x0BTomvhMO',#18,'Pset_EnvironmentalImpactIndicators',$,(#1544));
#2961=IFCPROPERTYSINGLEVALUE('Slope',$,IFCPLANEANGLEMEASURE(30.4538801917515),$);
#2962=IFCPROPERTYSET('0LTSXh9$tcBmAogJCiwKWz',#18,'Pset_MemberCommon',$,(#76,#1544,#2961));
#2963=IFCPROPERTYSET('1J6C1SCHpMq8$iKO$DYHy7',#18,'Pset_EnvironmentalImpactIndicators',$,(#1544));
#2964=IFCPROPERTYSINGLEVALUE('Slope',$,IFCPLANEANGLEMEASURE(30.731314775923),$);
#2965=IFCPROPERTYSET('3prRBMC6HyDGoUQvhOigCP',#18,'Pset_MemberCommon',$,(#76,#1544,#2964));
#2966=IFCPROPERTYSET('3MzN7PWKwgX1Eu_Q3NC8I9',#18,'Pset_EnvironmentalImpactIndicators',$,(#1544));
#2967=IFCPROPERTYSINGLEVALUE('Slope',$,IFCPLANEANGLEMEASURE(25.033987944489),$);
#2968=IFCPROPERTYSET('1YAWeyxKB8ACYST70WuR6R',#18,'Pset_MemberCommon',$,(#76,#1544,#2967));
#2969=IFCRELDEFINESBYPROPERTIES('2sQOX$Vo_VXkbfcz5OeFDH',#18,$,$,(#2667),#2929);
#2970=IFCRELDEFINESBYPROPERTIES('39XYLwgjLRAWyli_kcUia1',#18,$,$,(#2667),#2937);
#2971=IFCRELDEFINESBYPROPERTIES('03B8l$gmpkLhTpxX_S5Gat',#18,$,$,(#2667),#2945);
#2972=IFCRELDEFINESBYPROPERTIES('2WhjgCcB2GaOSA5dw_OQCW',#18,$,$,(#2862),#2946);
#2973=IFCRELDEFINESBYPROPERTIES('3vlTB7DRda6HcHQp2YoKbZ',#18,$,$,(#2862),#2954);
#2974=IFCRELDEFINESBYPROPERTIES('0P6RvjMSYYh_YRFVveU0cF',#18,$,$,(#2875),#2955);
#2975=IFCRELDEFINESBYPROPERTIES('0LklK9b9U$yALOCT6JO7tB',#18,$,$,(#2875),#2957);
#2976=IFCRELDEFINESBYPROPERTIES('181ENdG4b1SP$_UrHO_lFV',#18,$,$,(#2889),#2958);
#2977=IFCRELDEFINESBYPROPERTIES('0$c$ZrR9vSPwPrGODBvGYs',#18,$,$,(#2889),#2959);
#2978=IFCRELDEFINESBYPROPERTIES('3qyLm03GNvtvjNrodjDS2r',#18,$,$,(#2902),#2960);
#2979=IFCRELDEFINESBYPROPERTIES('2GiSUKwdde26bEBqQ0cvCG',#18,$,$,(#2902),#2962);
#2980=IFCRELDEFINESBYPROPERTIES('25O1aXooIH0zDUxXQ1mcNj',#18,$,$,(#2915),#2963);
#2981=IFCRELDEFINESBYPROPERTIES('2p431a_Hdc98FVEp3L3D3$',#18,$,$,(#2915),#2965);
#2982=IFCRELDEFINESBYPROPERTIES('00qOcDMG0KamGZT172vgS0',#18,$,$,(#2928),#2966);
#2983=IFCRELDEFINESBYPROPERTIES('1dADRvRwORL5jJN1XInyOj',#18,$,$,(#2928),#2968);
#2984=IFCCARTESIANPOINT((-19.2940591710596,20.7531498923767,0.));
#2985=IFCAXIS2PLACEMENT3D(#2984,#9,#6);
#2986=IFCLOCALPLACEMENT(#38,#2985);
#2987=IFCCARTESIANPOINTLIST3D(((-8.15349330764057E-16,0.,0.),(3.39997055060146,0.,0.)));
#2988=IFCINDEXEDPOLYCURVE(#2987,$,.F.);
#2989=IFCSHAPEREPRESENTATION(#23,'Axis','Curve3D',(#2988));
#2990=IFCCARTESIANPOINTLIST2D(((2.29315025377767E-16,-0.0599999999999994),(3.39997055060146,-0.0599999999999994),(3.39997055060146,0.0599999999999994),(-2.29315025377767E-16,0.0599999999999994),(2.29315025377767E-16,-0.0599999999999994)));
#2991=IFCINDEXEDPOLYCURVE(#2990,$,.F.);
#2992=IFCARBITRARYCLOSEDPROFILEDEF(.AREA.,$,#2991);
#2993=IFCAXIS2PLACEMENT3D(#3,$,$);
#2994=IFCEXTRUDEDAREASOLID(#2992,#2993,#9,4.);
#2995=IFCSTYLEDITEM(#2994,(#2596),$);
#2996=IFCCOLOURRGBLIST(((0.901960784313726,0.792156862745098,0.458823529411765)));
#2997=IFCINDEXEDPOLYGONALFACE((1,2,3,4,5,6,7,8));
#2998=IFCINDEXEDPOLYGONALFACE((9,10,11,12,13,14,15,16));
#2999=IFCINDEXEDPOLYGONALFACE((4,15,14,5));
#3000=IFCINDEXEDPOLYGONALFACE((2,1,10,9));
#3001=IFCINDEXEDPOLYGONALFACE((3,2,9,16));
#3002=IFCINDEXEDPOLYGONALFACE((4,3,16,15));
#3003=IFCINDEXEDPOLYGONALFACE((13,6,5,14));
#3004=IFCINDEXEDPOLYGONALFACE((6,13,12,7));
#3005=IFCINDEXEDPOLYGONALFACE((7,12,11,8));
#3006=IFCINDEXEDPOLYGONALFACE((10,1,8,11));
#3007=IFCCARTESIANPOINTLIST3D(((3.39997055060146,-0.0599999999999994,0.),(3.39997055060146,-0.0599999999999994,4.),(-5.86034305386296E-16,-0.0599999999999994,4.),(-5.86034305386296E-16,-0.0599999999999994,0.),(0.694985275300738,-0.0599999999999994,0.),(0.694985275300738,-0.0599999999999994,2.35999999999998),(2.70498527530074,-0.0599999999999994,2.35999999999998),(2.70498527530074,-0.0599999999999994,0.),(3.39997055060146,0.0599999999999994,4.),(3.39997055060146,0.0599999999999994,0.),(2.70498527530074,0.0599999999999994,0.),(2.70498527530074,0.0599999999999994,2.35999999999998),(0.694985275300742,0.0599999999999994,2.35999999999998),(0.694985275300737,0.0599999999999994,0.),(-1.04466435614183E-15,0.0599999999999994,0.),(-1.04466435614183E-15,0.0599999999999994,4.)));
#3008=IFCPOLYGONALFACESET(#3007,.T.,(#2997,#2998,#2999,#3000,#3001,#3002,#3003,#3004,#3005,#3006),$);
#3009=IFCINDEXEDCOLOURMAP(#3008,1.,#2996,(1,1,1,1,1,1,1,1,1,1));
#3010=IFCSTYLEDITEM(#3008,(#2596),$);
#3011=IFCSHAPEREPRESENTATION(#24,'Body','Tessellation',(#3008));
#3012=IFCPRODUCTDEFINITIONSHAPE($,$,(#2989,#3011));
#3013=IFCWALL('20LeAmtxjFagTYkRE7cujF',#18,'Basic Wall:Internal walls 0.12 m:501143',$,'Basic Wall:Internal walls 0.12 m',#2986,#3012,'501143',.NOTDEFINED.);
#3014=IFCPROPERTYSET('1h6HHL95fcgG6LvvfvY1Gp',#18,'Pset_EnvironmentalImpactIndicators',$,(#2618));
#3015=IFCPROPERTYSINGLEVALUE('Reference',$,IFCLABEL('Internal walls 0.12 m'),$);
#3016=IFCPROPERTYSET('0gFNaj8cHZ21CtuiA8F5p4',#18,'Pset_ReinforcementBarPitchOfWall',$,(#3015));
#3017=IFCPROPERTYSET('1AsH71iHk4DUkI_3NTYU_c',#18,'Pset_WallCommon',$,(#635,#636,#776,#2618));
#3018=IFCRELDEFINESBYPROPERTIES('2PafDK2WThh5AuYiSGIIfa',#18,$,$,(#3013),#3014);
#3019=IFCRELDEFINESBYPROPERTIES('0xEc6I04yO_oWig54L8RNX',#18,$,$,(#3013),#3016);
#3020=IFCRELDEFINESBYPROPERTIES('34XBDnrCWDAkADzZXSPdBX',#18,$,$,(#3013),#3017);
#3021=IFCCARTESIANPOINT((-19.2940591710597,0.753149892376728,0.));
#3022=IFCAXIS2PLACEMENT3D(#3021,#9,#6);
#3023=IFCLOCALPLACEMENT(#38,#3022);
#3024=IFCCARTESIANPOINTLIST3D(((2.62959205117923E-16,0.,0.),(3.39999999999999,0.,0.)));
#3025=IFCINDEXEDPOLYCURVE(#3024,$,.F.);
#3026=IFCSHAPEREPRESENTATION(#23,'Axis','Curve3D',(#3025));
#3027=IFCCARTESIANPOINTLIST2D(((3.39999999999999,0.06),(-1.93482876779052E-16,0.06),(1.93482876779052E-16,-0.06),(3.39999999999999,-0.06),(3.39999999999999,0.06)));
#3028=IFCINDEXEDPOLYCURVE(#3027,$,.F.);
#3029=IFCARBITRARYCLOSEDPROFILEDEF(.AREA.,$,#3028);
#3030=IFCAXIS2PLACEMENT3D(#3,$,$);
#3031=IFCEXTRUDEDAREASOLID(#3029,#3030,#9,4.);
#3032=IFCSTYLEDITEM(#3031,(#2596),$);
#3033=IFCCOLOURRGBLIST(((0.901960784313726,0.792156862745098,0.458823529411765)));
#3034=IFCINDEXEDPOLYGONALFACE((1,2,3,4,5,6,7,8));
#3035=IFCINDEXEDPOLYGONALFACE((9,10,11,12,13,14,15,16));
#3036=IFCINDEXEDPOLYGONALFACE((4,15,14,5));
#3037=IFCINDEXEDPOLYGONALFACE((2,1,10,9));
#3038=IFCINDEXEDPOLYGONALFACE((3,2,9,16));
#3039=IFCINDEXEDPOLYGONALFACE((4,3,16,15));
#3040=IFCINDEXEDPOLYGONALFACE((7,12,11,8));
#3041=IFCINDEXEDPOLYGONALFACE((12,7,6,13));
#3042=IFCINDEXEDPOLYGONALFACE((13,6,5,14));
#3043=IFCINDEXEDPOLYGONALFACE((10,1,8,11));
#3044=IFCCARTESIANPOINTLIST3D(((3.39999999999999,-0.0599999999999999,0.),(3.39999999999999,-0.0599999999999999,4.),(4.56442081896975E-16,-0.0599999999999999,4.),(4.56442081896975E-16,-0.0599999999999999,0.),(0.69499999999999,-0.06,0.),(0.69499999999999,-0.06,2.35999999999998),(2.70499999999999,-0.0599999999999999,2.35999999999998),(2.70499999999999,-0.0599999999999999,0.),(3.39999999999999,0.06,4.),(3.39999999999999,0.06,0.),(2.70499999999999,0.06,0.),(2.70499999999999,0.06,2.35999999999998),(0.694999999999989,0.0599999999999999,2.35999999999998),(0.694999999999994,0.0599999999999999,0.),(6.94763283388714E-17,0.06,0.),(6.94763283388714E-17,0.06,4.)));
#3045=IFCPOLYGONALFACESET(#3044,.T.,(#3034,#3035,#3036,#3037,#3038,#3039,#3040,#3041,#3042,#3043),$);
#3046=IFCINDEXEDCOLOURMAP(#3045,1.,#3033,(1,1,1,1,1,1,1,1,1,1));
#3047=IFCSTYLEDITEM(#3045,(#2596),$);
#3048=IFCSHAPEREPRESENTATION(#24,'Body','Tessellation',(#3045));
#3049=IFCPRODUCTDEFINITIONSHAPE($,$,(#3026,#3048));
#3050=IFCWALL('20LeAmtxjFagTYkRE7cuZF',#18,'Basic Wall:Internal walls 0.12 m:501271',$,'Basic Wall:Internal walls 0.12 m',#3023,#3049,'501271',.NOTDEFINED.);
#3051=IFCPROPERTYSET('0b_7MX8RLTuY9PAp6h2diB',#18,'Pset_EnvironmentalImpactIndicators',$,(#2618));
#3052=IFCPROPERTYSINGLEVALUE('Reference',$,IFCLABEL('Internal walls 0.12 m'),$);
#3053=IFCPROPERTYSET('1pzTMnGEEcJpcHjBYohk5h',#18,'Pset_ReinforcementBarPitchOfWall',$,(#3052));
#3054=IFCPROPERTYSET('3nQ0YLXK1TDkyaJhSDSAfY',#18,'Pset_WallCommon',$,(#635,#636,#776,#2618));
#3055=IFCRELDEFINESBYPROPERTIES('25yIIIAAaFtsEHfNm5UWlJ',#18,$,$,(#3050),#3051);
#3056=IFCRELDEFINESBYPROPERTIES('12kSpOeov88qtmcvN_sAkK',#18,$,$,(#3050),#3053);
#3057=IFCRELDEFINESBYPROPERTIES('0eWO9vntKkT9rl5$olMr34',#18,$,$,(#3050),#3054);
#3058=IFCCOLOURRGBLIST(((0.968627450980392,0.968627450980392,0.968627450980392)));
#3059=IFCINDEXEDPOLYGONALFACE((9,10,11,12,13,14,15,16,17,18,19,20,21,22,23,24,1,2,3,4,5,6,7,8));
#3060=IFCINDEXEDPOLYGONALFACE((36,37,1,24));
#3061=IFCINDEXEDPOLYGONALFACE((36,24,35));
#3062=IFCINDEXEDPOLYGONALFACE((33,34,23));
#3063=IFCINDEXEDPOLYGONALFACE((24,34,35));
#3064=IFCINDEXEDPOLYGONALFACE((32,33,22));
#3065=IFCINDEXEDPOLYGONALFACE((24,23,34));
#3066=IFCINDEXEDPOLYGONALFACE((30,31,20));
#3067=IFCINDEXEDPOLYGONALFACE((21,20,31));
#3068=IFCINDEXEDPOLYGONALFACE((21,32,22));
#3069=IFCINDEXEDPOLYGONALFACE((33,23,22));
#3070=IFCINDEXEDPOLYGONALFACE((21,31,32));
#3071=IFCINDEXEDPOLYGONALFACE((18,28,29));
#3072=IFCINDEXEDPOLYGONALFACE((19,29,30));
#3073=IFCINDEXEDPOLYGONALFACE((14,13,25,26));
#3074=IFCINDEXEDPOLYGONALFACE((15,14,26,27));
#3075=IFCINDEXEDPOLYGONALFACE((16,15,27,28));
#3076=IFCINDEXEDPOLYGONALFACE((18,17,28));
#3077=IFCINDEXEDPOLYGONALFACE((29,19,18));
#3078=IFCINDEXEDPOLYGONALFACE((28,17,16));
#3079=IFCINDEXEDPOLYGONALFACE((20,19,30));
#3080=IFCINDEXEDPOLYGONALFACE((10,46,47,11));
#3081=IFCINDEXEDPOLYGONALFACE((11,47,48,12));
#3082=IFCINDEXEDPOLYGONALFACE((44,45,7));
#3083=IFCINDEXEDPOLYGONALFACE((7,45,8));
#3084=IFCINDEXEDPOLYGONALFACE((8,45,46));
#3085=IFCINDEXEDPOLYGONALFACE((13,12,48,25));
#3086=IFCINDEXEDPOLYGONALFACE((46,10,9));
#3087=IFCINDEXEDPOLYGONALFACE((9,8,46));
#3088=IFCINDEXEDPOLYGONALFACE((6,43,44));
#3089=IFCINDEXEDPOLYGONALFACE((42,4,41));
#3090=IFCINDEXEDPOLYGONALFACE((41,3,40));
#3091=IFCINDEXEDPOLYGONALFACE((38,39,2));
#3092=IFCINDEXEDPOLYGONALFACE((2,39,40));
#3093=IFCINDEXEDPOLYGONALFACE((37,38,2,1));
#3094=IFCINDEXEDPOLYGONALFACE((43,6,5));
#3095=IFCINDEXEDPOLYGONALFACE((6,44,7));
#3096=IFCINDEXEDPOLYGONALFACE((40,3,2));
#3097=IFCINDEXEDPOLYGONALFACE((3,41,4));
#3098=IFCINDEXEDPOLYGONALFACE((42,5,4));
#3099=IFCINDEXEDPOLYGONALFACE((5,42,43));
#3100=IFCINDEXEDPOLYGONALFACE((64,65,66,67,68,69,70,71,72,49,50,51,52,53,54,55,56,57,58,59,60,61,62,63));
#3101=IFCINDEXEDPOLYGONALFACE((50,49,37,36));
#3102=IFCINDEXEDPOLYGONALFACE((50,36,35,51));
#3103=IFCINDEXEDPOLYGONALFACE((31,53,32));
#3104=IFCINDEXEDPOLYGONALFACE((52,51,35,34));
#3105=IFCINDEXEDPOLYGONALFACE((53,52,32));
#3106=IFCINDEXEDPOLYGONALFACE((55,54,30));
#3107=IFCINDEXEDPOLYGONALFACE((52,33,32));
#3108=IFCINDEXEDPOLYGONALFACE((33,52,34));
#3109=IFCINDEXEDPOLYGONALFACE((31,54,53));
#3110=IFCINDEXEDPOLYGONALFACE((28,58,57,29));
#3111=IFCINDEXEDPOLYGONALFACE((29,57,56,30));
#3112=IFCINDEXEDPOLYGONALFACE((25,61,60,26));
#3113=IFCINDEXEDPOLYGONALFACE((26,60,59,27));
#3114=IFCINDEXEDPOLYGONALFACE((27,59,58,28));
#3115=IFCINDEXEDPOLYGONALFACE((30,54,31));
#3116=IFCINDEXEDPOLYGONALFACE((56,55,30));
#3117=IFCINDEXEDPOLYGONALFACE((62,61,25,48));
#3118=IFCINDEXEDPOLYGONALFACE((62,48,47,63));
#3119=IFCINDEXEDPOLYGONALFACE((65,64,46,45));
#3120=IFCINDEXEDPOLYGONALFACE((47,46,64,63));
#3121=IFCINDEXEDPOLYGONALFACE((66,65,45,44));
#3122=IFCINDEXEDPOLYGONALFACE((44,68,67));
#3123=IFCINDEXEDPOLYGONALFACE((66,44,67));
#3124=IFCINDEXEDPOLYGONALFACE((42,70,69));
#3125=IFCINDEXEDPOLYGONALFACE((43,69,68));
#3126=IFCINDEXEDPOLYGONALFACE((38,37,49,72));
#3127=IFCINDEXEDPOLYGONALFACE((39,38,72,71));
#3128=IFCINDEXEDPOLYGONALFACE((40,39,71,70));
#3129=IFCINDEXEDPOLYGONALFACE((42,41,70));
#3130=IFCINDEXEDPOLYGONALFACE((69,43,42));
#3131=IFCINDEXEDPOLYGONALFACE((40,70,41));
#3132=IFCINDEXEDPOLYGONALFACE((44,43,68));
#3133=IFCCARTESIANPOINTLIST3D(((0.915000000000004,0.0950000000008413,0.999999999999991),(0.914659258262895,0.0950000000008413,0.997411809548966),(0.913660254037849,0.0950000000008413,0.994999999999991),(0.91207106781187,0.0950000000008413,0.992928932188126),(0.910000000000005,0.0950000000008412,0.991339745962147),(0.90758819045103,0.0950000000008412,0.9903407417371),(0.905000000000005,0.0950000000008412,0.989999999999991),(0.902411809548979,0.0950000000008411,0.9903407417371),(0.900000000000005,0.0950000000008411,0.991339745962147),(0.897928932188139,0.0950000000008411,0.992928932188126),(0.89633974596216,0.0950000000008411,0.994999999999991),(0.895340741737114,0.0950000000008411,0.997411809548966),(0.895000000000005,0.0950000000008411,0.999999999999991),(0.895340741737114,0.0950000000008411,1.00258819045102),(0.89633974596216,0.0950000000008411,1.00499999999999),(0.897928932188139,0.0950000000008411,1.00707106781186),(0.900000000000005,0.0950000000008411,1.00866025403784),(0.90241180954898,0.0950000000008411,1.00965925826288),(0.905000000000005,0.0950000000008412,1.00999999999999),(0.90758819045103,0.0950000000008412,1.00965925826288),(0.910000000000005,0.0950000000008412,1.00866025403784),(0.91207106781187,0.0950000000008413,1.00707106781186),(0.913660254037849,0.0950000000008413,1.00499999999999),(0.914659258262895,0.0950000000008413,1.00258819045102),(0.895000000000005,0.0450000000008285,0.999999999999991),(0.895340741737115,0.0446592582637192,1.00258819045102),(0.896339745962161,0.0436602540386727,1.00499999999999),(0.89792893218814,0.0420710678126941,1.00707106781186),(0.900000000000006,0.0400000000008284,1.00866025403784),(0.90241180954898,0.0375881904518537,1.00965925826288),(0.905000000000006,0.0350000000008286,1.00999999999999),(0.907588190451031,0.0324118095498035,1.00965925826288),(0.910000000000005,0.0300000000008288,1.00866025403784),(0.912071067811871,0.0279289321889632,1.00707106781186),(0.91366025403785,0.0263397459629846,1.00499999999999),(0.914659258262896,0.0253407417379382,1.00258819045102),(0.915000000000005,0.0250000000008289,0.999999999999991),(0.914659258262896,0.0253407417379383,0.997411809548966),(0.91366025403785,0.0263397459629844,0.994999999999991),(0.912071067811871,0.0279289321889636,0.992928932188126),(0.910000000000005,0.0300000000008288,0.991339745962147),(0.907588190451031,0.0324118095498035,0.9903407417371),(0.905000000000005,0.0350000000008288,0.989999999999991),(0.90241180954898,0.037588190451854,0.9903407417371),(0.900000000000005,0.0400000000008288,0.991339745962147),(0.89792893218814,0.0420710678126939,0.992928932188126),(0.896339745962161,0.043660254038673,0.994999999999991),(0.895340741737115,0.0446592582637191,0.997411809548966),(0.785000000000003,0.0250000000008273,0.999999999999991),(0.785000000000003,0.0253407417379365,1.00258819045102),(0.785000000000003,0.026339745962983,1.00499999999999),(0.785000000000003,0.0279289321889616,1.00707106781186),(0.785000000000003,0.0300000000008273,1.00866025403784),(0.785000000000002,0.032411809549802,1.00965925826288),(0.785000000000002,0.0350000000008271,1.00999999999999),(0.785000000000002,0.0375881904518522,1.00965925826288),(0.785000000000002,0.0400000000008269,1.00866025403784),(0.785000000000002,0.0420710678126926,1.00707106781186),(0.785000000000002,0.0436602540386713,1.00499999999999),(0.785000000000002,0.0446592582637178,1.00258819045102),(0.785000000000002,0.0450000000008271,0.999999999999991),(0.785000000000002,0.0446592582637177,0.997411809548966),(0.785000000000002,0.0436602540386716,0.994999999999991),(0.785000000000002,0.0420710678126925,0.992928932188126),(0.785000000000002,0.0400000000008273,0.991339745962147),(0.785000000000002,0.0375881904518525,0.9903407417371),(0.785000000000002,0.0350000000008273,0.989999999999991),(0.785000000000002,0.032411809549802,0.9903407417371),(0.785000000000003,0.0300000000008272,0.991339745962147),(0.785000000000003,0.027928932188962,0.992928932188125),(0.785000000000003,0.0263397459629828,0.994999999999991),(0.785000000000003,0.0253407417379367,0.997411809548966)));
#3134=IFCPOLYGONALFACESET(#3133,.T.,(#3059,#3060,#3061,#3062,#3063,#3064,#3065,#3066,#3067,#3068,#3069,#3070,#3071,#3072,#3073,#3074,#3075,#3076,#3077,#3078,#3079,#3080,#3081,#3082,#3083,#3084,#3085,#3086,#3087,#3088,#3089,#3090,#3091,#3092,#3093,#3094,#3095,#3096,#3097,#3098,#3099,#3100,#3101,#3102,#3103,#3104,#3105,#3106,#3107,#3108,#3109,#3110,#3111,#3112,#3113,#3114,#3115,#3116,#3117,#3118,#3119,#3120,#3121,#3122,#3123,#3124,#3125,#3126,#3127,#3128,#3129,#3130,#3131,#3132),$);
#3135=IFCINDEXEDCOLOURMAP(#3134,1.,#3058,(1,1,1,1,1,1,1,1,1,1,1,1,1,1,1,1,1,1,1,1,1,1,1,1,1,1,1,1,1,1,1,1,1,1,1,1,1,1,1,1,1,1,1,1,1,1,1,1,1,1,1,1,1,1,1,1,1,1,1,1,1,1,1,1,1,1,1,1,1,1,1,1,1,1));
#3136=IFCCOLOURRGB($,0.968627450980392,0.968627450980392,0.968627450980392);
#3137=IFCSURFACESTYLERENDERING(#3136,0.,$,$,$,$,IFCNORMALISEDRATIOMEASURE(0.5),IFCSPECULAREXPONENT(128.),.NOTDEFINED.);
#3138=IFCSURFACESTYLE('Metall - Chrom',.BOTH.,(#3137));
#3139=IFCSTYLEDITEM(#3134,(#3138),$);
#3140=IFCCOLOURRGBLIST(((0.968627450980392,0.968627450980392,0.968627450980392)));
#3141=IFCINDEXEDPOLYGONALFACE((9,10,11,12,13,14,15,16,17,18,19,20,21,22,23,24,1,2,3,4,5,6,7,8));
#3142=IFCINDEXEDPOLYGONALFACE((21,34,35));
#3143=IFCINDEXEDPOLYGONALFACE((23,35,36,24));
#3144=IFCINDEXEDPOLYGONALFACE((32,33,19));
#3145=IFCINDEXEDPOLYGONALFACE((19,33,20));
#3146=IFCINDEXEDPOLYGONALFACE((20,33,34));
#3147=IFCINDEXEDPOLYGONALFACE((1,24,36,37));
#3148=IFCINDEXEDPOLYGONALFACE((22,35,23));
#3149=IFCINDEXEDPOLYGONALFACE((35,22,21));
#3150=IFCINDEXEDPOLYGONALFACE((21,20,34));
#3151=IFCINDEXEDPOLYGONALFACE((17,31,32));
#3152=IFCINDEXEDPOLYGONALFACE((30,15,29));
#3153=IFCINDEXEDPOLYGONALFACE((29,14,28));
#3154=IFCINDEXEDPOLYGONALFACE((26,27,13));
#3155=IFCINDEXEDPOLYGONALFACE((14,27,28));
#3156=IFCINDEXEDPOLYGONALFACE((25,26,13));
#3157=IFCINDEXEDPOLYGONALFACE((32,18,17));
#3158=IFCINDEXEDPOLYGONALFACE((18,32,19));
#3159=IFCINDEXEDPOLYGONALFACE((29,15,14));
#3160=IFCINDEXEDPOLYGONALFACE((15,30,16));
#3161=IFCINDEXEDPOLYGONALFACE((16,31,17));
#3162=IFCINDEXEDPOLYGONALFACE((27,14,13));
#3163=IFCINDEXEDPOLYGONALFACE((31,16,30));
#3164=IFCINDEXEDPOLYGONALFACE((48,25,13));
#3165=IFCINDEXEDPOLYGONALFACE((48,13,47));
#3166=IFCINDEXEDPOLYGONALFACE((45,46,12));
#3167=IFCINDEXEDPOLYGONALFACE((12,46,47));
#3168=IFCINDEXEDPOLYGONALFACE((44,45,11));
#3169=IFCINDEXEDPOLYGONALFACE((12,11,45));
#3170=IFCINDEXEDPOLYGONALFACE((47,13,12));
#3171=IFCINDEXEDPOLYGONALFACE((43,9,42));
#3172=IFCINDEXEDPOLYGONALFACE((8,42,9));
#3173=IFCINDEXEDPOLYGONALFACE((43,10,9));
#3174=IFCINDEXEDPOLYGONALFACE((44,11,10));
#3175=IFCINDEXEDPOLYGONALFACE((43,44,10));
#3176=IFCINDEXEDPOLYGONALFACE((6,40,41));
#3177=IFCINDEXEDPOLYGONALFACE((7,41,42));
#3178=IFCINDEXEDPOLYGONALFACE((2,1,37,38));
#3179=IFCINDEXEDPOLYGONALFACE((3,2,38,39));
#3180=IFCINDEXEDPOLYGONALFACE((5,39,40));
#3181=IFCINDEXEDPOLYGONALFACE((6,5,40));
#3182=IFCINDEXEDPOLYGONALFACE((41,7,6));
#3183=IFCINDEXEDPOLYGONALFACE((3,39,4));
#3184=IFCINDEXEDPOLYGONALFACE((39,5,4));
#3185=IFCINDEXEDPOLYGONALFACE((8,7,42));
#3186=IFCINDEXEDPOLYGONALFACE((64,65,66,67,68,69,70,71,72,49,50,51,52,53,54,55,56,57,58,59,60,61,62,63));
#3187=IFCINDEXEDPOLYGONALFACE((50,49,37,36));
#3188=IFCINDEXEDPOLYGONALFACE((50,36,35,51));
#3189=IFCINDEXEDPOLYGONALFACE((33,32,54,53));
#3190=IFCINDEXEDPOLYGONALFACE((52,51,35,34));
#3191=IFCINDEXEDPOLYGONALFACE((53,52,34,33));
#3192=IFCINDEXEDPOLYGONALFACE((32,56,55));
#3193=IFCINDEXEDPOLYGONALFACE((54,32,55));
#3194=IFCINDEXEDPOLYGONALFACE((30,58,57));
#3195=IFCINDEXEDPOLYGONALFACE((31,57,56));
#3196=IFCINDEXEDPOLYGONALFACE((26,25,61,60));
#3197=IFCINDEXEDPOLYGONALFACE((27,26,60,59));
#3198=IFCINDEXEDPOLYGONALFACE((28,27,59,58));
#3199=IFCINDEXEDPOLYGONALFACE((30,29,58));
#3200=IFCINDEXEDPOLYGONALFACE((57,31,30));
#3201=IFCINDEXEDPOLYGONALFACE((28,58,29));
#3202=IFCINDEXEDPOLYGONALFACE((32,31,56));
#3203=IFCINDEXEDPOLYGONALFACE((47,63,62,48));
#3204=IFCINDEXEDPOLYGONALFACE((48,62,61,25));
#3205=IFCINDEXEDPOLYGONALFACE((43,65,44));
#3206=IFCINDEXEDPOLYGONALFACE((44,65,64));
#3207=IFCINDEXEDPOLYGONALFACE((46,64,63,47));
#3208=IFCINDEXEDPOLYGONALFACE((67,66,42));
#3209=IFCINDEXEDPOLYGONALFACE((64,45,44));
#3210=IFCINDEXEDPOLYGONALFACE((45,64,46));
#3211=IFCINDEXEDPOLYGONALFACE((43,66,65));
#3212=IFCINDEXEDPOLYGONALFACE((40,70,69,41));
#3213=IFCINDEXEDPOLYGONALFACE((41,69,68,42));
#3214=IFCINDEXEDPOLYGONALFACE((37,49,72,38));
#3215=IFCINDEXEDPOLYGONALFACE((38,72,71,39));
#3216=IFCINDEXEDPOLYGONALFACE((39,71,70,40));
#3217=IFCINDEXEDPOLYGONALFACE((42,66,43));
#3218=IFCINDEXEDPOLYGONALFACE((68,67,42));
#3219=IFCCARTESIANPOINTLIST3D(((0.894999999999997,0.155000000000841,0.999999999999991),(0.895340741737106,0.155000000000841,0.997411809548966),(0.896339745962153,0.155000000000841,0.994999999999991),(0.897928932188132,0.155000000000841,0.992928932188126),(0.899999999999997,0.155000000000841,0.991339745962147),(0.902411809548972,0.155000000000841,0.9903407417371),(0.904999999999997,0.155000000000841,0.989999999999991),(0.907588190451022,0.155000000000841,0.9903407417371),(0.909999999999997,0.155000000000841,0.991339745962147),(0.912071067811862,0.155000000000841,0.992928932188126),(0.913660254037841,0.155000000000841,0.994999999999991),(0.914659258262888,0.155000000000841,0.997411809548966),(0.914999999999997,0.155000000000841,0.999999999999991),(0.914659258262888,0.155000000000841,1.00258819045102),(0.913660254037841,0.155000000000841,1.00499999999999),(0.912071067811862,0.155000000000841,1.00707106781186),(0.909999999999997,0.155000000000841,1.00866025403784),(0.907588190451022,0.155000000000841,1.00965925826288),(0.904999999999997,0.155000000000841,1.00999999999999),(0.902411809548972,0.155000000000841,1.00965925826288),(0.899999999999997,0.155000000000841,1.00866025403784),(0.897928932188132,0.155000000000841,1.00707106781186),(0.896339745962153,0.155000000000841,1.00499999999999),(0.895340741737106,0.155000000000841,1.00258819045102),(0.914999999999997,0.20500000000084,0.999999999999991),(0.914659258262888,0.20465925826373,1.00258819045102),(0.913660254037841,0.203660254038684,1.00499999999999),(0.912071067811862,0.202071067812705,1.00707106781186),(0.909999999999997,0.20000000000084,1.00866025403784),(0.907588190451022,0.197588190451865,1.00965925826288),(0.904999999999997,0.19500000000084,1.00999999999999),(0.902411809548972,0.192411809549815,1.00965925826288),(0.899999999999997,0.19000000000084,1.00866025403784),(0.897928932188132,0.187928932188974,1.00707106781186),(0.896339745962153,0.186339745962996,1.00499999999999),(0.895340741737106,0.185340741737949,1.00258819045102),(0.894999999999997,0.18500000000084,0.999999999999991),(0.895340741737106,0.185340741737949,0.997411809548966),(0.896339745962153,0.186339745962996,0.994999999999991),(0.897928932188132,0.187928932188975,0.992928932188126),(0.899999999999997,0.19000000000084,0.991339745962147),(0.902411809548972,0.192411809549815,0.9903407417371),(0.904999999999997,0.19500000000084,0.989999999999991),(0.907588190451022,0.197588190451865,0.9903407417371),(0.909999999999997,0.20000000000084,0.991339745962147),(0.912071067811862,0.202071067812705,0.992928932188126),(0.913660254037841,0.203660254038684,0.994999999999991),(0.914659258262888,0.20465925826373,0.997411809548966),(0.784999999999997,0.18500000000084,0.999999999999991),(0.784999999999997,0.185340741737949,1.00258819045102),(0.784999999999997,0.186339745962996,1.00499999999999),(0.784999999999997,0.187928932188974,1.00707106781186),(0.784999999999997,0.19000000000084,1.00866025403784),(0.784999999999997,0.192411809549815,1.00965925826288),(0.784999999999997,0.19500000000084,1.00999999999999),(0.784999999999997,0.197588190451865,1.00965925826288),(0.784999999999997,0.20000000000084,1.00866025403784),(0.784999999999997,0.202071067812705,1.00707106781186),(0.784999999999997,0.203660254038684,1.00499999999999),(0.784999999999997,0.204659258263731,1.00258819045102),(0.784999999999997,0.20500000000084,0.999999999999991),(0.784999999999997,0.20465925826373,0.997411809548966),(0.784999999999997,0.203660254038684,0.994999999999991),(0.784999999999997,0.202071067812705,0.992928932188126),(0.784999999999997,0.20000000000084,0.991339745962147),(0.784999999999997,0.197588190451865,0.9903407417371),(0.784999999999997,0.19500000000084,0.989999999999991),(0.784999999999997,0.192411809549815,0.9903407417371),(0.784999999999997,0.19000000000084,0.991339745962147),(0.784999999999997,0.187928932188975,0.992928932188125),(0.784999999999997,0.186339745962996,0.994999999999991),(0.784999999999997,0.185340741737949,0.997411809548966)));
#3220=IFCPOLYGONALFACESET(#3219,.T.,(#3141,#3142,#3143,#3144,#3145,#3146,#3147,#3148,#3149,#3150,#3151,#3152,#3153,#3154,#3155,#3156,#3157,#3158,#3159,#3160,#3161,#3162,#3163,#3164,#3165,#3166,#3167,#3168,#3169,#3170,#3171,#3172,#3173,#3174,#3175,#3176,#3177,#3178,#3179,#3180,#3181,#3182,#3183,#3184,#3185,#3186,#3187,#3188,#3189,#3190,#3191,#3192,#3193,#3194,#3195,#3196,#3197,#3198,#3199,#3200,#3201,#3202,#3203,#3204,#3205,#3206,#3207,#3208,#3209,#3210,#3211,#3212,#3213,#3214,#3215,#3216,#3217,#3218),$);
#3221=IFCINDEXEDCOLOURMAP(#3220,1.,#3140,(1,1,1,1,1,1,1,1,1,1,1,1,1,1,1,1,1,1,1,1,1,1,1,1,1,1,1,1,1,1,1,1,1,1,1,1,1,1,1,1,1,1,1,1,1,1,1,1,1,1,1,1,1,1,1,1,1,1,1,1,1,1,1,1,1,1,1,1,1,1,1,1,1,1,1,1,1,1));
#3222=IFCSTYLEDITEM(#3220,(#3138),$);
#3223=IFCCOLOURRGBLIST(((0.968627450980392,0.968627450980392,0.968627450980392)));
#3224=IFCINDEXEDPOLYGONALFACE((18,19,20,21,22,23,24,1,2,3,4,5,6,7,8,9,10,11,12,13,14,15,16,17));
#3225=IFCINDEXEDPOLYGONALFACE((40,41,42,43,44,45,46,47,48,25,26,27,28,29,30,31,32,33,34,35,36,37,38,39));
#3226=IFCINDEXEDPOLYGONALFACE((25,1,24,26));
#3227=IFCINDEXEDPOLYGONALFACE((26,24,23,27));
#3228=IFCINDEXEDPOLYGONALFACE((29,28,22,21));
#3229=IFCINDEXEDPOLYGONALFACE((22,28,27,23));
#3230=IFCINDEXEDPOLYGONALFACE((30,29,21,20));
#3231=IFCINDEXEDPOLYGONALFACE((30,20,19,31));
#3232=IFCINDEXEDPOLYGONALFACE((31,19,18,32));
#3233=IFCINDEXEDPOLYGONALFACE((32,18,17,33));
#3234=IFCINDEXEDPOLYGONALFACE((35,34,16,15));
#3235=IFCINDEXEDPOLYGONALFACE((16,34,33,17));
#3236=IFCINDEXEDPOLYGONALFACE((36,35,15,14));
#3237=IFCINDEXEDPOLYGONALFACE((36,14,13,37));
#3238=IFCINDEXEDPOLYGONALFACE((37,13,12,38));
#3239=IFCINDEXEDPOLYGONALFACE((38,12,11,39));
#3240=IFCINDEXEDPOLYGONALFACE((41,40,10,9));
#3241=IFCINDEXEDPOLYGONALFACE((10,40,39,11));
#3242=IFCINDEXEDPOLYGONALFACE((42,41,9,8));
#3243=IFCINDEXEDPOLYGONALFACE((42,8,7,43));
#3244=IFCINDEXEDPOLYGONALFACE((43,7,6,44));
#3245=IFCINDEXEDPOLYGONALFACE((44,6,5,45));
#3246=IFCINDEXEDPOLYGONALFACE((47,46,4,3));
#3247=IFCINDEXEDPOLYGONALFACE((4,46,45,5));
#3248=IFCINDEXEDPOLYGONALFACE((48,47,3,2));
#3249=IFCINDEXEDPOLYGONALFACE((48,2,1,25));
#3250=IFCCARTESIANPOINTLIST3D(((0.924999999999997,0.0950000000009624,0.999999999999991),(0.924318516525779,0.0950000000009624,0.99482361909794),(0.922320508075686,0.0950000000009624,0.989999999999991),(0.919142135623728,0.0950000000009623,0.98585786437626),(0.914999999999997,0.0950000000009623,0.982679491924302),(0.910176380902048,0.0950000000009623,0.98068148347421),(0.904999999999997,0.0950000000009623,0.979999999999991),(0.899823619097947,0.0950000000009622,0.98068148347421),(0.894999999999997,0.0950000000009622,0.982679491924302),(0.890857864376266,0.0950000000009622,0.98585786437626),(0.887679491924309,0.0950000000009621,0.989999999999991),(0.885681483474216,0.0950000000009621,0.994823619097941),(0.884999999999997,0.0950000000009621,0.999999999999991),(0.885681483474216,0.0950000000009621,1.00517638090204),(0.887679491924309,0.0950000000009621,1.00999999999999),(0.890857864376266,0.0950000000009622,1.01414213562372),(0.894999999999997,0.0950000000009622,1.01732050807568),(0.899823619097947,0.0950000000009622,1.01931851652577),(0.904999999999997,0.0950000000009623,1.01999999999999),(0.910176380902048,0.0950000000009623,1.01931851652577),(0.914999999999997,0.0950000000009623,1.01732050807568),(0.919142135623728,0.0950000000009623,1.01414213562372),(0.922320508075686,0.0950000000009624,1.00999999999999),(0.924318516525779,0.0950000000009624,1.00517638090204),(0.924999999999997,0.0850000000009597,0.999999999999991),(0.924318516525779,0.0850000000009597,1.00517638090204),(0.922320508075686,0.0850000000009597,1.00999999999999),(0.919142135623728,0.0850000000009597,1.01414213562372),(0.914999999999997,0.0850000000009597,1.01732050807568),(0.910176380902048,0.0850000000009596,1.01931851652577),(0.904999999999997,0.0850000000009596,1.01999999999999),(0.899823619097947,0.0850000000009596,1.01931851652577),(0.894999999999997,0.0850000000009595,1.01732050807568),(0.890857864376266,0.0850000000009595,1.01414213562372),(0.887679491924309,0.0850000000009595,1.00999999999999),(0.885681483474216,0.0850000000009595,1.00517638090204),(0.884999999999997,0.0850000000009595,0.999999999999991),(0.885681483474216,0.0850000000009595,0.994823619097941),(0.887679491924309,0.0850000000009595,0.989999999999991),(0.890857864376266,0.0850000000009595,0.98585786437626),(0.894999999999997,0.0850000000009595,0.982679491924302),(0.899823619097947,0.0850000000009596,0.98068148347421),(0.904999999999997,0.0850000000009596,0.979999999999991),(0.910176380902048,0.0850000000009596,0.98068148347421),(0.914999999999997,0.0850000000009597,0.982679491924302),(0.919142135623728,0.0850000000009597,0.98585786437626),(0.922320508075686,0.0850000000009597,0.989999999999991),(0.924318516525779,0.0850000000009597,0.99482361909794)));
#3251=IFCPOLYGONALFACESET(#3250,.T.,(#3224,#3225,#3226,#3227,#3228,#3229,#3230,#3231,#3232,#3233,#3234,#3235,#3236,#3237,#3238,#3239,#3240,#3241,#3242,#3243,#3244,#3245,#3246,#3247,#3248,#3249),$);
#3252=IFCINDEXEDCOLOURMAP(#3251,1.,#3223,(1,1,1,1,1,1,1,1,1,1,1,1,1,1,1,1,1,1,1,1,1,1,1,1,1,1));
#3253=IFCSTYLEDITEM(#3251,(#3138),$);
#3254=IFCCOLOURRGBLIST(((0.968627450980392,0.968627450980392,0.968627450980392)));
#3255=IFCINDEXEDPOLYGONALFACE((18,19,20,21,22,23,24,1,2,3,4,5,6,7,8,9,10,11,12,13,14,15,16,17));
#3256=IFCINDEXEDPOLYGONALFACE((40,41,42,43,44,45,46,47,48,25,26,27,28,29,30,31,32,33,34,35,36,37,38,39));
#3257=IFCINDEXEDPOLYGONALFACE((25,1,24,26));
#3258=IFCINDEXEDPOLYGONALFACE((26,24,23,27));
#3259=IFCINDEXEDPOLYGONALFACE((29,28,22,21));
#3260=IFCINDEXEDPOLYGONALFACE((22,28,27,23));
#3261=IFCINDEXEDPOLYGONALFACE((30,29,21,20));
#3262=IFCINDEXEDPOLYGONALFACE((30,20,19,31));
#3263=IFCINDEXEDPOLYGONALFACE((31,19,18,32));
#3264=IFCINDEXEDPOLYGONALFACE((32,18,17,33));
#3265=IFCINDEXEDPOLYGONALFACE((35,34,16,15));
#3266=IFCINDEXEDPOLYGONALFACE((16,34,33,17));
#3267=IFCINDEXEDPOLYGONALFACE((36,35,15,14));
#3268=IFCINDEXEDPOLYGONALFACE((36,14,13,37));
#3269=IFCINDEXEDPOLYGONALFACE((37,13,12,38));
#3270=IFCINDEXEDPOLYGONALFACE((38,12,11,39));
#3271=IFCINDEXEDPOLYGONALFACE((41,40,10,9));
#3272=IFCINDEXEDPOLYGONALFACE((10,40,39,11));
#3273=IFCINDEXEDPOLYGONALFACE((42,41,9,8));
#3274=IFCINDEXEDPOLYGONALFACE((42,8,7,43));
#3275=IFCINDEXEDPOLYGONALFACE((43,7,6,44));
#3276=IFCINDEXEDPOLYGONALFACE((44,6,5,45));
#3277=IFCINDEXEDPOLYGONALFACE((47,46,4,3));
#3278=IFCINDEXEDPOLYGONALFACE((4,46,45,5));
#3279=IFCINDEXEDPOLYGONALFACE((48,47,3,2));
#3280=IFCINDEXEDPOLYGONALFACE((48,2,1,25));
#3281=IFCCARTESIANPOINTLIST3D(((0.924999999999997,0.145000000000841,0.999999999999991),(0.924318516525778,0.145000000000841,1.00517638090204),(0.922320508075686,0.145000000000841,1.00999999999999),(0.919142135623728,0.145000000000841,1.01414213562372),(0.914999999999997,0.145000000000841,1.01732050807568),(0.910176380902047,0.145000000000841,1.01931851652577),(0.904999999999997,0.145000000000841,1.01999999999999),(0.899823619097947,0.145000000000841,1.01931851652577),(0.894999999999997,0.145000000000841,1.01732050807568),(0.890857864376266,0.145000000000841,1.01414213562372),(0.887679491924308,0.145000000000841,1.00999999999999),(0.885681483474216,0.145000000000841,1.00517638090204),(0.884999999999997,0.145000000000841,0.999999999999991),(0.885681483474216,0.145000000000841,0.99482361909794),(0.887679491924308,0.145000000000841,0.989999999999991),(0.890857864376266,0.145000000000841,0.98585786437626),(0.894999999999997,0.145000000000841,0.982679491924302),(0.899823619097947,0.145000000000841,0.98068148347421),(0.904999999999997,0.145000000000841,0.979999999999991),(0.910176380902048,0.145000000000841,0.98068148347421),(0.914999999999997,0.145000000000841,0.982679491924302),(0.919142135623728,0.145000000000841,0.98585786437626),(0.922320508075686,0.145000000000841,0.989999999999991),(0.924318516525778,0.145000000000841,0.994823619097941),(0.924999999999997,0.155000000000841,0.999999999999991),(0.924318516525778,0.155000000000841,0.994823619097941),(0.922320508075686,0.155000000000841,0.989999999999991),(0.919142135623728,0.155000000000841,0.98585786437626),(0.914999999999997,0.155000000000841,0.982679491924302),(0.910176380902048,0.155000000000841,0.98068148347421),(0.904999999999997,0.155000000000841,0.979999999999991),(0.899823619097947,0.155000000000841,0.98068148347421),(0.894999999999997,0.155000000000841,0.982679491924302),(0.890857864376266,0.155000000000841,0.98585786437626),(0.887679491924308,0.155000000000841,0.989999999999991),(0.885681483474216,0.155000000000841,0.99482361909794),(0.884999999999997,0.155000000000841,0.999999999999991),(0.885681483474216,0.155000000000841,1.00517638090204),(0.887679491924308,0.155000000000841,1.00999999999999),(0.890857864376266,0.155000000000841,1.01414213562372),(0.894999999999997,0.155000000000841,1.01732050807568),(0.899823619097947,0.155000000000841,1.01931851652577),(0.904999999999997,0.155000000000841,1.01999999999999),(0.910176380902047,0.155000000000841,1.01931851652577),(0.914999999999997,0.155000000000841,1.01732050807568),(0.919142135623728,0.155000000000841,1.01414213562372),(0.922320508075686,0.155000000000841,1.00999999999999),(0.924318516525778,0.155000000000841,1.00517638090204)));
#3282=IFCPOLYGONALFACESET(#3281,.T.,(#3255,#3256,#3257,#3258,#3259,#3260,#3261,#3262,#3263,#3264,#3265,#3266,#3267,#3268,#3269,#3270,#3271,#3272,#3273,#3274,#3275,#3276,#3277,#3278,#3279,#3280),$);
#3283=IFCINDEXEDCOLOURMAP(#3282,1.,#3254,(1,1,1,1,1,1,1,1,1,1,1,1,1,1,1,1,1,1,1,1,1,1,1,1,1,1));
#3284=IFCSTYLEDITEM(#3282,(#3138),$);
#3285=IFCCOLOURRGBLIST(((0.968627450980392,0.968627450980392,0.968627450980392)));
#3286=IFCINDEXEDPOLYGONALFACE((18,19,20,21,22,23,24,1,2,3,4,5,6,7,8,9,10,11,12,13,14,15,16,17));
#3287=IFCINDEXEDPOLYGONALFACE((1,25,26,2));
#3288=IFCINDEXEDPOLYGONALFACE((27,2,26));
#3289=IFCINDEXEDPOLYGONALFACE((3,28,29));
#3290=IFCINDEXEDPOLYGONALFACE((27,28,2));
#3291=IFCINDEXEDPOLYGONALFACE((4,29,30));
#3292=IFCINDEXEDPOLYGONALFACE((28,3,2));
#3293=IFCINDEXEDPOLYGONALFACE((6,31,32));
#3294=IFCINDEXEDPOLYGONALFACE((31,6,5));
#3295=IFCINDEXEDPOLYGONALFACE((4,30,5));
#3296=IFCINDEXEDPOLYGONALFACE((4,3,29));
#3297=IFCINDEXEDPOLYGONALFACE((30,31,5));
#3298=IFCINDEXEDPOLYGONALFACE((33,34,8));
#3299=IFCINDEXEDPOLYGONALFACE((32,33,7));
#3300=IFCINDEXEDPOLYGONALFACE((36,37,13,12));
#3301=IFCINDEXEDPOLYGONALFACE((35,36,12,11));
#3302=IFCINDEXEDPOLYGONALFACE((34,35,11,10));
#3303=IFCINDEXEDPOLYGONALFACE((34,9,8));
#3304=IFCINDEXEDPOLYGONALFACE((8,7,33));
#3305=IFCINDEXEDPOLYGONALFACE((10,9,34));
#3306=IFCINDEXEDPOLYGONALFACE((32,7,6));
#3307=IFCINDEXEDPOLYGONALFACE((39,40,16,15));
#3308=IFCINDEXEDPOLYGONALFACE((38,39,15,14));
#3309=IFCINDEXEDPOLYGONALFACE((19,41,42));
#3310=IFCINDEXEDPOLYGONALFACE((18,41,19));
#3311=IFCINDEXEDPOLYGONALFACE((40,41,18));
#3312=IFCINDEXEDPOLYGONALFACE((37,38,14,13));
#3313=IFCINDEXEDPOLYGONALFACE((17,16,40));
#3314=IFCINDEXEDPOLYGONALFACE((40,18,17));
#3315=IFCINDEXEDPOLYGONALFACE((42,43,20));
#3316=IFCINDEXEDPOLYGONALFACE((45,22,44));
#3317=IFCINDEXEDPOLYGONALFACE((46,23,45));
#3318=IFCINDEXEDPOLYGONALFACE((24,47,48));
#3319=IFCINDEXEDPOLYGONALFACE((46,47,24));
#3320=IFCINDEXEDPOLYGONALFACE((1,24,48,25));
#3321=IFCINDEXEDPOLYGONALFACE((21,20,43));
#3322=IFCINDEXEDPOLYGONALFACE((19,42,20));
#3323=IFCINDEXEDPOLYGONALFACE((24,23,46));
#3324=IFCINDEXEDPOLYGONALFACE((22,45,23));
#3325=IFCINDEXEDPOLYGONALFACE((22,21,44));
#3326=IFCINDEXEDPOLYGONALFACE((43,44,21));
#3327=IFCINDEXEDPOLYGONALFACE((56,57,58,59,60,61,62,63,64,65,66,67,68,69,70,71,72,49,50,51,52,53,54,55));
#3328=IFCINDEXEDPOLYGONALFACE((26,25,49,72));
#3329=IFCINDEXEDPOLYGONALFACE((71,27,26,72));
#3330=IFCINDEXEDPOLYGONALFACE((30,69,31));
#3331=IFCINDEXEDPOLYGONALFACE((28,27,71,70));
#3332=IFCINDEXEDPOLYGONALFACE((30,70,69));
#3333=IFCINDEXEDPOLYGONALFACE((32,68,67));
#3334=IFCINDEXEDPOLYGONALFACE((30,29,70));
#3335=IFCINDEXEDPOLYGONALFACE((28,70,29));
#3336=IFCINDEXEDPOLYGONALFACE((69,68,31));
#3337=IFCINDEXEDPOLYGONALFACE((65,64,34,33));
#3338=IFCINDEXEDPOLYGONALFACE((66,65,33,32));
#3339=IFCINDEXEDPOLYGONALFACE((62,61,37,36));
#3340=IFCINDEXEDPOLYGONALFACE((63,62,36,35));
#3341=IFCINDEXEDPOLYGONALFACE((64,63,35,34));
#3342=IFCINDEXEDPOLYGONALFACE((31,68,32));
#3343=IFCINDEXEDPOLYGONALFACE((32,67,66));
#3344=IFCINDEXEDPOLYGONALFACE((37,61,60,38));
#3345=IFCINDEXEDPOLYGONALFACE((59,39,38,60));
#3346=IFCINDEXEDPOLYGONALFACE((40,58,57,41));
#3347=IFCINDEXEDPOLYGONALFACE((59,58,40,39));
#3348=IFCINDEXEDPOLYGONALFACE((41,57,56,42));
#3349=IFCINDEXEDPOLYGONALFACE((55,54,42));
#3350=IFCINDEXEDPOLYGONALFACE((55,42,56));
#3351=IFCINDEXEDPOLYGONALFACE((53,52,44));
#3352=IFCINDEXEDPOLYGONALFACE((54,53,43));
#3353=IFCINDEXEDPOLYGONALFACE((50,49,25,48));
#3354=IFCINDEXEDPOLYGONALFACE((51,50,48,47));
#3355=IFCINDEXEDPOLYGONALFACE((52,51,47,46));
#3356=IFCINDEXEDPOLYGONALFACE((52,45,44));
#3357=IFCINDEXEDPOLYGONALFACE((44,43,53));
#3358=IFCINDEXEDPOLYGONALFACE((45,52,46));
#3359=IFCINDEXEDPOLYGONALFACE((54,43,42));
#3360=IFCCARTESIANPOINTLIST3D(((1.09499999999999,0.0950000000008422,0.999999999999991),(1.0953407417371,0.0950000000008422,1.00258819045102),(1.09633974596215,0.0950000000008421,1.00499999999999),(1.09792893218813,0.0950000000008421,1.00707106781186),(1.09999999999999,0.0950000000008421,1.00866025403784),(1.10241180954897,0.0950000000008421,1.00965925826288),(1.10499999999999,0.095000000000842,1.00999999999999),(1.10758819045102,0.095000000000842,1.00965925826288),(1.10999999999999,0.095000000000842,1.00866025403784),(1.11207106781186,0.0950000000008419,1.00707106781186),(1.11366025403784,0.0950000000008419,1.00499999999999),(1.11465925826288,0.0950000000008419,1.00258819045102),(1.11499999999999,0.0950000000008419,0.999999999999991),(1.11465925826288,0.0950000000008419,0.997411809548966),(1.11366025403784,0.0950000000008419,0.994999999999991),(1.11207106781186,0.0950000000008419,0.992928932188126),(1.10999999999999,0.095000000000842,0.991339745962147),(1.10758819045102,0.095000000000842,0.9903407417371),(1.10499999999999,0.095000000000842,0.989999999999991),(1.10241180954897,0.0950000000008421,0.9903407417371),(1.09999999999999,0.0950000000008421,0.991339745962147),(1.09792893218813,0.0950000000008421,0.992928932188126),(1.09633974596215,0.0950000000008421,0.994999999999991),(1.0953407417371,0.0950000000008422,0.997411809548966),(1.09499999999999,0.0250000000008298,0.999999999999991),(1.0953407417371,0.025340741737939,1.00258819045102),(1.09633974596215,0.0263397459629854,1.00499999999999),(1.09792893218813,0.027928932188964,1.00707106781186),(1.09999999999999,0.0300000000008297,1.00866025403784),(1.10241180954897,0.0324118095498044,1.00965925826288),(1.10499999999999,0.0350000000008294,1.00999999999999),(1.10758819045102,0.0375881904518545,1.00965925826288),(1.10999999999999,0.0400000000008292,1.00866025403784),(1.11207106781186,0.0420710678126949,1.00707106781186),(1.11366025403784,0.0436602540386735,1.00499999999999),(1.11465925826288,0.04465925826372,1.00258819045102),(1.11499999999999,0.0450000000008293,0.999999999999991),(1.11465925826288,0.0446592582637199,0.997411809548966),(1.11366025403784,0.0436602540386739,0.994999999999991),(1.11207106781186,0.0420710678126948,0.992928932188126),(1.10999999999999,0.0400000000008296,0.991339745962147),(1.10758819045102,0.0375881904518548,0.9903407417371),(1.10499999999999,0.0350000000008296,0.989999999999991),(1.10241180954897,0.0324118095498044,0.9903407417371),(1.09999999999999,0.0300000000008296,0.991339745962147),(1.09792893218813,0.0279289321889644,0.992928932188126),(1.09633974596215,0.0263397459629853,0.994999999999991),(1.0953407417371,0.0253407417379392,0.997411809548966),(1.225,0.0250000000008282,0.999999999999991),(1.225,0.0253407417379375,0.997411809548966),(1.225,0.0263397459629837,0.994999999999991),(1.225,0.0279289321889628,0.992928932188125),(1.225,0.030000000000828,0.991339745962147),(1.225,0.0324118095498028,0.9903407417371),(1.225,0.0350000000008281,0.989999999999991),(1.225,0.0375881904518533,0.9903407417371),(1.225,0.0400000000008282,0.991339745962147),(1.225,0.0420710678126933,0.992928932188126),(1.225,0.0436602540386725,0.994999999999991),(1.225,0.0446592582637185,0.997411809548966),(1.225,0.0450000000008279,0.999999999999991),(1.225,0.0446592582637187,1.00258819045102),(1.225,0.0436602540386721,1.00499999999999),(1.225,0.0420710678126935,1.00707106781186),(1.225,0.0400000000008278,1.00866025403784),(1.225,0.037588190451853,1.00965925826288),(1.225,0.0350000000008279,1.00999999999999),(1.225,0.0324118095498028,1.00965925826288),(1.225,0.0300000000008281,1.00866025403784),(1.225,0.0279289321889624,1.00707106781186),(1.225,0.0263397459629838,1.00499999999999),(1.225,0.0253407417379374,1.00258819045102)));
#3361=IFCPOLYGONALFACESET(#3360,.T.,(#3286,#3287,#3288,#3289,#3290,#3291,#3292,#3293,#3294,#3295,#3296,#3297,#3298,#3299,#3300,#3301,#3302,#3303,#3304,#3305,#3306,#3307,#3308,#3309,#3310,#3311,#3312,#3313,#3314,#3315,#3316,#3317,#3318,#3319,#3320,#3321,#3322,#3323,#3324,#3325,#3326,#3327,#3328,#3329,#3330,#3331,#3332,#3333,#3334,#3335,#3336,#3337,#3338,#3339,#3340,#3341,#3342,#3343,#3344,#3345,#3346,#3347,#3348,#3349,#3350,#3351,#3352,#3353,#3354,#3355,#3356,#3357,#3358,#3359),$);
#3362=IFCINDEXEDCOLOURMAP(#3361,1.,#3285,(1,1,1,1,1,1,1,1,1,1,1,1,1,1,1,1,1,1,1,1,1,1,1,1,1,1,1,1,1,1,1,1,1,1,1,1,1,1,1,1,1,1,1,1,1,1,1,1,1,1,1,1,1,1,1,1,1,1,1,1,1,1,1,1,1,1,1,1,1,1,1,1,1,1));
#3363=IFCSTYLEDITEM(#3361,(#3138),$);
#3364=IFCCOLOURRGBLIST(((0.968627450980392,0.968627450980392,0.968627450980392)));
#3365=IFCINDEXEDPOLYGONALFACE((18,19,20,21,22,23,24,1,2,3,4,5,6,7,8,9,10,11,12,13,14,15,16,17));
#3366=IFCINDEXEDPOLYGONALFACE((27,28,5));
#3367=IFCINDEXEDPOLYGONALFACE((26,27,3,2));
#3368=IFCINDEXEDPOLYGONALFACE((7,29,30));
#3369=IFCINDEXEDPOLYGONALFACE((6,29,7));
#3370=IFCINDEXEDPOLYGONALFACE((28,29,6));
#3371=IFCINDEXEDPOLYGONALFACE((25,26,2,1));
#3372=IFCINDEXEDPOLYGONALFACE((3,27,4));
#3373=IFCINDEXEDPOLYGONALFACE((5,4,27));
#3374=IFCINDEXEDPOLYGONALFACE((28,6,5));
#3375=IFCINDEXEDPOLYGONALFACE((30,31,9));
#3376=IFCINDEXEDPOLYGONALFACE((33,11,32));
#3377=IFCINDEXEDPOLYGONALFACE((34,12,33));
#3378=IFCINDEXEDPOLYGONALFACE((13,35,36));
#3379=IFCINDEXEDPOLYGONALFACE((34,35,12));
#3380=IFCINDEXEDPOLYGONALFACE((13,36,37));
#3381=IFCINDEXEDPOLYGONALFACE((9,8,30));
#3382=IFCINDEXEDPOLYGONALFACE((7,30,8));
#3383=IFCINDEXEDPOLYGONALFACE((12,11,33));
#3384=IFCINDEXEDPOLYGONALFACE((10,32,11));
#3385=IFCINDEXEDPOLYGONALFACE((9,31,10));
#3386=IFCINDEXEDPOLYGONALFACE((13,12,35));
#3387=IFCINDEXEDPOLYGONALFACE((32,10,31));
#3388=IFCINDEXEDPOLYGONALFACE((13,37,38));
#3389=IFCINDEXEDPOLYGONALFACE((39,13,38));
#3390=IFCINDEXEDPOLYGONALFACE((14,40,41));
#3391=IFCINDEXEDPOLYGONALFACE((39,40,14));
#3392=IFCINDEXEDPOLYGONALFACE((15,41,42));
#3393=IFCINDEXEDPOLYGONALFACE((41,15,14));
#3394=IFCINDEXEDPOLYGONALFACE((14,13,39));
#3395=IFCINDEXEDPOLYGONALFACE((44,17,43));
#3396=IFCINDEXEDPOLYGONALFACE((17,44,18));
#3397=IFCINDEXEDPOLYGONALFACE((17,16,43));
#3398=IFCINDEXEDPOLYGONALFACE((16,15,42));
#3399=IFCINDEXEDPOLYGONALFACE((16,42,43));
#3400=IFCINDEXEDPOLYGONALFACE((45,46,20));
#3401=IFCINDEXEDPOLYGONALFACE((44,45,19));
#3402=IFCINDEXEDPOLYGONALFACE((48,25,1,24));
#3403=IFCINDEXEDPOLYGONALFACE((47,48,24,23));
#3404=IFCINDEXEDPOLYGONALFACE((46,47,21));
#3405=IFCINDEXEDPOLYGONALFACE((46,21,20));
#3406=IFCINDEXEDPOLYGONALFACE((20,19,45));
#3407=IFCINDEXEDPOLYGONALFACE((22,47,23));
#3408=IFCINDEXEDPOLYGONALFACE((22,21,47));
#3409=IFCINDEXEDPOLYGONALFACE((44,19,18));
#3410=IFCINDEXEDPOLYGONALFACE((56,57,58,59,60,61,62,63,64,65,66,67,68,69,70,71,72,49,50,51,52,53,54,55));
#3411=IFCINDEXEDPOLYGONALFACE((25,49,72,26));
#3412=IFCINDEXEDPOLYGONALFACE((71,27,26,72));
#3413=IFCINDEXEDPOLYGONALFACE((69,68,30,29));
#3414=IFCINDEXEDPOLYGONALFACE((27,71,70,28));
#3415=IFCINDEXEDPOLYGONALFACE((28,70,69,29));
#3416=IFCINDEXEDPOLYGONALFACE((67,66,30));
#3417=IFCINDEXEDPOLYGONALFACE((67,30,68));
#3418=IFCINDEXEDPOLYGONALFACE((65,64,32));
#3419=IFCINDEXEDPOLYGONALFACE((66,65,31));
#3420=IFCINDEXEDPOLYGONALFACE((62,61,37,36));
#3421=IFCINDEXEDPOLYGONALFACE((63,62,36,35));
#3422=IFCINDEXEDPOLYGONALFACE((64,63,35,34));
#3423=IFCINDEXEDPOLYGONALFACE((64,33,32));
#3424=IFCINDEXEDPOLYGONALFACE((32,31,65));
#3425=IFCINDEXEDPOLYGONALFACE((33,64,34));
#3426=IFCINDEXEDPOLYGONALFACE((66,31,30));
#3427=IFCINDEXEDPOLYGONALFACE((60,59,39,38));
#3428=IFCINDEXEDPOLYGONALFACE((61,60,38,37));
#3429=IFCINDEXEDPOLYGONALFACE((42,57,43));
#3430=IFCINDEXEDPOLYGONALFACE((58,57,42));
#3431=IFCINDEXEDPOLYGONALFACE((59,58,40,39));
#3432=IFCINDEXEDPOLYGONALFACE((44,56,55));
#3433=IFCINDEXEDPOLYGONALFACE((42,41,58));
#3434=IFCINDEXEDPOLYGONALFACE((40,58,41));
#3435=IFCINDEXEDPOLYGONALFACE((57,56,43));
#3436=IFCINDEXEDPOLYGONALFACE((53,52,46,45));
#3437=IFCINDEXEDPOLYGONALFACE((54,53,45,44));
#3438=IFCINDEXEDPOLYGONALFACE((50,49,25,48));
#3439=IFCINDEXEDPOLYGONALFACE((51,50,48,47));
#3440=IFCINDEXEDPOLYGONALFACE((52,51,47,46));
#3441=IFCINDEXEDPOLYGONALFACE((43,56,44));
#3442=IFCINDEXEDPOLYGONALFACE((44,55,54));
#3443=IFCCARTESIANPOINTLIST3D(((1.115,0.155000000000842,0.999999999999991),(1.11465925826289,0.155000000000842,1.00258819045102),(1.11366025403785,0.155000000000842,1.00499999999999),(1.11207106781187,0.155000000000842,1.00707106781186),(1.11,0.155000000000842,1.00866025403784),(1.10758819045103,0.155000000000842,1.00965925826288),(1.105,0.155000000000842,1.00999999999999),(1.10241180954898,0.155000000000842,1.00965925826288),(1.1,0.155000000000842,1.00866025403784),(1.09792893218814,0.155000000000842,1.00707106781186),(1.09633974596216,0.155000000000842,1.00499999999999),(1.09534074173711,0.155000000000842,1.00258819045102),(1.095,0.155000000000842,0.999999999999991),(1.09534074173711,0.155000000000842,0.997411809548966),(1.09633974596216,0.155000000000842,0.994999999999991),(1.09792893218814,0.155000000000842,0.992928932188126),(1.1,0.155000000000842,0.991339745962147),(1.10241180954898,0.155000000000842,0.9903407417371),(1.105,0.155000000000842,0.989999999999991),(1.10758819045103,0.155000000000842,0.9903407417371),(1.11,0.155000000000842,0.991339745962147),(1.11207106781187,0.155000000000842,0.992928932188126),(1.11366025403785,0.155000000000842,0.994999999999991),(1.11465925826289,0.155000000000842,0.997411809548966),(1.115,0.185000000000841,0.999999999999991),(1.11465925826289,0.18534074173795,1.00258819045102),(1.11366025403785,0.186339745962996,1.00499999999999),(1.11207106781187,0.187928932188975,1.00707106781186),(1.11,0.190000000000841,1.00866025403784),(1.10758819045103,0.192411809549815,1.00965925826288),(1.105,0.195000000000841,1.00999999999999),(1.10241180954898,0.197588190451866,1.00965925826288),(1.1,0.200000000000841,1.00866025403784),(1.09792893218814,0.202071067812706,1.00707106781186),(1.09633974596216,0.203660254038685,1.00499999999999),(1.09534074173711,0.204659258263731,1.00258819045102),(1.095,0.205000000000841,0.999999999999991),(1.09534074173711,0.204659258263731,0.997411809548966),(1.09633974596216,0.203660254038685,0.994999999999991),(1.09792893218814,0.202071067812706,0.992928932188126),(1.1,0.200000000000841,0.991339745962147),(1.10241180954898,0.197588190451866,0.9903407417371),(1.105,0.195000000000841,0.989999999999991),(1.10758819045103,0.192411809549816,0.9903407417371),(1.11,0.190000000000841,0.991339745962147),(1.11207106781187,0.187928932188975,0.992928932188126),(1.11366025403785,0.186339745962996,0.994999999999991),(1.11465925826289,0.18534074173795,0.997411809548966),(1.225,0.185000000000841,0.999999999999991),(1.225,0.18534074173795,0.997411809548966),(1.225,0.186339745962996,0.994999999999991),(1.225,0.187928932188976,0.992928932188125),(1.225,0.190000000000841,0.991339745962147),(1.225,0.192411809549816,0.9903407417371),(1.225,0.195000000000841,0.989999999999991),(1.225,0.197588190451866,0.9903407417371),(1.225,0.200000000000841,0.991339745962147),(1.225,0.202071067812706,0.992928932188126),(1.225,0.203660254038685,0.994999999999991),(1.225,0.204659258263731,0.997411809548966),(1.225,0.205000000000841,0.999999999999991),(1.225,0.204659258263731,1.00258819045102),(1.225,0.203660254038685,1.00499999999999),(1.225,0.202071067812706,1.00707106781186),(1.225,0.200000000000841,1.00866025403784),(1.225,0.197588190451866,1.00965925826288),(1.225,0.195000000000841,1.00999999999999),(1.225,0.192411809549816,1.00965925826288),(1.225,0.190000000000841,1.00866025403784),(1.225,0.187928932188975,1.00707106781186),(1.225,0.186339745962997,1.00499999999999),(1.225,0.18534074173795,1.00258819045102)));
#3444=IFCPOLYGONALFACESET(#3443,.T.,(#3365,#3366,#3367,#3368,#3369,#3370,#3371,#3372,#3373,#3374,#3375,#3376,#3377,#3378,#3379,#3380,#3381,#3382,#3383,#3384,#3385,#3386,#3387,#3388,#3389,#3390,#3391,#3392,#3393,#3394,#3395,#3396,#3397,#3398,#3399,#3400,#3401,#3402,#3403,#3404,#3405,#3406,#3407,#3408,#3409,#3410,#3411,#3412,#3413,#3414,#3415,#3416,#3417,#3418,#3419,#3420,#3421,#3422,#3423,#3424,#3425,#3426,#3427,#3428,#3429,#3430,#3431,#3432,#3433,#3434,#3435,#3436,#3437,#3438,#3439,#3440,#3441,#3442),$);
#3445=IFCINDEXEDCOLOURMAP(#3444,1.,#3364,(1,1,1,1,1,1,1,1,1,1,1,1,1,1,1,1,1,1,1,1,1,1,1,1,1,1,1,1,1,1,1,1,1,1,1,1,1,1,1,1,1,1,1,1,1,1,1,1,1,1,1,1,1,1,1,1,1,1,1,1,1,1,1,1,1,1,1,1,1,1,1,1,1,1,1,1,1,1));
#3446=IFCSTYLEDITEM(#3444,(#3138),$);
#3447=IFCCOLOURRGBLIST(((0.968627450980392,0.968627450980392,0.968627450980392)));
#3448=IFCINDEXEDPOLYGONALFACE((9,10,11,12,13,14,15,16,17,18,19,20,21,22,23,24,1,2,3,4,5,6,7,8));
#3449=IFCINDEXEDPOLYGONALFACE((32,33,34,35,36,37,38,39,40,41,42,43,44,45,46,47,48,25,26,27,28,29,30,31));
#3450=IFCINDEXEDPOLYGONALFACE((48,2,1,25));
#3451=IFCINDEXEDPOLYGONALFACE((47,3,2,48));
#3452=IFCINDEXEDPOLYGONALFACE((5,4,46,45));
#3453=IFCINDEXEDPOLYGONALFACE((47,46,4,3));
#3454=IFCINDEXEDPOLYGONALFACE((6,5,45,44));
#3455=IFCINDEXEDPOLYGONALFACE((7,6,44,43));
#3456=IFCINDEXEDPOLYGONALFACE((42,8,7,43));
#3457=IFCINDEXEDPOLYGONALFACE((41,9,8,42));
#3458=IFCINDEXEDPOLYGONALFACE((11,10,40,39));
#3459=IFCINDEXEDPOLYGONALFACE((41,40,10,9));
#3460=IFCINDEXEDPOLYGONALFACE((12,11,39,38));
#3461=IFCINDEXEDPOLYGONALFACE((13,12,38,37));
#3462=IFCINDEXEDPOLYGONALFACE((36,14,13,37));
#3463=IFCINDEXEDPOLYGONALFACE((35,15,14,36));
#3464=IFCINDEXEDPOLYGONALFACE((17,16,34,33));
#3465=IFCINDEXEDPOLYGONALFACE((35,34,16,15));
#3466=IFCINDEXEDPOLYGONALFACE((18,17,33,32));
#3467=IFCINDEXEDPOLYGONALFACE((19,18,32,31));
#3468=IFCINDEXEDPOLYGONALFACE((30,20,19,31));
#3469=IFCINDEXEDPOLYGONALFACE((29,21,20,30));
#3470=IFCINDEXEDPOLYGONALFACE((23,22,28,27));
#3471=IFCINDEXEDPOLYGONALFACE((29,28,22,21));
#3472=IFCINDEXEDPOLYGONALFACE((24,23,27,26));
#3473=IFCINDEXEDPOLYGONALFACE((1,24,26,25));
#3474=IFCCARTESIANPOINTLIST3D(((1.085,0.0950000000009618,0.999999999999991),(1.08568148347422,0.0950000000009618,1.00517638090204),(1.08767949192431,0.0950000000009618,1.00999999999999),(1.09085786437627,0.0950000000009618,1.01414213562372),(1.095,0.0950000000009617,1.01732050807568),(1.09982361909795,0.0950000000009617,1.01931851652577),(1.105,0.0950000000009617,1.01999999999999),(1.11017638090205,0.0950000000009616,1.01931851652577),(1.115,0.0950000000009616,1.01732050807568),(1.11914213562373,0.0950000000009616,1.01414213562372),(1.12232050807569,0.0950000000009616,1.00999999999999),(1.12431851652578,0.0950000000009616,1.00517638090204),(1.125,0.0950000000009616,0.999999999999991),(1.12431851652578,0.0950000000009616,0.994823619097941),(1.12232050807569,0.0950000000009616,0.989999999999991),(1.11914213562373,0.0950000000009616,0.98585786437626),(1.115,0.0950000000009616,0.982679491924302),(1.11017638090205,0.0950000000009616,0.98068148347421),(1.105,0.0950000000009617,0.979999999999991),(1.09982361909795,0.0950000000009617,0.98068148347421),(1.095,0.0950000000009617,0.982679491924302),(1.09085786437627,0.0950000000009618,0.98585786437626),(1.08767949192431,0.0950000000009618,0.989999999999991),(1.08568148347422,0.0950000000009618,0.99482361909794),(1.085,0.0850000000009592,0.999999999999991),(1.08568148347422,0.0850000000009592,0.99482361909794),(1.08767949192431,0.0850000000009591,0.989999999999991),(1.09085786437627,0.0850000000009591,0.98585786437626),(1.095,0.0850000000009591,0.982679491924302),(1.09982361909795,0.085000000000959,0.98068148347421),(1.105,0.085000000000959,0.979999999999991),(1.11017638090205,0.085000000000959,0.98068148347421),(1.115,0.0850000000009589,0.982679491924302),(1.11914213562373,0.0850000000009589,0.98585786437626),(1.12232050807569,0.0850000000009589,0.989999999999991),(1.12431851652578,0.0850000000009589,0.994823619097941),(1.125,0.0850000000009589,0.999999999999991),(1.12431851652578,0.0850000000009589,1.00517638090204),(1.12232050807569,0.0850000000009589,1.00999999999999),(1.11914213562373,0.0850000000009589,1.01414213562372),(1.115,0.0850000000009589,1.01732050807568),(1.11017638090205,0.085000000000959,1.01931851652577),(1.105,0.085000000000959,1.01999999999999),(1.09982361909795,0.085000000000959,1.01931851652577),(1.095,0.0850000000009591,1.01732050807568),(1.09085786437627,0.0850000000009591,1.01414213562372),(1.08767949192431,0.0850000000009591,1.00999999999999),(1.08568148347422,0.0850000000009592,1.00517638090204)));
#3475=IFCPOLYGONALFACESET(#3474,.T.,(#3448,#3449,#3450,#3451,#3452,#3453,#3454,#3455,#3456,#3457,#3458,#3459,#3460,#3461,#3462,#3463,#3464,#3465,#3466,#3467,#3468,#3469,#3470,#3471,#3472,#3473),$);
#3476=IFCINDEXEDCOLOURMAP(#3475,1.,#3447,(1,1,1,1,1,1,1,1,1,1,1,1,1,1,1,1,1,1,1,1,1,1,1,1,1,1));
#3477=IFCSTYLEDITEM(#3475,(#3138),$);
#3478=IFCCOLOURRGBLIST(((0.968627450980392,0.968627450980392,0.968627450980392)));
#3479=IFCINDEXEDPOLYGONALFACE((9,10,11,12,13,14,15,16,17,18,19,20,21,22,23,24,1,2,3,4,5,6,7,8));
#3480=IFCINDEXEDPOLYGONALFACE((32,33,34,35,36,37,38,39,40,41,42,43,44,45,46,47,48,25,26,27,28,29,30,31));
#3481=IFCINDEXEDPOLYGONALFACE((48,2,1,25));
#3482=IFCINDEXEDPOLYGONALFACE((47,3,2,48));
#3483=IFCINDEXEDPOLYGONALFACE((5,4,46,45));
#3484=IFCINDEXEDPOLYGONALFACE((47,46,4,3));
#3485=IFCINDEXEDPOLYGONALFACE((6,5,45,44));
#3486=IFCINDEXEDPOLYGONALFACE((7,6,44,43));
#3487=IFCINDEXEDPOLYGONALFACE((42,8,7,43));
#3488=IFCINDEXEDPOLYGONALFACE((41,9,8,42));
#3489=IFCINDEXEDPOLYGONALFACE((11,10,40,39));
#3490=IFCINDEXEDPOLYGONALFACE((41,40,10,9));
#3491=IFCINDEXEDPOLYGONALFACE((12,11,39,38));
#3492=IFCINDEXEDPOLYGONALFACE((13,12,38,37));
#3493=IFCINDEXEDPOLYGONALFACE((36,14,13,37));
#3494=IFCINDEXEDPOLYGONALFACE((35,15,14,36));
#3495=IFCINDEXEDPOLYGONALFACE((17,16,34,33));
#3496=IFCINDEXEDPOLYGONALFACE((35,34,16,15));
#3497=IFCINDEXEDPOLYGONALFACE((18,17,33,32));
#3498=IFCINDEXEDPOLYGONALFACE((19,18,32,31));
#3499=IFCINDEXEDPOLYGONALFACE((30,20,19,31));
#3500=IFCINDEXEDPOLYGONALFACE((29,21,20,30));
#3501=IFCINDEXEDPOLYGONALFACE((23,22,28,27));
#3502=IFCINDEXEDPOLYGONALFACE((29,28,22,21));
#3503=IFCINDEXEDPOLYGONALFACE((24,23,27,26));
#3504=IFCINDEXEDPOLYGONALFACE((1,24,26,25));
#3505=IFCCARTESIANPOINTLIST3D(((1.085,0.145000000000842,0.999999999999991),(1.08568148347422,0.145000000000842,0.994823619097941),(1.08767949192431,0.145000000000842,0.989999999999991),(1.09085786437627,0.145000000000842,0.98585786437626),(1.095,0.145000000000842,0.982679491924302),(1.09982361909795,0.145000000000842,0.98068148347421),(1.105,0.145000000000842,0.979999999999991),(1.11017638090205,0.145000000000842,0.98068148347421),(1.115,0.145000000000842,0.982679491924302),(1.11914213562373,0.145000000000842,0.98585786437626),(1.12232050807569,0.145000000000842,0.989999999999991),(1.12431851652578,0.145000000000842,0.99482361909794),(1.125,0.145000000000842,0.999999999999991),(1.12431851652578,0.145000000000842,1.00517638090204),(1.12232050807569,0.145000000000842,1.00999999999999),(1.11914213562373,0.145000000000842,1.01414213562372),(1.115,0.145000000000842,1.01732050807568),(1.11017638090205,0.145000000000842,1.01931851652577),(1.105,0.145000000000842,1.01999999999999),(1.09982361909795,0.145000000000842,1.01931851652577),(1.095,0.145000000000842,1.01732050807568),(1.09085786437627,0.145000000000842,1.01414213562372),(1.08767949192431,0.145000000000842,1.00999999999999),(1.08568148347422,0.145000000000842,1.00517638090204),(1.085,0.155000000000842,0.999999999999991),(1.08568148347422,0.155000000000842,1.00517638090204),(1.08767949192431,0.155000000000842,1.00999999999999),(1.09085786437627,0.155000000000842,1.01414213562372),(1.095,0.155000000000842,1.01732050807568),(1.09982361909795,0.155000000000842,1.01931851652577),(1.105,0.155000000000842,1.01999999999999),(1.11017638090205,0.155000000000842,1.01931851652577),(1.115,0.155000000000842,1.01732050807568),(1.11914213562373,0.155000000000842,1.01414213562372),(1.12232050807569,0.155000000000842,1.00999999999999),(1.12431851652578,0.155000000000842,1.00517638090204),(1.125,0.155000000000842,0.999999999999991),(1.12431851652578,0.155000000000842,0.99482361909794),(1.12232050807569,0.155000000000842,0.989999999999991),(1.11914213562373,0.155000000000842,0.98585786437626),(1.115,0.155000000000842,0.982679491924302),(1.11017638090205,0.155000000000842,0.98068148347421),(1.105,0.155000000000842,0.979999999999991),(1.09982361909795,0.155000000000842,0.98068148347421),(1.095,0.155000000000842,0.982679491924302),(1.09085786437627,0.155000000000842,0.98585786437626),(1.08767949192431,0.155000000000842,0.989999999999991),(1.08568148347422,0.155000000000842,0.994823619097941)));
#3506=IFCPOLYGONALFACESET(#3505,.T.,(#3479,#3480,#3481,#3482,#3483,#3484,#3485,#3486,#3487,#3488,#3489,#3490,#3491,#3492,#3493,#3494,#3495,#3496,#3497,#3498,#3499,#3500,#3501,#3502,#3503,#3504),$);
#3507=IFCINDEXEDCOLOURMAP(#3506,1.,#3478,(1,1,1,1,1,1,1,1,1,1,1,1,1,1,1,1,1,1,1,1,1,1,1,1,1,1));
#3508=IFCSTYLEDITEM(#3506,(#3138),$);
#3509=IFCCOLOURRGBLIST(((0.835294117647059,0.643137254901961,0.403921568627451)));
#3510=IFCINDEXEDPOLYGONALFACE((1,2,3,4));
#3511=IFCINDEXEDPOLYGONALFACE((5,6,7,8));
#3512=IFCINDEXEDPOLYGONALFACE((2,1,5,8));
#3513=IFCINDEXEDPOLYGONALFACE((3,2,8,7));
#3514=IFCINDEXEDPOLYGONALFACE((4,3,7,6));
#3515=IFCINDEXEDPOLYGONALFACE((1,4,6,5));
#3516=IFCCARTESIANPOINTLIST3D(((1.005,0.120000000000974,0.10000000000001),(1.005,0.120000000000974,2.3499999999999),(0.0100000000000068,0.120000000000977,2.3499999999999),(0.0100000000000068,0.120000000000977,0.10000000000001),(1.005,0.145000000000841,0.10000000000001),(0.0100000000000069,0.145000000000844,0.10000000000001),(0.0100000000000069,0.145000000000844,2.3499999999999),(1.005,0.145000000000841,2.3499999999999)));
#3517=IFCPOLYGONALFACESET(#3516,.T.,(#3510,#3511,#3512,#3513,#3514,#3515),$);
#3518=IFCINDEXEDCOLOURMAP(#3517,1.,#3509,(1,1,1,1,1,1));
#3519=IFCSTYLEDITEM(#3517,(#1407),$);
#3520=IFCCOLOURRGBLIST(((0.835294117647059,0.643137254901961,0.403921568627451)));
#3521=IFCINDEXEDPOLYGONALFACE((1,2,3,4));
#3522=IFCINDEXEDPOLYGONALFACE((5,6,7,8));
#3523=IFCINDEXEDPOLYGONALFACE((2,1,5,8));
#3524=IFCINDEXEDPOLYGONALFACE((3,2,8,7));
#3525=IFCINDEXEDPOLYGONALFACE((4,3,7,6));
#3526=IFCINDEXEDPOLYGONALFACE((1,4,6,5));
#3527=IFCCARTESIANPOINTLIST3D(((1.005,0.12,2.3499999999999),(1.005,0.12,0.10000000000001),(1.99999999999999,0.119999999999997,0.10000000000001),(1.99999999999999,0.119999999999997,2.3499999999999),(1.005,0.144999999999867,2.3499999999999),(1.99999999999999,0.144999999999864,2.3499999999999),(1.99999999999999,0.144999999999864,0.10000000000001),(1.005,0.144999999999867,0.10000000000001)));
#3528=IFCPOLYGONALFACESET(#3527,.T.,(#3521,#3522,#3523,#3524,#3525,#3526),$);
#3529=IFCINDEXEDCOLOURMAP(#3528,1.,#3520,(1,1,1,1,1,1));
#3530=IFCSTYLEDITEM(#3528,(#1407),$);
#3531=IFCCOLOURRGBLIST(((0.384313725490196,0.384313725490196,0.384313725490196)));
#3532=IFCINDEXEDPOLYGONALFACE((1,2,3,4,5,6,7,8,9,10,11,12,13,14,15,16));
#3533=IFCINDEXEDPOLYGONALFACE((2,1,17,18,19,20,21,22));
#3534=IFCINDEXEDPOLYGONALFACE((3,2,22,23));
#3535=IFCINDEXEDPOLYGONALFACE((4,3,23,24,25,26,27,28));
#3536=IFCINDEXEDPOLYGONALFACE((5,4,28,29));
#3537=IFCINDEXEDPOLYGONALFACE((6,5,29,30,31,32,33,34));
#3538=IFCINDEXEDPOLYGONALFACE((7,6,34,35));
#3539=IFCINDEXEDPOLYGONALFACE((8,7,35,36,37,38,39,40));
#3540=IFCINDEXEDPOLYGONALFACE((9,8,40,41));
#3541=IFCINDEXEDPOLYGONALFACE((10,9,41,42,43,44,45,46));
#3542=IFCINDEXEDPOLYGONALFACE((11,10,46,47));
#3543=IFCINDEXEDPOLYGONALFACE((12,11,47,48,49,50,51,52));
#3544=IFCINDEXEDPOLYGONALFACE((13,12,52,53));
#3545=IFCINDEXEDPOLYGONALFACE((14,13,53,54,55,56,57,58));
#3546=IFCINDEXEDPOLYGONALFACE((15,14,58,59));
#3547=IFCINDEXEDPOLYGONALFACE((16,15,59,60,61,62,63,64));
#3548=IFCINDEXEDPOLYGONALFACE((1,16,64,17));
#3549=IFCINDEXEDPOLYGONALFACE((18,63,62,19));
#3550=IFCINDEXEDPOLYGONALFACE((19,62,61,56,55,50,49,44,43,38,37,32,31,26,25,20));
#3551=IFCINDEXEDPOLYGONALFACE((24,21,20,25));
#3552=IFCINDEXEDPOLYGONALFACE((30,27,26,31));
#3553=IFCINDEXEDPOLYGONALFACE((36,33,32,37));
#3554=IFCINDEXEDPOLYGONALFACE((42,39,38,43));
#3555=IFCINDEXEDPOLYGONALFACE((48,45,44,49));
#3556=IFCINDEXEDPOLYGONALFACE((54,51,50,55));
#3557=IFCINDEXEDPOLYGONALFACE((60,57,56,61));
#3558=IFCINDEXEDPOLYGONALFACE((23,22,21,24));
#3559=IFCINDEXEDPOLYGONALFACE((29,28,27,30));
#3560=IFCINDEXEDPOLYGONALFACE((35,34,33,36));
#3561=IFCINDEXEDPOLYGONALFACE((41,40,39,42));
#3562=IFCINDEXEDPOLYGONALFACE((47,46,45,48));
#3563=IFCINDEXEDPOLYGONALFACE((53,52,51,54));
#3564=IFCINDEXEDPOLYGONALFACE((59,58,57,60));
#3565=IFCINDEXEDPOLYGONALFACE((17,64,63,18));
#3566=IFCCARTESIANPOINTLIST3D(((2.0345,-0.0149999999998227,0.100000000000006),(1.985,-0.0149999999998227,0.100000000000006),(1.985,0.120000000000962,0.100000000000006),(1.99999999999999,0.120000000000962,0.100000000000006),(1.99999999999999,0.144999999999867,0.100000000000006),(2.0345,0.144999999999867,0.100000000000006),(2.0345,0.120000000000962,0.100000000000006),(2.0295,0.120000000000962,0.100000000000006),(2.0295,0.140000000000951,0.100000000000006),(2.005,0.140000000000951,0.100000000000006),(2.005,0.115000000000962,0.100000000000006),(1.99,0.115000000000962,0.100000000000006),(1.99,-0.0100000000000062,0.100000000000006),(2.0295,-0.0100000000000062,0.100000000000006),(2.0295,0.,0.100000000000006),(2.0345,0.,0.100000000000006),(2.0345,-0.0149999999998227,2.38449999999998),(-0.0245000000000015,-0.0149999999998227,2.38449999999998),(-0.0245000000000015,-0.0149999999998227,0.099999999999997),(0.0250000000000003,-0.0149999999998227,0.099999999999997),(0.0250000000000001,-0.0149999999998227,2.33499999999998),(1.985,-0.0149999999998227,2.33499999999998),(1.985,0.120000000000962,2.33499999999998),(0.0250000000000001,0.120000000000962,2.33499999999998),(0.0250000000000003,0.120000000000962,0.099999999999997),(0.0100000000000069,0.120000000000962,0.099999999999997),(0.0100000000000068,0.120000000000962,2.34999999999998),(1.99999999999999,0.120000000000962,2.34999999999998),(1.99999999999999,0.144999999999867,2.34999999999998),(0.0100000000000069,0.144999999999867,2.34999999999998),(0.0100000000000069,0.144999999999867,0.099999999999997),(-0.0245000000000015,0.144999999999867,0.099999999999997),(-0.0245000000000016,0.144999999999867,2.38449999999998),(2.0345,0.144999999999867,2.38449999999998),(2.0345,0.120000000000962,2.38449999999998),(-0.0245000000000015,0.120000000000962,2.38449999999998),(-0.0245000000000015,0.120000000000962,0.099999999999997),(-0.0195000000000015,0.120000000000962,0.099999999999997),(-0.0195000000000017,0.120000000000962,2.37949999999999),(2.0295,0.120000000000962,2.37949999999998),(2.0295,0.140000000000951,2.37949999999998),(-0.0195000000000017,0.140000000000951,2.37949999999999),(-0.0195000000000015,0.140000000000951,0.099999999999997),(0.00499999999999832,0.140000000000951,0.099999999999997),(0.00499999999999832,0.140000000000951,2.35499999999998),(2.005,0.140000000000951,2.35499999999999),(2.005,0.115000000000962,2.35499999999999),(0.00499999999999832,0.115000000000962,2.35499999999998),(0.00499999999999832,0.115000000000962,0.099999999999997),(0.0200000000000003,0.115000000000962,0.099999999999997),(0.0200000000000002,0.115000000000962,2.33999999999998),(1.99,0.115000000000962,2.33999999999998),(1.99,-0.0100000000000062,2.33999999999998),(0.0200000000000002,-0.0100000000000062,2.33999999999998),(0.0200000000000003,-0.0100000000000062,0.099999999999997),(-0.0195000000000015,-0.0100000000000062,0.099999999999997),(-0.0195000000000017,-0.0100000000000062,2.37949999999999),(2.0295,-0.0100000000000062,2.37949999999998),(2.0295,0.,2.37949999999998),(-0.0195000000000017,0.,2.37949999999999),(-0.0195000000000015,0.,0.099999999999997),(-0.0245000000000015,0.,0.099999999999997),(-0.0245000000000016,0.,2.38449999999998),(2.0345,0.,2.38449999999998)));
#3567=IFCPOLYGONALFACESET(#3566,.T.,(#3532,#3533,#3534,#3535,#3536,#3537,#3538,#3539,#3540,#3541,#3542,#3543,#3544,#3545,#3546,#3547,#3548,#3549,#3550,#3551,#3552,#3553,#3554,#3555,#3556,#3557,#3558,#3559,#3560,#3561,#3562,#3563,#3564,#3565),$);
#3568=IFCINDEXEDCOLOURMAP(#3567,1.,#3531,(1,1,1,1,1,1,1,1,1,1,1,1,1,1,1,1,1,1,1,1,1,1,1,1,1,1,1,1,1,1,1,1,1,1));
#3569=IFCSTYLEDITEM(#3567,(#1456),$);
#3570=IFCSHAPEREPRESENTATION(#24,'Body','Tessellation',(#3134,#3220,#3251,#3282,#3361,#3444,#3475,#3506,#3517,#3528,#3567));
#3571=IFCAXIS2PLACEMENT3D(#3,$,$);
#3572=IFCREPRESENTATIONMAP(#3571,#3570);
#3573=IFCDOORLININGPROPERTIES('20LeAmtxjFagTYkRA7cuXB',#18,'Drehfl\X2\00FC\X0\gel 2-flg - Variabel:Drehfl\X2\00FC\X0\gel 2-flg - Variabel:501395',$,$,$,$,$,$,$,$,$,$,$,$,$,$);
#3574=IFCDOORPANELPROPERTIES('20LeAmtxjFagTYkR67cuXB',#18,'Drehfl\X2\00FC\X0\gel 2-flg - Variabel:Drehfl\X2\00FC\X0\gel 2-flg - Variabel:501395:1',$,$,.SWINGING.,$,.NOTDEFINED.,$);
#3575=IFCDOORTYPE('3averp86Enyp6HPxi5Z2G9',#18,'Drehfl\X2\00FC\X0\gel 2-flg - Variabel:Drehfl\X2\00FC\X0\gel 2-flg - Variabel',$,$,(#3573,#3574),(#3572),'223645',$,.DOOR.,.DOUBLE_DOOR_SINGLE_SWING.,$,$);
#3576=IFCMATERIAL('Metall - Chrom',$,'Metall');
#3577=IFCMATERIALCONSTITUENT('T\X2\00FC\X0\rgriff',$,#3576,$,'Metall');
#3578=IFCSHAPEREPRESENTATION(#24,'Body','Tessellation',(#3134,#3220,#3251,#3282,#3361,#3444,#3475,#3506));
#3579=IFCSHAPEASPECT((#3578),'T\X2\00FC\X0\rgriff',$,.F.,#3572);
#3580=IFCMATERIALCONSTITUENT('Panel',$,#1445,$,'Holz');
#3581=IFCSHAPEREPRESENTATION(#24,'Body','Tessellation',(#3517,#3528));
#3582=IFCSHAPEASPECT((#3581),'Panel',$,.F.,#3572);
#3583=IFCMATERIALCONSTITUENT('Frame/Mullion',$,#1462,$,'Farbe');
#3584=IFCSHAPEREPRESENTATION(#24,'Body','Tessellation',(#3567));
#3585=IFCSHAPEASPECT((#3584),'Frame/Mullion',$,.F.,#3572);
#3586=IFCMATERIALCONSTITUENTSET($,$,(#3577,#3580,#3583));
#3587=IFCMAPPEDITEM(#3572,#124);
#3588=IFCSHAPEREPRESENTATION(#24,'Body','MappedRepresentation',(#3587));
#3589=IFCPRODUCTDEFINITIONSHAPE($,$,(#3588));
#3590=IFCCARTESIANPOINT((-19.9890591710597,0.81314989237673,0.));
#3591=IFCAXIS2PLACEMENT3D(#3590,#9,#6);
#3593=IFCDOOR('20LeAmtxjFagTYkRE7cuXB',#18,'Drehfl\X2\00FC\X0\gel 2-flg - Variabel:Drehfl\X2\00FC\X0\gel 2-flg - Variabel:501395',$,'Drehfl\X2\00FC\X0\gel 2-flg - Variabel:Drehfl\X2\00FC\X0\gel 2-flg - Variabel',#6524,#3589,'501395',2.35999999999998,2.01,.DOOR.,.DOUBLE_DOOR_SINGLE_SWING.,$);
#3594=IFCMATERIALCONSTITUENT('Metall - Chrom',$,#3576,$,'Metall');
#3595=IFCMATERIALCONSTITUENT('Holz - Birke',$,#1445,$,'Holz');
#3596=IFCMATERIALCONSTITUENT('Metall - lackiert, grau',$,#1462,$,'Farbe');
#3597=IFCMATERIALCONSTITUENTSET($,$,(#3594,#3595,#3596));
#3598=IFCPROPERTYSINGLEVALUE('Reference',$,IFCIDENTIFIER('Drehfl\X2\00FC\X0\gel 2-flg - Variabel'),$);
#3599=IFCPROPERTYSET('1Yj3pmY0Jd_A_Dr66WhPeo',#18,'Pset_DoorCommon',$,(#76,#3598));
#3600=IFCPROPERTYSET('3nC8gXzj$bb2pt3_NeQOcE',#18,'Pset_EnvironmentalImpactIndicators',$,(#3598));
#3601=IFCRELDEFINESBYPROPERTIES('1_$IyO0IKUqiJX$Rp3KSAG',#18,$,$,(#3593),#3599);
#3602=IFCRELDEFINESBYPROPERTIES('11CLqOeiBI5zPgL2adlEDx',#18,$,$,(#3593),#3600);
#3603=IFCMAPPEDITEM(#3572,#124);
#3604=IFCSHAPEREPRESENTATION(#24,'Body','MappedRepresentation',(#3603));
#3605=IFCPRODUCTDEFINITIONSHAPE($,$,(#3604));
#3606=IFCCARTESIANPOINT((-21.9990444463604,20.6931498923767,0.));
#3607=IFCAXIS2PLACEMENT3D(#3606,$,$);
#3609=IFCDOOR('20LeAmtxjFagTYkRE7cuXY',#18,'Drehfl\X2\00FC\X0\gel 2-flg - Variabel:Drehfl\X2\00FC\X0\gel 2-flg - Variabel:501434',$,'Drehfl\X2\00FC\X0\gel 2-flg - Variabel:Drehfl\X2\00FC\X0\gel 2-flg - Variabel',#6509,#3605,'501434',2.35999999999998,2.01,.DOOR.,.DOUBLE_DOOR_SINGLE_SWING.,$);
#3610=IFCMATERIALCONSTITUENT('Metall - Chrom',$,#3576,$,'Metall');
#3611=IFCMATERIALCONSTITUENT('Holz - Birke',$,#1445,$,'Holz');
#3612=IFCMATERIALCONSTITUENT('Metall - lackiert, grau',$,#1462,$,'Farbe');
#3613=IFCMATERIALCONSTITUENTSET($,$,(#3610,#3611,#3612));
#3614=IFCPROPERTYSET('17vpvf1r$BSaYp0dEOiI6w',#18,'Pset_DoorCommon',$,(#76,#3598));
#3615=IFCPROPERTYSET('36RXSS3DCQlenXjgqPWiAy',#18,'Pset_EnvironmentalImpactIndicators',$,(#3598));
#3616=IFCRELDEFINESBYPROPERTIES('3oTb3nVqEbw_t8g2xel_TD',#18,$,$,(#3609),#3614);
#3617=IFCRELDEFINESBYPROPERTIES('3XO38wCIEVwzcbk_IbgTlK',#18,$,$,(#3609),#3615);
#3618=IFCMAPPEDITEM(#3572,#124);
#3619=IFCSHAPEREPRESENTATION(#24,'Body','MappedRepresentation',(#3618));
#3620=IFCPRODUCTDEFINITIONSHAPE($,$,(#3619));
#3621=IFCCARTESIANPOINT((-8.05405917105965,28.2581498923767,0.));
#3622=IFCAXIS2PLACEMENT3D(#3621,#9,#8);
#3624=IFCDOOR('20LeAmtxjFagTYkRE7cudU',#18,'Drehfl\X2\00FC\X0\gel 2-flg - Variabel:Drehfl\X2\00FC\X0\gel 2-flg - Variabel:501510',$,'Drehfl\X2\00FC\X0\gel 2-flg - Variabel:Drehfl\X2\00FC\X0\gel 2-flg - Variabel',#6479,#3620,'501510',2.35999999999998,2.01,.DOOR.,.DOUBLE_DOOR_SINGLE_SWING.,$);
#3625=IFCMATERIALCONSTITUENT('Metall - Chrom',$,#3576,$,'Metall');
#3626=IFCMATERIALCONSTITUENT('Holz - Birke',$,#1445,$,'Holz');
#3627=IFCMATERIALCONSTITUENT('Metall - lackiert, grau',$,#1462,$,'Farbe');
#3628=IFCMATERIALCONSTITUENTSET($,$,(#3625,#3626,#3627));
#3629=IFCPROPERTYSET('3YDc898OORwEcHCwnhNUe8',#18,'Pset_DoorCommon',$,(#76,#3598));
#3630=IFCPROPERTYSET('0MxbFBV1QWmTdfgU_P$GBs',#18,'Pset_EnvironmentalImpactIndicators',$,(#3598));
#3631=IFCRELDEFINESBYPROPERTIES('0P7IwR0fR6EmdPe5JEYZp5',#18,$,$,(#3624),#3629);
#3632=IFCRELDEFINESBYPROPERTIES('2SV4WQJbkPHFCBmwzYMj5J',#18,$,$,(#3624),#3630);
#3633=IFCMAPPEDITEM(#3572,#124);
#3634=IFCSHAPEREPRESENTATION(#24,'Body','MappedRepresentation',(#3633));
#3635=IFCPRODUCTDEFINITIONSHAPE($,$,(#3634));
#3636=IFCCARTESIANPOINT((-8.20405917105966,-5.74185010762332,0.));
#3637=IFCAXIS2PLACEMENT3D(#3636,#9,#8);
#3639=IFCDOOR('20LeAmtxjFagTYkRE7cubU',#18,'Drehfl\X2\00FC\X0\gel 2-flg - Variabel:Drehfl\X2\00FC\X0\gel 2-flg - Variabel:501638',$,'Drehfl\X2\00FC\X0\gel 2-flg - Variabel:Drehfl\X2\00FC\X0\gel 2-flg - Variabel',#6494,#3635,'501638',2.35999999999998,2.01,.DOOR.,.DOUBLE_DOOR_SINGLE_SWING.,$);
#3640=IFCMATERIALCONSTITUENT('Metall - Chrom',$,#3576,$,'Metall');
#3641=IFCMATERIALCONSTITUENT('Holz - Birke',$,#1445,$,'Holz');
#3642=IFCMATERIALCONSTITUENT('Metall - lackiert, grau',$,#1462,$,'Farbe');
#3643=IFCMATERIALCONSTITUENTSET($,$,(#3640,#3641,#3642));
#3644=IFCPROPERTYSET('183OLdXE6ZtUOUyd3dE3B6',#18,'Pset_DoorCommon',$,(#76,#3598));
#3645=IFCPROPERTYSET('2QyLKJIYyAz9m5f_j45bIz',#18,'Pset_EnvironmentalImpactIndicators',$,(#3598));
#3646=IFCRELDEFINESBYPROPERTIES('1iGO$LInJ6NQAnxBqUSIk3',#18,$,$,(#3639),#3644);
#3647=IFCRELDEFINESBYPROPERTIES('2eNDyrW_p92RbELN1x9vSk',#18,$,$,(#3639),#3645);
#3648=IFCCOLOURRGBLIST(((0.501960784313725,0.501960784313725,1.)));
#3649=IFCINDEXEDPOLYGONALFACE((1,2,3,4));
#3650=IFCINDEXEDPOLYGONALFACE((2,1,5,6));
#3651=IFCINDEXEDPOLYGONALFACE((3,2,6,7));
#3652=IFCINDEXEDPOLYGONALFACE((4,3,7,8));
#3653=IFCINDEXEDPOLYGONALFACE((1,4,8,5));
#3654=IFCINDEXEDPOLYGONALFACE((5,8,7,6));
#3655=IFCCARTESIANPOINTLIST3D(((0.0899999999999992,0.0150000000009662,1.15),(0.944999999999999,0.0150000000009634,1.15),(0.944999999999999,0.0150000000009634,0.109999999999999),(0.0899999999999992,0.0150000000009662,0.109999999999999),(0.0899999999999994,-0.0149999999990338,1.15),(0.944999999999999,-0.0149999999990366,1.15),(0.944999999999999,-0.0149999999990366,0.109999999999999),(0.0899999999999994,-0.0149999999990338,0.109999999999999)));
#3656=IFCPOLYGONALFACESET(#3655,.T.,(#3649,#3650,#3651,#3652,#3653,#3654),$);
#3657=IFCINDEXEDCOLOURMAP(#3656,0.25,#3648,(1,1,1,1,1,1));
#3658=IFCCOLOURRGB($,0.501960784313725,0.501960784313725,1.);
#3659=IFCSURFACESTYLERENDERING(#3658,0.75,$,$,$,$,IFCNORMALISEDRATIOMEASURE(0.5),IFCSPECULAREXPONENT(64.),.NOTDEFINED.);
#3660=IFCSURFACESTYLE('Glas',.BOTH.,(#3659));
#3661=IFCSTYLEDITEM(#3656,(#3660),$);
#3662=IFCCOLOURRGBLIST(((0.501960784313725,0.501960784313725,1.)));
#3663=IFCINDEXEDPOLYGONALFACE((1,2,3,4));
#3664=IFCINDEXEDPOLYGONALFACE((5,6,1,4));
#3665=IFCINDEXEDPOLYGONALFACE((7,5,4,3));
#3666=IFCINDEXEDPOLYGONALFACE((8,7,3,2));
#3667=IFCINDEXEDPOLYGONALFACE((6,8,2,1));
#3668=IFCINDEXEDPOLYGONALFACE((6,5,7,8));
#3669=IFCCARTESIANPOINTLIST3D(((1.065,-0.014999999999037,1.15),(1.065,-0.014999999999037,0.109999999999999),(1.92,-0.0149999999990398,0.109999999999999),(1.92,-0.0149999999990398,1.15),(1.92,0.0150000000009602,1.15),(1.065,0.015000000000963,1.15),(1.92,0.0150000000009602,0.109999999999999),(1.065,0.015000000000963,0.109999999999999)));
#3670=IFCPOLYGONALFACESET(#3669,.T.,(#3663,#3664,#3665,#3666,#3667,#3668),$);
#3671=IFCINDEXEDCOLOURMAP(#3670,0.25,#3662,(1,1,1,1,1,1));
#3672=IFCSTYLEDITEM(#3670,(#3660),$);
#3673=IFCCOLOURRGBLIST(((0.835294117647059,0.643137254901961,0.403921568627451)));
#3674=IFCINDEXEDPOLYGONALFACE((1,2,3,4));
#3675=IFCINDEXEDPOLYGONALFACE((5,6,7,8));
#3676=IFCINDEXEDPOLYGONALFACE((2,1,5,8));
#3677=IFCINDEXEDPOLYGONALFACE((3,2,8,7));
#3678=IFCINDEXEDPOLYGONALFACE((4,3,7,6));
#3679=IFCINDEXEDPOLYGONALFACE((1,4,6,5));
#3680=IFCCARTESIANPOINTLIST3D(((-6.76791955811495E-16,-0.0300000000000214,0.0200000000000045),(-6.76791955811495E-16,9.5437817648758E-13,0.0200000000000045),(-6.76791955811495E-16,9.5437817648758E-13,0.0049999999999967),(-6.76791955811495E-16,-0.0300000000000214,0.0049999999999967),(2.01,-0.0300000000000245,0.0200000000000045),(2.01,-0.0300000000000245,0.0049999999999967),(2.01,9.51332612686428E-13,0.0049999999999967),(2.01,9.51332612686428E-13,0.0200000000000045)));
#3681=IFCPOLYGONALFACESET(#3680,.T.,(#3674,#3675,#3676,#3677,#3678,#3679),$);
#3682=IFCINDEXEDCOLOURMAP(#3681,1.,#3673,(1,1,1,1,1,1));
#3683=IFCSTYLEDITEM(#3681,(#1407),$);
#3684=IFCCOLOURRGBLIST(((0.968627450980392,0.968627450980392,0.968627450980392)));
#3685=IFCINDEXEDPOLYGONALFACE((1,2,3,4,5,6,7,8));
#3686=IFCINDEXEDPOLYGONALFACE((9,10,11,12,13,14,15,16));
#3687=IFCINDEXEDPOLYGONALFACE((2,1,9,16));
#3688=IFCINDEXEDPOLYGONALFACE((3,2,16,15));
#3689=IFCINDEXEDPOLYGONALFACE((4,3,15,14));
#3690=IFCINDEXEDPOLYGONALFACE((5,4,14,13));
#3691=IFCINDEXEDPOLYGONALFACE((6,5,13,12));
#3692=IFCINDEXEDPOLYGONALFACE((7,6,12,11));
#3693=IFCINDEXEDPOLYGONALFACE((8,7,11,10));
#3694=IFCINDEXEDPOLYGONALFACE((1,8,10,9));
#3695=IFCCARTESIANPOINTLIST3D(((-4.06075173486897E-16,0.0700221543403571,0.0200000000000045),(-6.76791955811495E-16,0.229999999999996,7.71542829625105E-15),(-6.76791955811495E-16,0.229999999999996,-0.0100000000000071),(-6.76791955811495E-16,0.227999999999996,-0.0100000000000071),(-6.76791955811495E-16,0.227999999999996,-0.00163953655344577),(-4.06075173486897E-16,0.069824072281684,0.0180000000000044),(-4.06075173486897E-16,0.0600000000009617,0.0180000000000044),(-4.06075173486897E-16,0.0600000000009617,0.0200000000000045),(2.01,0.0700221543403602,0.0200000000000045),(2.01,0.0600000000009647,0.0200000000000045),(2.01,0.0600000000009647,0.0180000000000044),(2.01,0.0698240722816871,0.0180000000000044),(2.01,0.227999999999999,-0.00163953655344577),(2.01,0.227999999999999,-0.0100000000000071),(2.01,0.229999999999999,-0.0100000000000071),(2.01,0.229999999999999,7.71542829625105E-15)));
#3696=IFCPOLYGONALFACESET(#3695,.T.,(#3685,#3686,#3687,#3688,#3689,#3690,#3691,#3692,#3693,#3694),$);
#3697=IFCINDEXEDCOLOURMAP(#3696,1.,#3684,(1,1,1,1,1,1,1,1,1,1));
#3698=IFCCOLOURRGB($,0.968627450980392,0.968627450980392,0.968627450980392);
#3699=IFCSURFACESTYLERENDERING(#3698,0.,$,$,$,$,IFCNORMALISEDRATIOMEASURE(0.5),IFCSPECULAREXPONENT(128.),.NOTDEFINED.);
#3700=IFCSURFACESTYLE('Metall - Aluminium',.BOTH.,(#3699));
#3701=IFCSTYLEDITEM(#3696,(#3700),$);
#3702=IFCCOLOURRGBLIST(((0.976470588235294,0.976470588235294,0.976470588235294)));
#3703=IFCINDEXEDPOLYGONALFACE((1,2,3,4));
#3704=IFCINDEXEDPOLYGONALFACE((2,1,5,6));
#3705=IFCINDEXEDPOLYGONALFACE((3,2,6,7));
#3706=IFCINDEXEDPOLYGONALFACE((4,3,7,8));
#3707=IFCINDEXEDPOLYGONALFACE((5,8,7,6));
#3708=IFCINDEXEDPOLYGONALFACE((1,4,8,5));
#3709=IFCCARTESIANPOINTLIST3D(((0.974999999999998,9.60418544693198E-13,1.18),(0.974999999999998,9.60418544693198E-13,0.0800000000000008),(1.035,9.6023242690535E-13,0.0800000000000008),(1.035,9.6023242690535E-13,1.18),(0.974999999999998,0.0600000000009604,1.18),(0.974999999999998,0.0600000000009604,0.0800000000000008),(1.035,0.0600000000009602,0.0800000000000008),(1.035,0.0600000000009602,1.18)));
#3710=IFCPOLYGONALFACESET(#3709,.T.,(#3703,#3704,#3705,#3706,#3707,#3708),$);
#3711=IFCINDEXEDCOLOURMAP(#3710,1.,#3702,(1,1,1,1,1,1));
#3712=IFCCOLOURRGB($,0.976470588235294,0.976470588235294,0.976470588235294);
#3713=IFCSURFACESTYLERENDERING(#3712,0.,$,$,$,$,IFCNORMALISEDRATIOMEASURE(0.5),IFCSPECULAREXPONENT(128.),.NOTDEFINED.);
#3714=IFCSURFACESTYLE('Kunststoff - Wei\X2\00DF\X0\',.BOTH.,(#3713));
#3715=IFCSTYLEDITEM(#3710,(#3714),$);
#3716=IFCCOLOURRGBLIST(((0.976470588235294,0.976470588235294,0.976470588235294)));
#3717=IFCINDEXEDPOLYGONALFACEWITHVOIDS((1,2,3,4),((5,6,7,8)));
#3718=IFCINDEXEDPOLYGONALFACE((2,1,9,10));
#3719=IFCINDEXEDPOLYGONALFACE((3,2,10,11));
#3720=IFCINDEXEDPOLYGONALFACE((4,3,11,12));
#3721=IFCINDEXEDPOLYGONALFACE((7,6,13,14));
#3722=IFCINDEXEDPOLYGONALFACE((8,7,14,15));
#3723=IFCINDEXEDPOLYGONALFACE((5,8,15,16));
#3724=IFCINDEXEDPOLYGONALFACEWITHVOIDS((9,12,11,10),((16,15,14,13)));
#3725=IFCINDEXEDPOLYGONALFACE((1,4,12,9));
#3726=IFCINDEXEDPOLYGONALFACE((6,5,16,13));
#3727=IFCCARTESIANPOINTLIST3D(((-6.76791955811495E-16,9.63582547086617E-13,1.26),(-6.76791955811495E-16,9.63582547086617E-13,0.),(2.01,9.57085344310826E-13,0.),(2.01,9.57085344310826E-13,1.26),(0.059999999999999,9.63396429298768E-13,1.17999999999999),(1.95,9.57271462098674E-13,1.17999999999999),(1.95,9.57271462098674E-13,0.0800000000000036),(0.0599999999999992,9.63396429298768E-13,0.0800000000000036),(-6.76791955811495E-16,0.0600000000009635,1.26),(-6.76791955811495E-16,0.0600000000009635,0.),(2.01,0.060000000000957,0.),(2.01,0.060000000000957,1.26),(1.95,0.0600000000009571,1.17999999999999),(1.95,0.0600000000009571,0.0800000000000036),(0.0599999999999994,0.0600000000009633,0.0800000000000036),(0.0599999999999992,0.0600000000009633,1.17999999999999)));
#3728=IFCPOLYGONALFACESET(#3727,.T.,(#3717,#3718,#3719,#3720,#3721,#3722,#3723,#3724,#3725,#3726),$);
#3729=IFCINDEXEDCOLOURMAP(#3728,1.,#3716,(1,1,1,1,1,1,1,1,1,1));
#3730=IFCSTYLEDITEM(#3728,(#3714),$);
#3731=IFCCOLOURRGBLIST(((0.976470588235294,0.976470588235294,0.976470588235294)));
#3732=IFCINDEXEDPOLYGONALFACE((1,2,3,4));
#3733=IFCINDEXEDPOLYGONALFACE((4,3,5,6));
#3734=IFCINDEXEDPOLYGONALFACEWITHVOIDS((3,2,7,5),((8,9,10,11)));
#3735=IFCINDEXEDPOLYGONALFACEWITHVOIDS((12,13,14,15),((6,16,1,4)));
#3736=IFCINDEXEDPOLYGONALFACE((17,13,12,18));
#3737=IFCINDEXEDPOLYGONALFACE((18,12,15,19));
#3738=IFCINDEXEDPOLYGONALFACEWITHVOIDS((19,24,17,18),((20,21,22,23)));
#3739=IFCINDEXEDPOLYGONALFACE((10,21,20,11));
#3740=IFCINDEXEDPOLYGONALFACE((11,20,23,8));
#3741=IFCINDEXEDPOLYGONALFACE((16,7,2,1));
#3742=IFCINDEXEDPOLYGONALFACE((24,14,13,17));
#3743=IFCINDEXEDPOLYGONALFACE((9,22,21,10));
#3744=IFCINDEXEDPOLYGONALFACE((6,5,7,16));
#3745=IFCINDEXEDPOLYGONALFACE((19,15,14,24));
#3746=IFCINDEXEDPOLYGONALFACE((8,23,22,9));
#3747=IFCCARTESIANPOINTLIST3D(((0.0599999999999999,9.52703116396947E-13,0.0799999999999991),(0.0599999999999999,0.0300000000009529,0.0799999999999991),(0.974999999999999,0.0300000000009529,0.0799999999999993),(0.974999999999999,9.52703116396947E-13,0.0799999999999993),(0.974999999999999,0.0300000000009529,1.18),(0.974999999999999,9.54818091258858E-13,1.18),(0.06,0.0300000000009529,1.18),(0.944999999999999,0.0300000000009561,1.15),(0.0899999999999996,0.0300000000009561,1.15),(0.0899999999999997,0.030000000000953,0.109999999999999),(0.944999999999999,0.030000000000953,0.109999999999999),(1.005,9.52635437201366E-13,0.0499999999999989),(0.0299999999999998,9.52635437201366E-13,0.0499999999999989),(0.0299999999999998,9.52635437201366E-13,1.21),(1.005,9.52635437201366E-13,1.21),(0.06,9.54818091258858E-13,1.18),(0.0300000000000001,-0.0299999999990473,0.0499999999999991),(1.005,-0.0299999999990473,0.0499999999999989),(1.005,-0.0299999999990438,1.21),(0.944999999999999,-0.029999999999047,0.109999999999999),(0.09,-0.029999999999047,0.109999999999999),(0.0899999999999997,-0.029999999999047,1.15),(0.944999999999999,-0.029999999999047,1.15),(0.0300000000000001,-0.0299999999990438,1.21)));
#3748=IFCPOLYGONALFACESET(#3747,.T.,(#3732,#3733,#3734,#3735,#3736,#3737,#3738,#3739,#3740,#3741,#3742,#3743,#3744,#3745,#3746),$);
#3749=IFCINDEXEDCOLOURMAP(#3748,1.,#3731,(1,1,1,1,1,1,1,1,1,1,1,1,1,1,1));
#3750=IFCSTYLEDITEM(#3748,(#3714),$);
#3751=IFCCOLOURRGBLIST(((0.976470588235294,0.976470588235294,0.976470588235294)));
#3752=IFCINDEXEDPOLYGONALFACE((1,2,3,4));
#3753=IFCINDEXEDPOLYGONALFACE((4,3,5,6));
#3754=IFCINDEXEDPOLYGONALFACEWITHVOIDS((3,2,7,5),((8,9,10,11)));
#3755=IFCINDEXEDPOLYGONALFACEWITHVOIDS((12,13,14,15),((6,16,1,4)));
#3756=IFCINDEXEDPOLYGONALFACE((17,13,12,18));
#3757=IFCINDEXEDPOLYGONALFACE((18,12,15,19));
#3758=IFCINDEXEDPOLYGONALFACEWITHVOIDS((19,24,17,18),((20,21,22,23)));
#3759=IFCINDEXEDPOLYGONALFACE((10,21,20,11));
#3760=IFCINDEXEDPOLYGONALFACE((11,20,23,8));
#3761=IFCINDEXEDPOLYGONALFACE((16,7,2,1));
#3762=IFCINDEXEDPOLYGONALFACE((24,14,13,17));
#3763=IFCINDEXEDPOLYGONALFACE((9,22,21,10));
#3764=IFCINDEXEDPOLYGONALFACE((6,5,7,16));
#3765=IFCINDEXEDPOLYGONALFACE((19,15,14,24));
#3766=IFCINDEXEDPOLYGONALFACE((8,23,22,9));
#3767=IFCCARTESIANPOINTLIST3D(((1.035,9.52703116396947E-13,0.0799999999999993),(1.035,0.0300000000009529,0.0799999999999993),(1.95,0.0300000000009529,0.0799999999999991),(1.95,9.52703116396947E-13,0.0799999999999993),(1.95,0.0300000000009529,1.18),(1.95,9.54818091258858E-13,1.18),(1.035,0.0300000000009529,1.18),(1.92,0.0300000000009561,1.15),(1.065,0.0300000000009561,1.15),(1.065,0.030000000000953,0.109999999999999),(1.92,0.030000000000953,0.109999999999999),(1.98,9.52635437201366E-13,0.0499999999999989),(1.005,9.52635437201366E-13,0.0499999999999991),(1.005,9.52635437201366E-13,1.21),(1.98,9.52635437201366E-13,1.21),(1.035,9.54818091258858E-13,1.18),(1.005,-0.0299999999990473,0.0499999999999991),(1.98,-0.0299999999990473,0.0499999999999989),(1.98,-0.0299999999990438,1.21),(1.92,-0.029999999999047,0.109999999999999),(1.065,-0.029999999999047,0.109999999999999),(1.065,-0.029999999999047,1.15),(1.92,-0.029999999999047,1.15),(1.005,-0.0299999999990438,1.21)));
#3768=IFCPOLYGONALFACESET(#3767,.T.,(#3752,#3753,#3754,#3755,#3756,#3757,#3758,#3759,#3760,#3761,#3762,#3763,#3764,#3765,#3766),$);
#3769=IFCINDEXEDCOLOURMAP(#3768,1.,#3751,(1,1,1,1,1,1,1,1,1,1,1,1,1,1,1));
#3770=IFCSTYLEDITEM(#3768,(#3714),$);
#3771=IFCSHAPEREPRESENTATION(#24,'Body','Tessellation',(#3656,#3670,#3681,#3696,#3710,#3728,#3748,#3768));
#3772=IFCAXIS2PLACEMENT3D(#3,$,$);
#3773=IFCREPRESENTATIONMAP(#3772,#3771);
#3774=IFCWINDOWLININGPROPERTIES('20LeAmtxjFagTYkRA7cuQd',#18,'Fenster 2-flg - Variabel:Fenster 2-flg - Variabel:501887',$,$,$,$,$,$,$,$,$,$,$,$,$);
#3775=IFCWINDOWTYPE('2KsygFb47zWLIOz8xYmE85',#18,'Fenster 2-flg - Variabel:Fenster 2-flg - Variabel',$,$,(#3774),(#3773),'191637',$,.WINDOW.,.NOTDEFINED.,$,$);
#3776=IFCMATERIAL('Glas',$,'Glas');
#3777=IFCMATERIAL('Metall - Aluminium',$,'Metall');
#3778=IFCMATERIAL('Kunststoff - Wei\X2\00DF\X0\',$,'Kunststoff');
#3779=IFCMATERIALCONSTITUENT('Glass',$,#3776,$,'Glas');
#3780=IFCSHAPEREPRESENTATION(#24,'Body','Tessellation',(#3656,#3670));
#3781=IFCSHAPEASPECT((#3780),'Glass',$,.F.,#3773);
#3782=IFCMATERIALCONSTITUENT('Fensterbank innen',$,#1445,$,'Holz');
#3783=IFCSHAPEREPRESENTATION(#24,'Body','Tessellation',(#3681));
#3784=IFCSHAPEASPECT((#3783),'Fensterbank innen',$,.F.,#3773);
#3785=IFCMATERIALCONSTITUENT('Fensterbank au\X2\00DF\X0\en',$,#3777,$,'Metall');
#3786=IFCSHAPEREPRESENTATION(#24,'Body','Tessellation',(#3696));
#3787=IFCSHAPEASPECT((#3786),'Fensterbank au\X2\00DF\X0\en',$,.F.,#3773);
#3788=IFCMATERIALCONSTITUENT('Frame/Mullion',$,#3778,$,'Kunststoff');
#3789=IFCSHAPEREPRESENTATION(#24,'Body','Tessellation',(#3710,#3728));
#3790=IFCSHAPEASPECT((#3789),'Frame/Mullion',$,.F.,#3773);
#3791=IFCMATERIALCONSTITUENT('L\X2\00FC\X0\ftungs\X2\00F6\X0\ffnung',$,#3778,$,'Kunststoff');
#3792=IFCSHAPEREPRESENTATION(#24,'Body','Tessellation',(#3748,#3768));
#3793=IFCSHAPEASPECT((#3792),'L\X2\00FC\X0\ftungs\X2\00F6\X0\ffnung',$,.F.,#3773);
#3794=IFCMATERIALCONSTITUENTSET($,$,(#3779,#3782,#3785,#3788,#3791));
#3795=IFCMAPPEDITEM(#3773,#124);
#3796=IFCSHAPEREPRESENTATION(#24,'Body','MappedRepresentation',(#3795));
#3797=IFCPRODUCTDEFINITIONSHAPE($,$,(#3796));
#3798=IFCCARTESIANPOINT((-22.9940591710597,23.5956498923767,1.));
#3799=IFCAXIS2PLACEMENT3D(#3798,#9,#8);
#3801=IFCWINDOW('20LeAmtxjFagTYkRE7cuQd',#18,'Fenster 2-flg - Variabel:Fenster 2-flg - Variabel:501887',$,'Fenster 2-flg - Variabel:Fenster 2-flg - Variabel',#5939,#3797,'501887',1.26,2.01,.WINDOW.,.NOTDEFINED.,$);
#3802=IFCMATERIALCONSTITUENT('Glas',$,#3776,$,'Glas');
#3803=IFCMATERIALCONSTITUENT('Holz - Birke',$,#1445,$,'Holz');
#3804=IFCMATERIALCONSTITUENT('Metall - Aluminium',$,#3777,$,'Metall');
#3805=IFCMATERIALCONSTITUENT('Kunststoff - Wei\X2\00DF\X0\',$,#3778,$,'Kunststoff');
#3806=IFCMATERIALCONSTITUENTSET($,$,(#3802,#3803,#3804,#3805));
#3807=IFCPROPERTYSINGLEVALUE('Reference',$,IFCIDENTIFIER('Fenster 2-flg - Variabel'),$);
#3808=IFCPROPERTYSET('3e62EJTLZ7nPHuBs0dieQJ',#18,'Pset_EnvironmentalImpactIndicators',$,(#3807));
#3809=IFCPROPERTYSET('0IWnKT9uenWVG8FD7vco$h',#18,'Pset_WindowCommon',$,(#635,#3807));
#3810=IFCRELDEFINESBYPROPERTIES('1_7hcGd5OBU3oUwKAaiCFG',#18,$,$,(#3801),#3808);
#3811=IFCRELDEFINESBYPROPERTIES('3MCyI7b6kibN7wo2xi2GE4',#18,$,$,(#3801),#3809);
#3812=IFCMAPPEDITEM(#3773,#124);
#3813=IFCSHAPEREPRESENTATION(#24,'Body','MappedRepresentation',(#3812));
#3814=IFCPRODUCTDEFINITIONSHAPE($,$,(#3813));
#3815=IFCCARTESIANPOINT((-22.9940591710597,19.5856498923767,1.));
#3816=IFCAXIS2PLACEMENT3D(#3815,#9,#8);
#3818=IFCWINDOW('20LeAmtxjFagTYkRE7cuPl',#18,'Fenster 2-flg - Variabel:Fenster 2-flg - Variabel:501943',$,'Fenster 2-flg - Variabel:Fenster 2-flg - Variabel',#5955,#3814,'501943',1.26,2.01,.WINDOW.,.NOTDEFINED.,$);
#3819=IFCMATERIALCONSTITUENT('Glas',$,#3776,$,'Glas');
#3820=IFCMATERIALCONSTITUENT('Holz - Birke',$,#1445,$,'Holz');
#3821=IFCMATERIALCONSTITUENT('Metall - Aluminium',$,#3777,$,'Metall');
#3822=IFCMATERIALCONSTITUENT('Kunststoff - Wei\X2\00DF\X0\',$,#3778,$,'Kunststoff');
#3823=IFCMATERIALCONSTITUENTSET($,$,(#3819,#3820,#3821,#3822));
#3824=IFCPROPERTYSET('1y8V3dz8PUQo8maerX8Rww',#18,'Pset_EnvironmentalImpactIndicators',$,(#3807));
#3825=IFCPROPERTYSET('02Ifw$YnizQxcUe7d1W1UG',#18,'Pset_WindowCommon',$,(#635,#3807));
#3826=IFCRELDEFINESBYPROPERTIES('0dHdMT79Rjt87ISCHNDY3G',#18,$,$,(#3818),#3824);
#3827=IFCRELDEFINESBYPROPERTIES('1tXaitO32iWU2Z2NfQftu_',#18,$,$,(#3818),#3825);
#3828=IFCMAPPEDITEM(#3773,#124);
#3829=IFCSHAPEREPRESENTATION(#24,'Body','MappedRepresentation',(#3828));
#3830=IFCPRODUCTDEFINITIONSHAPE($,$,(#3829));
#3831=IFCCARTESIANPOINT((-22.9940591710597,14.5756498923767,1.));
#3832=IFCAXIS2PLACEMENT3D(#3831,#9,#8);
#3834=IFCWINDOW('20LeAmtxjFagTYkRE7cuO0',#18,'Fenster 2-flg - Variabel:Fenster 2-flg - Variabel:501976',$,'Fenster 2-flg - Variabel:Fenster 2-flg - Variabel',#5971,#3830,'501976',1.26,2.01,.WINDOW.,.NOTDEFINED.,$);
#3835=IFCMATERIALCONSTITUENT('Glas',$,#3776,$,'Glas');
#3836=IFCMATERIALCONSTITUENT('Holz - Birke',$,#1445,$,'Holz');
#3837=IFCMATERIALCONSTITUENT('Metall - Aluminium',$,#3777,$,'Metall');
#3838=IFCMATERIALCONSTITUENT('Kunststoff - Wei\X2\00DF\X0\',$,#3778,$,'Kunststoff');
#3839=IFCMATERIALCONSTITUENTSET($,$,(#3835,#3836,#3837,#3838));
#3840=IFCPROPERTYSET('16lFLKkFJimneBBz_KYzQR',#18,'Pset_EnvironmentalImpactIndicators',$,(#3807));
#3841=IFCPROPERTYSET('3y4FClA5i6$fk_BpRJmmZa',#18,'Pset_WindowCommon',$,(#635,#3807));
#3842=IFCRELDEFINESBYPROPERTIES('3NV_Qag7yYK_nCWzOqmnL3',#18,$,$,(#3834),#3840);
#3843=IFCRELDEFINESBYPROPERTIES('0rn6kgDt2bXz2TyDI71mnL',#18,$,$,(#3834),#3841);
#3844=IFCMAPPEDITEM(#3773,#124);
#3845=IFCSHAPEREPRESENTATION(#24,'Body','MappedRepresentation',(#3844));
#3846=IFCPRODUCTDEFINITIONSHAPE($,$,(#3845));
#3847=IFCCARTESIANPOINT((-22.9940591710597,8.96564989237673,1.));
#3848=IFCAXIS2PLACEMENT3D(#3847,#9,#8);
#3850=IFCWINDOW('20LeAmtxjFagTYkRE7cuVB',#18,'Fenster 2-flg - Variabel:Fenster 2-flg - Variabel:502035',$,'Fenster 2-flg - Variabel:Fenster 2-flg - Variabel',#5987,#3846,'502035',1.26,2.01,.WINDOW.,.NOTDEFINED.,$);
#3851=IFCMATERIALCONSTITUENT('Glas',$,#3776,$,'Glas');
#3852=IFCMATERIALCONSTITUENT('Holz - Birke',$,#1445,$,'Holz');
#3853=IFCMATERIALCONSTITUENT('Metall - Aluminium',$,#3777,$,'Metall');
#3854=IFCMATERIALCONSTITUENT('Kunststoff - Wei\X2\00DF\X0\',$,#3778,$,'Kunststoff');
#3855=IFCMATERIALCONSTITUENTSET($,$,(#3851,#3852,#3853,#3854));
#3856=IFCPROPERTYSET('25G_3I6sOxJle6_nFiGH0Q',#18,'Pset_EnvironmentalImpactIndicators',$,(#3807));
#3857=IFCPROPERTYSET('2VoHgzZGMYHRGTbGWyTIoR',#18,'Pset_WindowCommon',$,(#635,#3807));
#3858=IFCRELDEFINESBYPROPERTIES('3qaTZcLW4hR$1ZdNsI9NFj',#18,$,$,(#3850),#3856);
#3859=IFCRELDEFINESBYPROPERTIES('18dIq1AEMpm$c5mdC8Ci_S',#18,$,$,(#3850),#3857);
#3860=IFCMAPPEDITEM(#3773,#124);
#3861=IFCSHAPEREPRESENTATION(#24,'Body','MappedRepresentation',(#3860));
#3862=IFCPRODUCTDEFINITIONSHAPE($,$,(#3861));
#3863=IFCCARTESIANPOINT((-22.9940591710597,4.05564989237674,1.));
#3864=IFCAXIS2PLACEMENT3D(#3863,#9,#8);
#3866=IFCWINDOW('20LeAmtxjFagTYkRE7cuU2',#18,'Fenster 2-flg - Variabel:Fenster 2-flg - Variabel:502106',$,'Fenster 2-flg - Variabel:Fenster 2-flg - Variabel',#6003,#3862,'502106',1.26,2.01,.WINDOW.,.NOTDEFINED.,$);
#3867=IFCMATERIALCONSTITUENT('Glas',$,#3776,$,'Glas');
#3868=IFCMATERIALCONSTITUENT('Holz - Birke',$,#1445,$,'Holz');
#3869=IFCMATERIALCONSTITUENT('Metall - Aluminium',$,#3777,$,'Metall');
#3870=IFCMATERIALCONSTITUENT('Kunststoff - Wei\X2\00DF\X0\',$,#3778,$,'Kunststoff');
#3871=IFCMATERIALCONSTITUENTSET($,$,(#3867,#3868,#3869,#3870));
#3872=IFCPROPERTYSET('37A_6mW7utjk6YKMXHhEP3',#18,'Pset_EnvironmentalImpactIndicators',$,(#3807));
#3873=IFCPROPERTYSET('3x0VOaIE2_TnYYf_l_3TTU',#18,'Pset_WindowCommon',$,(#635,#3807));
#3874=IFCRELDEFINESBYPROPERTIES('0qo6JpvTvlGtBlZ5tyAijr',#18,$,$,(#3866),#3872);
#3875=IFCRELDEFINESBYPROPERTIES('2Ib_PyI9uawoP4KXRC2gaM',#18,$,$,(#3866),#3873);
#3876=IFCMAPPEDITEM(#3773,#124);
#3877=IFCSHAPEREPRESENTATION(#24,'Body','MappedRepresentation',(#3876));
#3878=IFCPRODUCTDEFINITIONSHAPE($,$,(#3877));
#3879=IFCCARTESIANPOINT((-22.9940591710597,-0.554350107623265,1.));
#3880=IFCAXIS2PLACEMENT3D(#3879,#9,#8);
#3882=IFCWINDOW('20LeAmtxjFagTYkRE7cuTx',#18,'Fenster 2-flg - Variabel:Fenster 2-flg - Variabel:502179',$,'Fenster 2-flg - Variabel:Fenster 2-flg - Variabel',#6019,#3878,'502179',1.26,2.01,.WINDOW.,.NOTDEFINED.,$);
#3883=IFCMATERIALCONSTITUENT('Glas',$,#3776,$,'Glas');
#3884=IFCMATERIALCONSTITUENT('Holz - Birke',$,#1445,$,'Holz');
#3885=IFCMATERIALCONSTITUENT('Metall - Aluminium',$,#3777,$,'Metall');
#3886=IFCMATERIALCONSTITUENT('Kunststoff - Wei\X2\00DF\X0\',$,#3778,$,'Kunststoff');
#3887=IFCMATERIALCONSTITUENTSET($,$,(#3883,#3884,#3885,#3886));
#3888=IFCPROPERTYSET('3wNpeMFRvldwHHkiLCPMkv',#18,'Pset_EnvironmentalImpactIndicators',$,(#3807));
#3889=IFCPROPERTYSET('2peB8xzoO8J0ky9Uyh59Os',#18,'Pset_WindowCommon',$,(#635,#3807));
#3890=IFCRELDEFINESBYPROPERTIES('1Y_qdmKuHj6LxMa1kGzh9v',#18,$,$,(#3882),#3888);
#3891=IFCRELDEFINESBYPROPERTIES('2BWtT94KA5Kdmc25EHJfPq',#18,$,$,(#3882),#3889);
#3892=IFCMAPPEDITEM(#3773,#124);
#3893=IFCSHAPEREPRESENTATION(#24,'Body','MappedRepresentation',(#3892));
#3894=IFCPRODUCTDEFINITIONSHAPE($,$,(#3893));
#3895=IFCCARTESIANPOINT((-18.9940591710596,17.4431498923767,1.));
#3896=IFCAXIS2PLACEMENT3D(#3895,#9,#7);
#3898=IFCWINDOW('20LeAmtxjFagTYkRE7cuGS',#18,'Fenster 2-flg - Variabel:Fenster 2-flg - Variabel:502468',$,'Fenster 2-flg - Variabel:Fenster 2-flg - Variabel',#6288,#3894,'502468',1.26,2.01,.WINDOW.,.NOTDEFINED.,$);
#3899=IFCMATERIALCONSTITUENT('Glas',$,#3776,$,'Glas');
#3900=IFCMATERIALCONSTITUENT('Holz - Birke',$,#1445,$,'Holz');
#3901=IFCMATERIALCONSTITUENT('Metall - Aluminium',$,#3777,$,'Metall');
#3902=IFCMATERIALCONSTITUENT('Kunststoff - Wei\X2\00DF\X0\',$,#3778,$,'Kunststoff');
#3903=IFCMATERIALCONSTITUENTSET($,$,(#3899,#3900,#3901,#3902));
#3904=IFCPROPERTYSET('3rqMEEbh7jhZV0FArav78K',#18,'Pset_EnvironmentalImpactIndicators',$,(#3807));
#3905=IFCPROPERTYSET('00UFibbr1VbWfBn02EAQgj',#18,'Pset_WindowCommon',$,(#635,#3807));
#3906=IFCRELDEFINESBYPROPERTIES('2_QDN6gpdMfq7NYZuGO9Rk',#18,$,$,(#3898),#3904);
#3907=IFCRELDEFINESBYPROPERTIES('3SNhvr9ZHrqNCNYxAZHZyp',#18,$,$,(#3898),#3905);
#3908=IFCMAPPEDITEM(#3773,#124);
#3909=IFCSHAPEREPRESENTATION(#24,'Body','MappedRepresentation',(#3908));
#3910=IFCPRODUCTDEFINITIONSHAPE($,$,(#3909));
#3911=IFCCARTESIANPOINT((-14.7840591710596,29.7531498923767,1.));
#3912=IFCAXIS2PLACEMENT3D(#3911,#9,#6);
#3914=IFCWINDOW('20LeAmtxjFagTYkRE7cuND',#18,'Fenster 2-flg - Variabel:Fenster 2-flg - Variabel:502549',$,'Fenster 2-flg - Variabel:Fenster 2-flg - Variabel',#6384,#3910,'502549',1.26,2.01,.WINDOW.,.NOTDEFINED.,$);
#3915=IFCMATERIALCONSTITUENT('Glas',$,#3776,$,'Glas');
#3916=IFCMATERIALCONSTITUENT('Holz - Birke',$,#1445,$,'Holz');
#3917=IFCMATERIALCONSTITUENT('Metall - Aluminium',$,#3777,$,'Metall');
#3918=IFCMATERIALCONSTITUENT('Kunststoff - Wei\X2\00DF\X0\',$,#3778,$,'Kunststoff');
#3919=IFCMATERIALCONSTITUENTSET($,$,(#3915,#3916,#3917,#3918));
#3920=IFCPROPERTYSET('17PdIBqlbUp26KRf7PU2Pz',#18,'Pset_EnvironmentalImpactIndicators',$,(#3807));
#3921=IFCPROPERTYSET('24e4vnM2IQCY3smdRpBNoO',#18,'Pset_WindowCommon',$,(#635,#3807));
#3922=IFCRELDEFINESBYPROPERTIES('2sqv6_VMqLlKejABYc8czY',#18,$,$,(#3914),#3920);
#3923=IFCRELDEFINESBYPROPERTIES('0UqBr7qPRILzSR5AWHxzlw',#18,$,$,(#3914),#3921);
#3924=IFCMAPPEDITEM(#3773,#124);
#3925=IFCSHAPEREPRESENTATION(#24,'Body','MappedRepresentation',(#3924));
#3926=IFCPRODUCTDEFINITIONSHAPE($,$,(#3925));
#3927=IFCCARTESIANPOINT((-9.67405917105964,29.7531498923767,1.));
#3928=IFCAXIS2PLACEMENT3D(#3927,#9,#6);
#3930=IFCWINDOW('20LeAmtxjFagTYkRE7cuLK',#18,'Fenster 2-flg - Variabel:Fenster 2-flg - Variabel:502668',$,'Fenster 2-flg - Variabel:Fenster 2-flg - Variabel',#6400,#3926,'502668',1.26,2.01,.WINDOW.,.NOTDEFINED.,$);
#3931=IFCMATERIALCONSTITUENT('Glas',$,#3776,$,'Glas');
#3932=IFCMATERIALCONSTITUENT('Holz - Birke',$,#1445,$,'Holz');
#3933=IFCMATERIALCONSTITUENT('Metall - Aluminium',$,#3777,$,'Metall');
#3934=IFCMATERIALCONSTITUENT('Kunststoff - Wei\X2\00DF\X0\',$,#3778,$,'Kunststoff');
#3935=IFCMATERIALCONSTITUENTSET($,$,(#3931,#3932,#3933,#3934));
#3936=IFCPROPERTYSET('3fE9Dfa5Vzos4IZcZjKg19',#18,'Pset_EnvironmentalImpactIndicators',$,(#3807));
#3937=IFCPROPERTYSET('0zkK5pC5$NuOfvFB85N77E',#18,'Pset_WindowCommon',$,(#635,#3807));
#3938=IFCRELDEFINESBYPROPERTIES('3F$73zXrbAiGUeZXtl2sxi',#18,$,$,(#3930),#3936);
#3939=IFCRELDEFINESBYPROPERTIES('3ziHOPZhIgy0qyErgBJ2HN',#18,$,$,(#3930),#3937);
#3940=IFCMAPPEDITEM(#3773,#124);
#3941=IFCSHAPEREPRESENTATION(#24,'Body','MappedRepresentation',(#3940));
#3942=IFCPRODUCTDEFINITIONSHAPE($,$,(#3941));
#3943=IFCCARTESIANPOINT((-16.4365591710596,-9.24685010762329,1.));
#3944=IFCAXIS2PLACEMENT3D(#3943,$,$);
#3946=IFCWINDOW('20LeAmtxjFagTYkRE7cuLj',#18,'Fenster 2-flg - Variabel:Fenster 2-flg - Variabel:502709',$,'Fenster 2-flg - Variabel:Fenster 2-flg - Variabel',#6540,#3942,'502709',1.26,2.01,.WINDOW.,.NOTDEFINED.,$);
#3947=IFCMATERIALCONSTITUENT('Glas',$,#3776,$,'Glas');
#3948=IFCMATERIALCONSTITUENT('Holz - Birke',$,#1445,$,'Holz');
#3949=IFCMATERIALCONSTITUENT('Metall - Aluminium',$,#3777,$,'Metall');
#3950=IFCMATERIALCONSTITUENT('Kunststoff - Wei\X2\00DF\X0\',$,#3778,$,'Kunststoff');
#3951=IFCMATERIALCONSTITUENTSET($,$,(#3947,#3948,#3949,#3950));
#3952=IFCPROPERTYSET('2jtabXIIgaHjpuBKUMduM2',#18,'Pset_EnvironmentalImpactIndicators',$,(#3807));
#3953=IFCPROPERTYSET('0xQvFLQyXmdccLyhygmCqi',#18,'Pset_WindowCommon',$,(#635,#3807));
#3954=IFCRELDEFINESBYPROPERTIES('1yUuwvrl6IeoVKzZ$C$I8w',#18,$,$,(#3946),#3952);
#3955=IFCRELDEFINESBYPROPERTIES('2Fpb8EN1wBd$xmOnc$5_Pt',#18,$,$,(#3946),#3953);
#3956=IFCMAPPEDITEM(#3773,#124);
#3957=IFCSHAPEREPRESENTATION(#24,'Body','MappedRepresentation',(#3956));
#3958=IFCPRODUCTDEFINITIONSHAPE($,$,(#3957));
#3959=IFCCARTESIANPOINT((-11.5265591710596,-9.24685010762331,1.));
#3960=IFCAXIS2PLACEMENT3D(#3959,$,$);
#3962=IFCWINDOW('20LeAmtxjFagTYkRE7cuBA',#18,'Fenster 2-flg - Variabel:Fenster 2-flg - Variabel:502802',$,'Fenster 2-flg - Variabel:Fenster 2-flg - Variabel',#6556,#3958,'502802',1.26,2.01,.WINDOW.,.NOTDEFINED.,$);
#3963=IFCMATERIALCONSTITUENT('Glas',$,#3776,$,'Glas');
#3964=IFCMATERIALCONSTITUENT('Holz - Birke',$,#1445,$,'Holz');
#3965=IFCMATERIALCONSTITUENT('Metall - Aluminium',$,#3777,$,'Metall');
#3966=IFCMATERIALCONSTITUENT('Kunststoff - Wei\X2\00DF\X0\',$,#3778,$,'Kunststoff');
#3967=IFCMATERIALCONSTITUENTSET($,$,(#3963,#3964,#3965,#3966));
#3968=IFCPROPERTYSET('3V6N6AbbfNhLzF3T873fBB',#18,'Pset_EnvironmentalImpactIndicators',$,(#3807));
#3969=IFCPROPERTYSET('0RAanEdaOgQ_rrL88BOSxA',#18,'Pset_WindowCommon',$,(#635,#3807));
#3970=IFCRELDEFINESBYPROPERTIES('3bUPU4FAiG1$lcNL8TVSkU',#18,$,$,(#3962),#3968);
#3971=IFCRELDEFINESBYPROPERTIES('12bvEXqiL0mlrmiM9CRf3e',#18,$,$,(#3962),#3969);
#3972=IFCCOLOURRGBLIST(((0.968627450980392,0.968627450980392,0.968627450980392)));
#3973=IFCINDEXEDPOLYGONALFACE((9,10,11,12,13,14,15,16,17,18,19,20,21,22,23,24,1,2,3,4,5,6,7,8));
#3974=IFCINDEXEDPOLYGONALFACE((36,37,1,24));
#3975=IFCINDEXEDPOLYGONALFACE((36,24,35));
#3976=IFCINDEXEDPOLYGONALFACE((33,34,23));
#3977=IFCINDEXEDPOLYGONALFACE((24,34,35));
#3978=IFCINDEXEDPOLYGONALFACE((32,33,22));
#3979=IFCINDEXEDPOLYGONALFACE((24,23,34));
#3980=IFCINDEXEDPOLYGONALFACE((30,31,20));
#3981=IFCINDEXEDPOLYGONALFACE((21,20,31));
#3982=IFCINDEXEDPOLYGONALFACE((21,32,22));
#3983=IFCINDEXEDPOLYGONALFACE((33,23,22));
#3984=IFCINDEXEDPOLYGONALFACE((21,31,32));
#3985=IFCINDEXEDPOLYGONALFACE((18,28,29));
#3986=IFCINDEXEDPOLYGONALFACE((19,29,30));
#3987=IFCINDEXEDPOLYGONALFACE((14,13,25,26));
#3988=IFCINDEXEDPOLYGONALFACE((15,14,26,27));
#3989=IFCINDEXEDPOLYGONALFACE((16,15,27,28));
#3990=IFCINDEXEDPOLYGONALFACE((18,17,28));
#3991=IFCINDEXEDPOLYGONALFACE((29,19,18));
#3992=IFCINDEXEDPOLYGONALFACE((28,17,16));
#3993=IFCINDEXEDPOLYGONALFACE((20,19,30));
#3994=IFCINDEXEDPOLYGONALFACE((10,46,47,11));
#3995=IFCINDEXEDPOLYGONALFACE((11,47,48,12));
#3996=IFCINDEXEDPOLYGONALFACE((44,45,7));
#3997=IFCINDEXEDPOLYGONALFACE((7,45,8));
#3998=IFCINDEXEDPOLYGONALFACE((8,45,46));
#3999=IFCINDEXEDPOLYGONALFACE((13,12,48,25));
#4000=IFCINDEXEDPOLYGONALFACE((46,10,9));
#4001=IFCINDEXEDPOLYGONALFACE((9,8,46));
#4002=IFCINDEXEDPOLYGONALFACE((6,43,44));
#4003=IFCINDEXEDPOLYGONALFACE((42,4,41));
#4004=IFCINDEXEDPOLYGONALFACE((41,3,40));
#4005=IFCINDEXEDPOLYGONALFACE((38,39,2));
#4006=IFCINDEXEDPOLYGONALFACE((2,39,40));
#4007=IFCINDEXEDPOLYGONALFACE((37,38,2,1));
#4008=IFCINDEXEDPOLYGONALFACE((43,6,5));
#4009=IFCINDEXEDPOLYGONALFACE((6,44,7));
#4010=IFCINDEXEDPOLYGONALFACE((40,3,2));
#4011=IFCINDEXEDPOLYGONALFACE((3,41,4));
#4012=IFCINDEXEDPOLYGONALFACE((42,5,4));
#4013=IFCINDEXEDPOLYGONALFACE((5,42,43));
#4014=IFCINDEXEDPOLYGONALFACE((64,65,66,67,68,69,70,71,72,49,50,51,52,53,54,55,56,57,58,59,60,61,62,63));
#4015=IFCINDEXEDPOLYGONALFACE((50,49,37,36));
#4016=IFCINDEXEDPOLYGONALFACE((50,36,35,51));
#4017=IFCINDEXEDPOLYGONALFACE((31,53,32));
#4018=IFCINDEXEDPOLYGONALFACE((52,51,35,34));
#4019=IFCINDEXEDPOLYGONALFACE((53,52,32));
#4020=IFCINDEXEDPOLYGONALFACE((55,54,30));
#4021=IFCINDEXEDPOLYGONALFACE((52,33,32));
#4022=IFCINDEXEDPOLYGONALFACE((33,52,34));
#4023=IFCINDEXEDPOLYGONALFACE((31,54,53));
#4024=IFCINDEXEDPOLYGONALFACE((28,58,57,29));
#4025=IFCINDEXEDPOLYGONALFACE((29,57,56,30));
#4026=IFCINDEXEDPOLYGONALFACE((25,61,60,26));
#4027=IFCINDEXEDPOLYGONALFACE((26,60,59,27));
#4028=IFCINDEXEDPOLYGONALFACE((27,59,58,28));
#4029=IFCINDEXEDPOLYGONALFACE((30,54,31));
#4030=IFCINDEXEDPOLYGONALFACE((56,55,30));
#4031=IFCINDEXEDPOLYGONALFACE((62,61,25,48));
#4032=IFCINDEXEDPOLYGONALFACE((62,48,47,63));
#4033=IFCINDEXEDPOLYGONALFACE((65,64,46,45));
#4034=IFCINDEXEDPOLYGONALFACE((47,46,64,63));
#4035=IFCINDEXEDPOLYGONALFACE((66,65,45,44));
#4036=IFCINDEXEDPOLYGONALFACE((44,68,67));
#4037=IFCINDEXEDPOLYGONALFACE((66,44,67));
#4038=IFCINDEXEDPOLYGONALFACE((42,70,69));
#4039=IFCINDEXEDPOLYGONALFACE((43,69,68));
#4040=IFCINDEXEDPOLYGONALFACE((38,37,49,72));
#4041=IFCINDEXEDPOLYGONALFACE((39,38,72,71));
#4042=IFCINDEXEDPOLYGONALFACE((40,39,71,70));
#4043=IFCINDEXEDPOLYGONALFACE((42,41,70));
#4044=IFCINDEXEDPOLYGONALFACE((69,43,42));
#4045=IFCINDEXEDPOLYGONALFACE((40,70,41));
#4046=IFCINDEXEDPOLYGONALFACE((44,43,68));
#4047=IFCCARTESIANPOINTLIST3D(((0.85250000000001,0.174999999999985,0.999999999999991),(0.852159258262901,0.174999999999985,0.997411809548966),(0.851160254037855,0.174999999999985,0.994999999999991),(0.849571067811876,0.174999999999985,0.992928932188126),(0.84750000000001,0.174999999999985,0.991339745962147),(0.845088190451036,0.174999999999985,0.9903407417371),(0.84250000000001,0.174999999999985,0.989999999999991),(0.839911809548985,0.174999999999985,0.9903407417371),(0.83750000000001,0.174999999999985,0.991339745962147),(0.835428932188145,0.174999999999985,0.992928932188126),(0.833839745962166,0.174999999999985,0.994999999999991),(0.83284074173712,0.174999999999985,0.997411809548966),(0.832500000000011,0.174999999999985,0.999999999999991),(0.83284074173712,0.174999999999985,1.00258819045102),(0.833839745962166,0.174999999999985,1.00499999999999),(0.835428932188145,0.174999999999985,1.00707106781186),(0.83750000000001,0.174999999999985,1.00866025403784),(0.839911809548985,0.174999999999985,1.00965925826288),(0.842500000000011,0.174999999999985,1.00999999999999),(0.845088190451036,0.174999999999985,1.00965925826288),(0.84750000000001,0.174999999999985,1.00866025403784),(0.849571067811876,0.174999999999985,1.00707106781186),(0.851160254037855,0.174999999999985,1.00499999999999),(0.852159258262901,0.174999999999985,1.00258819045102),(0.832500000000011,0.124999999999972,0.999999999999991),(0.832840741737121,0.124659258262863,1.00258819045102),(0.833839745962167,0.123660254037816,1.00499999999999),(0.835428932188146,0.122071067811838,1.00707106781186),(0.837500000000011,0.119999999999972,1.00866025403784),(0.839911809548986,0.117588190450997,1.00965925826288),(0.842500000000011,0.114999999999972,1.00999999999999),(0.845088190451037,0.112411809548947,1.00965925826288),(0.847500000000011,0.109999999999972,1.00866025403784),(0.849571067811877,0.107928932188107,1.00707106781186),(0.851160254037855,0.106339745962128,1.00499999999999),(0.852159258262902,0.105340741737082,1.00258819045102),(0.852500000000011,0.104999999999973,0.999999999999991),(0.852159258262902,0.105340741737082,0.997411809548966),(0.851160254037856,0.106339745962128,0.994999999999991),(0.849571067811877,0.107928932188107,0.992928932188126),(0.847500000000011,0.109999999999972,0.991339745962147),(0.845088190451036,0.112411809548947,0.9903407417371),(0.842500000000011,0.114999999999972,0.989999999999991),(0.839911809548986,0.117588190450998,0.9903407417371),(0.837500000000011,0.119999999999972,0.991339745962147),(0.835428932188146,0.122071067811838,0.992928932188126),(0.833839745962167,0.123660254037817,0.994999999999991),(0.832840741737121,0.124659258262863,0.997411809548966),(0.722500000000008,0.104999999999971,0.999999999999991),(0.722500000000008,0.10534074173708,1.00258819045102),(0.722500000000008,0.106339745962127,1.00499999999999),(0.722500000000008,0.107928932188105,1.00707106781186),(0.722500000000008,0.109999999999971,1.00866025403784),(0.722500000000008,0.112411809548946,1.00965925826288),(0.722500000000008,0.114999999999971,1.00999999999999),(0.722500000000008,0.117588190450996,1.00965925826288),(0.722500000000008,0.119999999999971,1.00866025403784),(0.722500000000008,0.122071067811836,1.00707106781186),(0.722500000000008,0.123660254037815,1.00499999999999),(0.722500000000008,0.124659258262861,1.00258819045102),(0.722500000000008,0.124999999999971,0.999999999999991),(0.722500000000008,0.124659258262861,0.997411809548966),(0.722500000000008,0.123660254037815,0.994999999999991),(0.722500000000008,0.122071067811836,0.992928932188126),(0.722500000000008,0.119999999999971,0.991339745962147),(0.722500000000008,0.117588190450996,0.9903407417371),(0.722500000000008,0.114999999999971,0.989999999999991),(0.722500000000008,0.112411809548946,0.9903407417371),(0.722500000000008,0.109999999999971,0.991339745962147),(0.722500000000008,0.107928932188106,0.992928932188125),(0.722500000000008,0.106339745962126,0.994999999999991),(0.722500000000008,0.10534074173708,0.997411809548966)));
#4048=IFCPOLYGONALFACESET(#4047,.T.,(#3973,#3974,#3975,#3976,#3977,#3978,#3979,#3980,#3981,#3982,#3983,#3984,#3985,#3986,#3987,#3988,#3989,#3990,#3991,#3992,#3993,#3994,#3995,#3996,#3997,#3998,#3999,#4000,#4001,#4002,#4003,#4004,#4005,#4006,#4007,#4008,#4009,#4010,#4011,#4012,#4013,#4014,#4015,#4016,#4017,#4018,#4019,#4020,#4021,#4022,#4023,#4024,#4025,#4026,#4027,#4028,#4029,#4030,#4031,#4032,#4033,#4034,#4035,#4036,#4037,#4038,#4039,#4040,#4041,#4042,#4043,#4044,#4045,#4046),$);
#4049=IFCINDEXEDCOLOURMAP(#4048,1.,#3972,(1,1,1,1,1,1,1,1,1,1,1,1,1,1,1,1,1,1,1,1,1,1,1,1,1,1,1,1,1,1,1,1,1,1,1,1,1,1,1,1,1,1,1,1,1,1,1,1,1,1,1,1,1,1,1,1,1,1,1,1,1,1,1,1,1,1,1,1,1,1,1,1,1,1));
#4050=IFCSTYLEDITEM(#4048,(#3138),$);
#4051=IFCCOLOURRGBLIST(((0.968627450980392,0.968627450980392,0.968627450980392)));
#4052=IFCINDEXEDPOLYGONALFACE((9,10,11,12,13,14,15,16,17,18,19,20,21,22,23,24,1,2,3,4,5,6,7,8));
#4053=IFCINDEXEDPOLYGONALFACE((21,34,35));
#4054=IFCINDEXEDPOLYGONALFACE((23,35,36,24));
#4055=IFCINDEXEDPOLYGONALFACE((32,33,19));
#4056=IFCINDEXEDPOLYGONALFACE((19,33,20));
#4057=IFCINDEXEDPOLYGONALFACE((20,33,34));
#4058=IFCINDEXEDPOLYGONALFACE((1,24,36,37));
#4059=IFCINDEXEDPOLYGONALFACE((22,35,23));
#4060=IFCINDEXEDPOLYGONALFACE((35,22,21));
#4061=IFCINDEXEDPOLYGONALFACE((21,20,34));
#4062=IFCINDEXEDPOLYGONALFACE((17,31,32));
#4063=IFCINDEXEDPOLYGONALFACE((30,15,29));
#4064=IFCINDEXEDPOLYGONALFACE((29,14,28));
#4065=IFCINDEXEDPOLYGONALFACE((26,27,13));
#4066=IFCINDEXEDPOLYGONALFACE((14,27,28));
#4067=IFCINDEXEDPOLYGONALFACE((25,26,13));
#4068=IFCINDEXEDPOLYGONALFACE((32,18,17));
#4069=IFCINDEXEDPOLYGONALFACE((18,32,19));
#4070=IFCINDEXEDPOLYGONALFACE((29,15,14));
#4071=IFCINDEXEDPOLYGONALFACE((15,30,16));
#4072=IFCINDEXEDPOLYGONALFACE((16,31,17));
#4073=IFCINDEXEDPOLYGONALFACE((27,14,13));
#4074=IFCINDEXEDPOLYGONALFACE((31,16,30));
#4075=IFCINDEXEDPOLYGONALFACE((48,25,13));
#4076=IFCINDEXEDPOLYGONALFACE((48,13,47));
#4077=IFCINDEXEDPOLYGONALFACE((45,46,12));
#4078=IFCINDEXEDPOLYGONALFACE((12,46,47));
#4079=IFCINDEXEDPOLYGONALFACE((44,45,11));
#4080=IFCINDEXEDPOLYGONALFACE((12,11,45));
#4081=IFCINDEXEDPOLYGONALFACE((47,13,12));
#4082=IFCINDEXEDPOLYGONALFACE((43,9,42));
#4083=IFCINDEXEDPOLYGONALFACE((8,42,9));
#4084=IFCINDEXEDPOLYGONALFACE((43,10,9));
#4085=IFCINDEXEDPOLYGONALFACE((44,11,10));
#4086=IFCINDEXEDPOLYGONALFACE((43,44,10));
#4087=IFCINDEXEDPOLYGONALFACE((6,40,41));
#4088=IFCINDEXEDPOLYGONALFACE((7,41,42));
#4089=IFCINDEXEDPOLYGONALFACE((2,1,37,38));
#4090=IFCINDEXEDPOLYGONALFACE((3,2,38,39));
#4091=IFCINDEXEDPOLYGONALFACE((5,39,40));
#4092=IFCINDEXEDPOLYGONALFACE((6,5,40));
#4093=IFCINDEXEDPOLYGONALFACE((41,7,6));
#4094=IFCINDEXEDPOLYGONALFACE((3,39,4));
#4095=IFCINDEXEDPOLYGONALFACE((39,5,4));
#4096=IFCINDEXEDPOLYGONALFACE((8,7,42));
#4097=IFCINDEXEDPOLYGONALFACE((64,65,66,67,68,69,70,71,72,49,50,51,52,53,54,55,56,57,58,59,60,61,62,63));
#4098=IFCINDEXEDPOLYGONALFACE((50,49,37,36));
#4099=IFCINDEXEDPOLYGONALFACE((50,36,35,51));
#4100=IFCINDEXEDPOLYGONALFACE((33,32,54,53));
#4101=IFCINDEXEDPOLYGONALFACE((52,51,35,34));
#4102=IFCINDEXEDPOLYGONALFACE((53,52,34,33));
#4103=IFCINDEXEDPOLYGONALFACE((32,56,55));
#4104=IFCINDEXEDPOLYGONALFACE((54,32,55));
#4105=IFCINDEXEDPOLYGONALFACE((30,58,57));
#4106=IFCINDEXEDPOLYGONALFACE((31,57,56));
#4107=IFCINDEXEDPOLYGONALFACE((26,25,61,60));
#4108=IFCINDEXEDPOLYGONALFACE((27,26,60,59));
#4109=IFCINDEXEDPOLYGONALFACE((28,27,59,58));
#4110=IFCINDEXEDPOLYGONALFACE((30,29,58));
#4111=IFCINDEXEDPOLYGONALFACE((57,31,30));
#4112=IFCINDEXEDPOLYGONALFACE((28,58,29));
#4113=IFCINDEXEDPOLYGONALFACE((32,31,56));
#4114=IFCINDEXEDPOLYGONALFACE((47,63,62,48));
#4115=IFCINDEXEDPOLYGONALFACE((48,62,61,25));
#4116=IFCINDEXEDPOLYGONALFACE((43,65,44));
#4117=IFCINDEXEDPOLYGONALFACE((44,65,64));
#4118=IFCINDEXEDPOLYGONALFACE((46,64,63,47));
#4119=IFCINDEXEDPOLYGONALFACE((67,66,42));
#4120=IFCINDEXEDPOLYGONALFACE((64,45,44));
#4121=IFCINDEXEDPOLYGONALFACE((45,64,46));
#4122=IFCINDEXEDPOLYGONALFACE((43,66,65));
#4123=IFCINDEXEDPOLYGONALFACE((40,70,69,41));
#4124=IFCINDEXEDPOLYGONALFACE((41,69,68,42));
#4125=IFCINDEXEDPOLYGONALFACE((37,49,72,38));
#4126=IFCINDEXEDPOLYGONALFACE((38,72,71,39));
#4127=IFCINDEXEDPOLYGONALFACE((39,71,70,40));
#4128=IFCINDEXEDPOLYGONALFACE((42,66,43));
#4129=IFCINDEXEDPOLYGONALFACE((68,67,42));
#4130=IFCCARTESIANPOINTLIST3D(((0.832500000000003,0.234999999999985,0.999999999999991),(0.832840741737112,0.234999999999985,0.997411809548966),(0.833839745962159,0.234999999999985,0.994999999999991),(0.835428932188137,0.234999999999985,0.992928932188126),(0.837500000000003,0.234999999999985,0.991339745962147),(0.839911809548978,0.234999999999985,0.9903407417371),(0.842500000000003,0.234999999999985,0.989999999999991),(0.845088190451028,0.234999999999985,0.9903407417371),(0.847500000000003,0.234999999999985,0.991339745962147),(0.849571067811868,0.234999999999985,0.992928932188126),(0.851160254037847,0.234999999999985,0.994999999999991),(0.852159258262893,0.234999999999985,0.997411809548966),(0.852500000000003,0.234999999999985,0.999999999999991),(0.852159258262893,0.234999999999985,1.00258819045102),(0.851160254037847,0.234999999999985,1.00499999999999),(0.849571067811868,0.234999999999985,1.00707106781186),(0.847500000000003,0.234999999999985,1.00866025403784),(0.845088190451028,0.234999999999985,1.00965925826288),(0.842500000000003,0.234999999999985,1.00999999999999),(0.839911809548978,0.234999999999985,1.00965925826288),(0.837500000000003,0.234999999999985,1.00866025403784),(0.835428932188137,0.234999999999985,1.00707106781186),(0.833839745962159,0.234999999999985,1.00499999999999),(0.832840741737112,0.234999999999985,1.00258819045102),(0.852500000000003,0.284999999999983,0.999999999999991),(0.852159258262893,0.284659258262874,1.00258819045102),(0.851160254037847,0.283660254037828,1.00499999999999),(0.849571067811868,0.282071067811849,1.00707106781186),(0.847500000000003,0.279999999999983,1.00866025403784),(0.845088190451028,0.277588190451009,1.00965925826288),(0.842500000000003,0.274999999999983,1.00999999999999),(0.839911809548978,0.272411809548958,1.00965925826288),(0.837500000000003,0.269999999999983,1.00866025403784),(0.835428932188137,0.267928932188118,1.00707106781186),(0.833839745962159,0.266339745962139,1.00499999999999),(0.832840741737112,0.265340741737093,1.00258819045102),(0.832500000000003,0.264999999999984,0.999999999999991),(0.832840741737112,0.265340741737093,0.997411809548966),(0.833839745962159,0.266339745962139,0.994999999999991),(0.835428932188137,0.267928932188118,0.992928932188126),(0.837500000000003,0.269999999999984,0.991339745962147),(0.839911809548978,0.272411809548958,0.9903407417371),(0.842500000000003,0.274999999999984,0.989999999999991),(0.845088190451028,0.277588190451009,0.9903407417371),(0.847500000000003,0.279999999999983,0.991339745962147),(0.849571067811868,0.282071067811849,0.992928932188126),(0.851160254037847,0.283660254037828,0.994999999999991),(0.852159258262893,0.284659258262874,0.997411809548966),(0.722500000000003,0.264999999999984,0.999999999999991),(0.722500000000003,0.265340741737093,1.00258819045102),(0.722500000000003,0.266339745962139,1.00499999999999),(0.722500000000003,0.267928932188118,1.00707106781186),(0.722500000000003,0.269999999999984,1.00866025403784),(0.722500000000003,0.272411809548958,1.00965925826288),(0.722500000000003,0.274999999999983,1.00999999999999),(0.722500000000003,0.277588190451009,1.00965925826288),(0.722500000000003,0.279999999999983,1.00866025403784),(0.722500000000003,0.282071067811849,1.00707106781186),(0.722500000000003,0.283660254037828,1.00499999999999),(0.722500000000003,0.284659258262874,1.00258819045102),(0.722500000000003,0.284999999999983,0.999999999999991),(0.722500000000003,0.284659258262874,0.997411809548966),(0.722500000000003,0.283660254037828,0.994999999999991),(0.722500000000003,0.282071067811849,0.992928932188126),(0.722500000000003,0.279999999999984,0.991339745962147),(0.722500000000003,0.277588190451009,0.9903407417371),(0.722500000000003,0.274999999999984,0.989999999999991),(0.722500000000003,0.272411809548958,0.9903407417371),(0.722500000000003,0.269999999999983,0.991339745962147),(0.722500000000003,0.267928932188118,0.992928932188125),(0.722500000000003,0.266339745962139,0.994999999999991),(0.722500000000003,0.265340741737093,0.997411809548966)));
#4131=IFCPOLYGONALFACESET(#4130,.T.,(#4052,#4053,#4054,#4055,#4056,#4057,#4058,#4059,#4060,#4061,#4062,#4063,#4064,#4065,#4066,#4067,#4068,#4069,#4070,#4071,#4072,#4073,#4074,#4075,#4076,#4077,#4078,#4079,#4080,#4081,#4082,#4083,#4084,#4085,#4086,#4087,#4088,#4089,#4090,#4091,#4092,#4093,#4094,#4095,#4096,#4097,#4098,#4099,#4100,#4101,#4102,#4103,#4104,#4105,#4106,#4107,#4108,#4109,#4110,#4111,#4112,#4113,#4114,#4115,#4116,#4117,#4118,#4119,#4120,#4121,#4122,#4123,#4124,#4125,#4126,#4127,#4128,#4129),$);
#4132=IFCINDEXEDCOLOURMAP(#4131,1.,#4051,(1,1,1,1,1,1,1,1,1,1,1,1,1,1,1,1,1,1,1,1,1,1,1,1,1,1,1,1,1,1,1,1,1,1,1,1,1,1,1,1,1,1,1,1,1,1,1,1,1,1,1,1,1,1,1,1,1,1,1,1,1,1,1,1,1,1,1,1,1,1,1,1,1,1,1,1,1,1));
#4133=IFCSTYLEDITEM(#4131,(#3138),$);
#4134=IFCCOLOURRGBLIST(((0.968627450980392,0.968627450980392,0.968627450980392)));
#4135=IFCINDEXEDPOLYGONALFACE((16,17,18,19,20,21,22,23,24,1,2,3,4,5,6,7,8,9,10,11,12,13,14,15));
#4136=IFCINDEXEDPOLYGONALFACE((42,43,44,45,46,47,48,25,26,27,28,29,30,31,32,33,34,35,36,37,38,39,40,41));
#4137=IFCINDEXEDPOLYGONALFACE((1,25,48,2));
#4138=IFCINDEXEDPOLYGONALFACE((2,48,47,3));
#4139=IFCINDEXEDPOLYGONALFACE((5,4,46,45));
#4140=IFCINDEXEDPOLYGONALFACE((46,4,3,47));
#4141=IFCINDEXEDPOLYGONALFACE((6,5,45,44));
#4142=IFCINDEXEDPOLYGONALFACE((6,44,43,7));
#4143=IFCINDEXEDPOLYGONALFACE((7,43,42,8));
#4144=IFCINDEXEDPOLYGONALFACE((8,42,41,9));
#4145=IFCINDEXEDPOLYGONALFACE((11,10,40,39));
#4146=IFCINDEXEDPOLYGONALFACE((40,10,9,41));
#4147=IFCINDEXEDPOLYGONALFACE((12,11,39,38));
#4148=IFCINDEXEDPOLYGONALFACE((12,38,37,13));
#4149=IFCINDEXEDPOLYGONALFACE((13,37,36,14));
#4150=IFCINDEXEDPOLYGONALFACE((14,36,35,15));
#4151=IFCINDEXEDPOLYGONALFACE((17,16,34,33));
#4152=IFCINDEXEDPOLYGONALFACE((34,16,15,35));
#4153=IFCINDEXEDPOLYGONALFACE((18,17,33,32));
#4154=IFCINDEXEDPOLYGONALFACE((18,32,31,19));
#4155=IFCINDEXEDPOLYGONALFACE((19,31,30,20));
#4156=IFCINDEXEDPOLYGONALFACE((20,30,29,21));
#4157=IFCINDEXEDPOLYGONALFACE((23,22,28,27));
#4158=IFCINDEXEDPOLYGONALFACE((28,22,21,29));
#4159=IFCINDEXEDPOLYGONALFACE((24,23,27,26));
#4160=IFCINDEXEDPOLYGONALFACE((24,26,25,1));
#4161=IFCCARTESIANPOINTLIST3D(((0.862500000000003,0.164999999999984,0.999999999999991),(0.861818516525785,0.164999999999984,1.00517638090204),(0.859820508075692,0.164999999999984,1.00999999999999),(0.856642135623734,0.164999999999984,1.01414213562372),(0.852500000000003,0.164999999999984,1.01732050807568),(0.847676380902054,0.164999999999984,1.01931851652577),(0.842500000000003,0.164999999999984,1.01999999999999),(0.837323619097953,0.164999999999984,1.01931851652577),(0.832500000000003,0.164999999999984,1.01732050807568),(0.828357864376272,0.164999999999984,1.01414213562372),(0.825179491924315,0.164999999999984,1.00999999999999),(0.823181483474222,0.164999999999984,1.00517638090204),(0.822500000000003,0.164999999999984,0.999999999999991),(0.823181483474222,0.164999999999984,0.994823619097941),(0.825179491924314,0.164999999999984,0.989999999999991),(0.828357864376272,0.164999999999984,0.98585786437626),(0.832500000000003,0.164999999999984,0.982679491924302),(0.837323619097953,0.164999999999984,0.98068148347421),(0.842500000000003,0.164999999999984,0.979999999999991),(0.847676380902054,0.164999999999984,0.98068148347421),(0.852500000000003,0.164999999999984,0.982679491924302),(0.856642135623734,0.164999999999984,0.98585786437626),(0.859820508075692,0.164999999999984,0.989999999999991),(0.861818516525785,0.164999999999984,0.99482361909794),(0.862500000000003,0.174999999999987,0.999999999999991),(0.861818516525785,0.174999999999987,0.99482361909794),(0.859820508075692,0.174999999999987,0.989999999999991),(0.856642135623734,0.174999999999987,0.98585786437626),(0.852500000000003,0.174999999999987,0.982679491924302),(0.847676380902053,0.174999999999987,0.98068148347421),(0.842500000000003,0.174999999999987,0.979999999999991),(0.837323619097953,0.174999999999987,0.98068148347421),(0.832500000000003,0.174999999999987,0.982679491924302),(0.828357864376272,0.174999999999987,0.98585786437626),(0.825179491924314,0.174999999999987,0.989999999999991),(0.823181483474222,0.174999999999987,0.994823619097941),(0.822500000000003,0.174999999999987,0.999999999999991),(0.823181483474222,0.174999999999987,1.00517638090204),(0.825179491924314,0.174999999999987,1.00999999999999),(0.828357864376272,0.174999999999987,1.01414213562372),(0.832500000000003,0.174999999999987,1.01732050807568),(0.837323619097953,0.174999999999987,1.01931851652577),(0.842500000000003,0.174999999999987,1.01999999999999),(0.847676380902054,0.174999999999987,1.01931851652577),(0.852500000000003,0.174999999999987,1.01732050807568),(0.856642135623734,0.174999999999987,1.01414213562372),(0.859820508075692,0.174999999999987,1.00999999999999),(0.861818516525785,0.174999999999987,1.00517638090204)));
#4162=IFCPOLYGONALFACESET(#4161,.T.,(#4135,#4136,#4137,#4138,#4139,#4140,#4141,#4142,#4143,#4144,#4145,#4146,#4147,#4148,#4149,#4150,#4151,#4152,#4153,#4154,#4155,#4156,#4157,#4158,#4159,#4160),$);
#4163=IFCINDEXEDCOLOURMAP(#4162,1.,#4134,(1,1,1,1,1,1,1,1,1,1,1,1,1,1,1,1,1,1,1,1,1,1,1,1,1,1));
#4164=IFCSTYLEDITEM(#4162,(#3138),$);
#4165=IFCCOLOURRGBLIST(((0.968627450980392,0.968627450980392,0.968627450980392)));
#4166=IFCINDEXEDPOLYGONALFACE((18,19,20,21,22,23,24,1,2,3,4,5,6,7,8,9,10,11,12,13,14,15,16,17));
#4167=IFCINDEXEDPOLYGONALFACE((40,41,42,43,44,45,46,47,48,25,26,27,28,29,30,31,32,33,34,35,36,37,38,39));
#4168=IFCINDEXEDPOLYGONALFACE((25,1,24,26));
#4169=IFCINDEXEDPOLYGONALFACE((26,24,23,27));
#4170=IFCINDEXEDPOLYGONALFACE((29,28,22,21));
#4171=IFCINDEXEDPOLYGONALFACE((22,28,27,23));
#4172=IFCINDEXEDPOLYGONALFACE((30,29,21,20));
#4173=IFCINDEXEDPOLYGONALFACE((30,20,19,31));
#4174=IFCINDEXEDPOLYGONALFACE((31,19,18,32));
#4175=IFCINDEXEDPOLYGONALFACE((32,18,17,33));
#4176=IFCINDEXEDPOLYGONALFACE((35,34,16,15));
#4177=IFCINDEXEDPOLYGONALFACE((16,34,33,17));
#4178=IFCINDEXEDPOLYGONALFACE((36,35,15,14));
#4179=IFCINDEXEDPOLYGONALFACE((36,14,13,37));
#4180=IFCINDEXEDPOLYGONALFACE((37,13,12,38));
#4181=IFCINDEXEDPOLYGONALFACE((38,12,11,39));
#4182=IFCINDEXEDPOLYGONALFACE((41,40,10,9));
#4183=IFCINDEXEDPOLYGONALFACE((10,40,39,11));
#4184=IFCINDEXEDPOLYGONALFACE((42,41,9,8));
#4185=IFCINDEXEDPOLYGONALFACE((42,8,7,43));
#4186=IFCINDEXEDPOLYGONALFACE((43,7,6,44));
#4187=IFCINDEXEDPOLYGONALFACE((44,6,5,45));
#4188=IFCINDEXEDPOLYGONALFACE((47,46,4,3));
#4189=IFCINDEXEDPOLYGONALFACE((4,46,45,5));
#4190=IFCINDEXEDPOLYGONALFACE((48,47,3,2));
#4191=IFCINDEXEDPOLYGONALFACE((48,2,1,25));
#4192=IFCCARTESIANPOINTLIST3D(((0.862500000000003,0.224999999999985,0.999999999999991),(0.861818516525784,0.224999999999985,1.00517638090204),(0.859820508075692,0.224999999999985,1.00999999999999),(0.856642135623734,0.224999999999985,1.01414213562372),(0.852500000000003,0.224999999999985,1.01732050807568),(0.847676380902053,0.224999999999985,1.01931851652577),(0.842500000000003,0.224999999999985,1.01999999999999),(0.837323619097952,0.224999999999985,1.01931851652577),(0.832500000000003,0.224999999999985,1.01732050807568),(0.828357864376272,0.224999999999985,1.01414213562372),(0.825179491924314,0.224999999999985,1.00999999999999),(0.823181483474221,0.224999999999985,1.00517638090204),(0.822500000000003,0.224999999999985,0.999999999999991),(0.823181483474221,0.224999999999985,0.99482361909794),(0.825179491924314,0.224999999999985,0.989999999999991),(0.828357864376272,0.224999999999985,0.98585786437626),(0.832500000000003,0.224999999999985,0.982679491924302),(0.837323619097952,0.224999999999985,0.98068148347421),(0.842500000000003,0.224999999999985,0.979999999999991),(0.847676380902053,0.224999999999985,0.98068148347421),(0.852500000000003,0.224999999999985,0.982679491924302),(0.856642135623734,0.224999999999985,0.98585786437626),(0.859820508075692,0.224999999999985,0.989999999999991),(0.861818516525784,0.224999999999985,0.994823619097941),(0.862500000000003,0.234999999999985,0.999999999999991),(0.861818516525784,0.234999999999985,0.994823619097941),(0.859820508075692,0.234999999999985,0.989999999999991),(0.856642135623734,0.234999999999985,0.98585786437626),(0.852500000000003,0.234999999999985,0.982679491924302),(0.847676380902053,0.234999999999985,0.98068148347421),(0.842500000000003,0.234999999999985,0.979999999999991),(0.837323619097952,0.234999999999985,0.98068148347421),(0.832500000000003,0.234999999999985,0.982679491924302),(0.828357864376272,0.234999999999985,0.98585786437626),(0.825179491924314,0.234999999999985,0.989999999999991),(0.823181483474221,0.234999999999985,0.99482361909794),(0.822500000000003,0.234999999999985,0.999999999999991),(0.823181483474221,0.234999999999985,1.00517638090204),(0.825179491924314,0.234999999999985,1.00999999999999),(0.828357864376272,0.234999999999985,1.01414213562372),(0.832500000000003,0.234999999999985,1.01732050807568),(0.837323619097952,0.234999999999985,1.01931851652577),(0.842500000000003,0.234999999999985,1.01999999999999),(0.847676380902053,0.234999999999985,1.01931851652577),(0.852500000000003,0.234999999999985,1.01732050807568),(0.856642135623734,0.234999999999985,1.01414213562372),(0.859820508075692,0.234999999999985,1.00999999999999),(0.861818516525784,0.234999999999985,1.00517638090204)));
#4193=IFCPOLYGONALFACESET(#4192,.T.,(#4166,#4167,#4168,#4169,#4170,#4171,#4172,#4173,#4174,#4175,#4176,#4177,#4178,#4179,#4180,#4181,#4182,#4183,#4184,#4185,#4186,#4187,#4188,#4189,#4190,#4191),$);
#4194=IFCINDEXEDCOLOURMAP(#4193,1.,#4165,(1,1,1,1,1,1,1,1,1,1,1,1,1,1,1,1,1,1,1,1,1,1,1,1,1,1));
#4195=IFCSTYLEDITEM(#4193,(#3138),$);
#4196=IFCCOLOURRGBLIST(((0.968627450980392,0.968627450980392,0.968627450980392)));
#4197=IFCINDEXEDPOLYGONALFACE((18,19,20,21,22,23,24,1,2,3,4,5,6,7,8,9,10,11,12,13,14,15,16,17));
#4198=IFCINDEXEDPOLYGONALFACE((1,25,26,2));
#4199=IFCINDEXEDPOLYGONALFACE((27,2,26));
#4200=IFCINDEXEDPOLYGONALFACE((3,28,29));
#4201=IFCINDEXEDPOLYGONALFACE((27,28,2));
#4202=IFCINDEXEDPOLYGONALFACE((4,29,30));
#4203=IFCINDEXEDPOLYGONALFACE((28,3,2));
#4204=IFCINDEXEDPOLYGONALFACE((6,31,32));
#4205=IFCINDEXEDPOLYGONALFACE((31,6,5));
#4206=IFCINDEXEDPOLYGONALFACE((4,30,5));
#4207=IFCINDEXEDPOLYGONALFACE((4,3,29));
#4208=IFCINDEXEDPOLYGONALFACE((30,31,5));
#4209=IFCINDEXEDPOLYGONALFACE((33,34,8));
#4210=IFCINDEXEDPOLYGONALFACE((32,33,7));
#4211=IFCINDEXEDPOLYGONALFACE((36,37,13,12));
#4212=IFCINDEXEDPOLYGONALFACE((35,36,12,11));
#4213=IFCINDEXEDPOLYGONALFACE((34,35,11,10));
#4214=IFCINDEXEDPOLYGONALFACE((34,9,8));
#4215=IFCINDEXEDPOLYGONALFACE((8,7,33));
#4216=IFCINDEXEDPOLYGONALFACE((10,9,34));
#4217=IFCINDEXEDPOLYGONALFACE((32,7,6));
#4218=IFCINDEXEDPOLYGONALFACE((39,40,16,15));
#4219=IFCINDEXEDPOLYGONALFACE((38,39,15,14));
#4220=IFCINDEXEDPOLYGONALFACE((19,41,42));
#4221=IFCINDEXEDPOLYGONALFACE((18,41,19));
#4222=IFCINDEXEDPOLYGONALFACE((40,41,18));
#4223=IFCINDEXEDPOLYGONALFACE((37,38,14,13));
#4224=IFCINDEXEDPOLYGONALFACE((17,16,40));
#4225=IFCINDEXEDPOLYGONALFACE((40,18,17));
#4226=IFCINDEXEDPOLYGONALFACE((42,43,20));
#4227=IFCINDEXEDPOLYGONALFACE((45,22,44));
#4228=IFCINDEXEDPOLYGONALFACE((46,23,45));
#4229=IFCINDEXEDPOLYGONALFACE((24,47,48));
#4230=IFCINDEXEDPOLYGONALFACE((46,47,24));
#4231=IFCINDEXEDPOLYGONALFACE((1,24,48,25));
#4232=IFCINDEXEDPOLYGONALFACE((21,20,43));
#4233=IFCINDEXEDPOLYGONALFACE((19,42,20));
#4234=IFCINDEXEDPOLYGONALFACE((24,23,46));
#4235=IFCINDEXEDPOLYGONALFACE((22,45,23));
#4236=IFCINDEXEDPOLYGONALFACE((22,21,44));
#4237=IFCINDEXEDPOLYGONALFACE((43,44,21));
#4238=IFCINDEXEDPOLYGONALFACE((56,57,58,59,60,61,62,63,64,65,66,67,68,69,70,71,72,49,50,51,52,53,54,55));
#4239=IFCINDEXEDPOLYGONALFACE((26,25,49,72));
#4240=IFCINDEXEDPOLYGONALFACE((71,27,26,72));
#4241=IFCINDEXEDPOLYGONALFACE((30,69,31));
#4242=IFCINDEXEDPOLYGONALFACE((28,27,71,70));
#4243=IFCINDEXEDPOLYGONALFACE((30,70,69));
#4244=IFCINDEXEDPOLYGONALFACE((32,68,67));
#4245=IFCINDEXEDPOLYGONALFACE((30,29,70));
#4246=IFCINDEXEDPOLYGONALFACE((28,70,29));
#4247=IFCINDEXEDPOLYGONALFACE((69,68,31));
#4248=IFCINDEXEDPOLYGONALFACE((65,64,34,33));
#4249=IFCINDEXEDPOLYGONALFACE((66,65,33,32));
#4250=IFCINDEXEDPOLYGONALFACE((62,61,37,36));
#4251=IFCINDEXEDPOLYGONALFACE((63,62,36,35));
#4252=IFCINDEXEDPOLYGONALFACE((64,63,35,34));
#4253=IFCINDEXEDPOLYGONALFACE((31,68,32));
#4254=IFCINDEXEDPOLYGONALFACE((32,67,66));
#4255=IFCINDEXEDPOLYGONALFACE((37,61,60,38));
#4256=IFCINDEXEDPOLYGONALFACE((59,39,38,60));
#4257=IFCINDEXEDPOLYGONALFACE((40,58,57,41));
#4258=IFCINDEXEDPOLYGONALFACE((59,58,40,39));
#4259=IFCINDEXEDPOLYGONALFACE((41,57,56,42));
#4260=IFCINDEXEDPOLYGONALFACE((55,54,42));
#4261=IFCINDEXEDPOLYGONALFACE((55,42,56));
#4262=IFCINDEXEDPOLYGONALFACE((53,52,44));
#4263=IFCINDEXEDPOLYGONALFACE((54,53,43));
#4264=IFCINDEXEDPOLYGONALFACE((50,49,25,48));
#4265=IFCINDEXEDPOLYGONALFACE((51,50,48,47));
#4266=IFCINDEXEDPOLYGONALFACE((52,51,47,46));
#4267=IFCINDEXEDPOLYGONALFACE((52,45,44));
#4268=IFCINDEXEDPOLYGONALFACE((44,43,53));
#4269=IFCINDEXEDPOLYGONALFACE((45,52,46));
#4270=IFCINDEXEDPOLYGONALFACE((54,43,42));
#4271=IFCCARTESIANPOINTLIST3D(((1.03249999999999,0.174999999999987,0.999999999999991),(1.0328407417371,0.174999999999987,1.00258819045102),(1.03383974596215,0.174999999999987,1.00499999999999),(1.03542893218813,0.174999999999987,1.00707106781186),(1.03749999999999,0.174999999999987,1.00866025403784),(1.03991180954897,0.174999999999987,1.00965925826288),(1.04249999999999,0.174999999999987,1.00999999999999),(1.04508819045102,0.174999999999987,1.00965925826288),(1.04749999999999,0.174999999999987,1.00866025403784),(1.04957106781186,0.174999999999987,1.00707106781186),(1.05116025403784,0.174999999999987,1.00499999999999),(1.05215925826288,0.174999999999987,1.00258819045102),(1.05249999999999,0.174999999999987,0.999999999999991),(1.05215925826288,0.174999999999987,0.997411809548966),(1.05116025403784,0.174999999999987,0.994999999999991),(1.04957106781186,0.174999999999987,0.992928932188126),(1.04749999999999,0.174999999999987,0.991339745962147),(1.04508819045102,0.174999999999987,0.9903407417371),(1.04249999999999,0.174999999999987,0.989999999999991),(1.03991180954897,0.174999999999987,0.9903407417371),(1.03749999999999,0.174999999999987,0.991339745962147),(1.03542893218813,0.174999999999987,0.992928932188126),(1.03383974596215,0.174999999999987,0.994999999999991),(1.0328407417371,0.174999999999987,0.997411809548966),(1.03249999999999,0.104999999999975,0.999999999999991),(1.0328407417371,0.105340741737084,1.00258819045102),(1.03383974596215,0.10633974596213,1.00499999999999),(1.03542893218813,0.107928932188109,1.00707106781186),(1.03749999999999,0.109999999999974,1.00866025403784),(1.03991180954897,0.112411809548949,1.00965925826288),(1.04249999999999,0.114999999999974,1.00999999999999),(1.04508819045102,0.117588190450999,1.00965925826288),(1.04749999999999,0.119999999999974,1.00866025403784),(1.04957106781186,0.12207106781184,1.00707106781186),(1.05116025403784,0.123660254037818,1.00499999999999),(1.05215925826288,0.124659258262865,1.00258819045102),(1.05249999999999,0.124999999999974,0.999999999999991),(1.05215925826288,0.124659258262865,0.997411809548966),(1.05116025403784,0.123660254037819,0.994999999999991),(1.04957106781186,0.12207106781184,0.992928932188126),(1.04749999999999,0.119999999999974,0.991339745962147),(1.04508819045102,0.117588190451,0.9903407417371),(1.04249999999999,0.114999999999974,0.989999999999991),(1.03991180954897,0.112411809548949,0.9903407417371),(1.03749999999999,0.109999999999974,0.991339745962147),(1.03542893218813,0.107928932188109,0.992928932188126),(1.03383974596215,0.10633974596213,0.994999999999991),(1.0328407417371,0.105340741737084,0.997411809548966),(1.1625,0.104999999999973,0.999999999999991),(1.1625,0.105340741737082,0.997411809548966),(1.1625,0.106339745962128,0.994999999999991),(1.1625,0.107928932188108,0.992928932188125),(1.1625,0.109999999999973,0.991339745962147),(1.1625,0.112411809548948,0.9903407417371),(1.1625,0.114999999999973,0.989999999999991),(1.1625,0.117588190450998,0.9903407417371),(1.1625,0.119999999999973,0.991339745962147),(1.1625,0.122071067811838,0.992928932188126),(1.1625,0.123660254037817,0.994999999999991),(1.1625,0.124659258262863,0.997411809548966),(1.1625,0.124999999999973,0.999999999999991),(1.1625,0.124659258262863,1.00258819045102),(1.1625,0.123660254037817,1.00499999999999),(1.1625,0.122071067811838,1.00707106781186),(1.1625,0.119999999999973,1.00866025403784),(1.1625,0.117588190450998,1.00965925826288),(1.1625,0.114999999999973,1.00999999999999),(1.1625,0.112411809548948,1.00965925826288),(1.1625,0.109999999999973,1.00866025403784),(1.1625,0.107928932188107,1.00707106781186),(1.1625,0.106339745962129,1.00499999999999),(1.1625,0.105340741737082,1.00258819045102)));
#4272=IFCPOLYGONALFACESET(#4271,.T.,(#4197,#4198,#4199,#4200,#4201,#4202,#4203,#4204,#4205,#4206,#4207,#4208,#4209,#4210,#4211,#4212,#4213,#4214,#4215,#4216,#4217,#4218,#4219,#4220,#4221,#4222,#4223,#4224,#4225,#4226,#4227,#4228,#4229,#4230,#4231,#4232,#4233,#4234,#4235,#4236,#4237,#4238,#4239,#4240,#4241,#4242,#4243,#4244,#4245,#4246,#4247,#4248,#4249,#4250,#4251,#4252,#4253,#4254,#4255,#4256,#4257,#4258,#4259,#4260,#4261,#4262,#4263,#4264,#4265,#4266,#4267,#4268,#4269,#4270),$);
#4273=IFCINDEXEDCOLOURMAP(#4272,1.,#4196,(1,1,1,1,1,1,1,1,1,1,1,1,1,1,1,1,1,1,1,1,1,1,1,1,1,1,1,1,1,1,1,1,1,1,1,1,1,1,1,1,1,1,1,1,1,1,1,1,1,1,1,1,1,1,1,1,1,1,1,1,1,1,1,1,1,1,1,1,1,1,1,1,1,1));
#4274=IFCSTYLEDITEM(#4272,(#3138),$);
#4275=IFCCOLOURRGBLIST(((0.968627450980392,0.968627450980392,0.968627450980392)));
#4276=IFCINDEXEDPOLYGONALFACE((18,19,20,21,22,23,24,1,2,3,4,5,6,7,8,9,10,11,12,13,14,15,16,17));
#4277=IFCINDEXEDPOLYGONALFACE((27,28,5));
#4278=IFCINDEXEDPOLYGONALFACE((26,27,3,2));
#4279=IFCINDEXEDPOLYGONALFACE((7,29,30));
#4280=IFCINDEXEDPOLYGONALFACE((6,29,7));
#4281=IFCINDEXEDPOLYGONALFACE((28,29,6));
#4282=IFCINDEXEDPOLYGONALFACE((25,26,2,1));
#4283=IFCINDEXEDPOLYGONALFACE((3,27,4));
#4284=IFCINDEXEDPOLYGONALFACE((5,4,27));
#4285=IFCINDEXEDPOLYGONALFACE((28,6,5));
#4286=IFCINDEXEDPOLYGONALFACE((30,31,9));
#4287=IFCINDEXEDPOLYGONALFACE((33,11,32));
#4288=IFCINDEXEDPOLYGONALFACE((34,12,33));
#4289=IFCINDEXEDPOLYGONALFACE((13,35,36));
#4290=IFCINDEXEDPOLYGONALFACE((34,35,12));
#4291=IFCINDEXEDPOLYGONALFACE((13,36,37));
#4292=IFCINDEXEDPOLYGONALFACE((9,8,30));
#4293=IFCINDEXEDPOLYGONALFACE((7,30,8));
#4294=IFCINDEXEDPOLYGONALFACE((12,11,33));
#4295=IFCINDEXEDPOLYGONALFACE((10,32,11));
#4296=IFCINDEXEDPOLYGONALFACE((9,31,10));
#4297=IFCINDEXEDPOLYGONALFACE((13,12,35));
#4298=IFCINDEXEDPOLYGONALFACE((32,10,31));
#4299=IFCINDEXEDPOLYGONALFACE((13,37,38));
#4300=IFCINDEXEDPOLYGONALFACE((39,13,38));
#4301=IFCINDEXEDPOLYGONALFACE((14,40,41));
#4302=IFCINDEXEDPOLYGONALFACE((39,40,14));
#4303=IFCINDEXEDPOLYGONALFACE((15,41,42));
#4304=IFCINDEXEDPOLYGONALFACE((41,15,14));
#4305=IFCINDEXEDPOLYGONALFACE((14,13,39));
#4306=IFCINDEXEDPOLYGONALFACE((44,17,43));
#4307=IFCINDEXEDPOLYGONALFACE((17,44,18));
#4308=IFCINDEXEDPOLYGONALFACE((17,16,43));
#4309=IFCINDEXEDPOLYGONALFACE((16,15,42));
#4310=IFCINDEXEDPOLYGONALFACE((16,42,43));
#4311=IFCINDEXEDPOLYGONALFACE((45,46,20));
#4312=IFCINDEXEDPOLYGONALFACE((44,45,19));
#4313=IFCINDEXEDPOLYGONALFACE((48,25,1,24));
#4314=IFCINDEXEDPOLYGONALFACE((47,48,24,23));
#4315=IFCINDEXEDPOLYGONALFACE((46,47,21));
#4316=IFCINDEXEDPOLYGONALFACE((46,21,20));
#4317=IFCINDEXEDPOLYGONALFACE((20,19,45));
#4318=IFCINDEXEDPOLYGONALFACE((22,47,23));
#4319=IFCINDEXEDPOLYGONALFACE((22,21,47));
#4320=IFCINDEXEDPOLYGONALFACE((44,19,18));
#4321=IFCINDEXEDPOLYGONALFACE((56,57,58,59,60,61,62,63,64,65,66,67,68,69,70,71,72,49,50,51,52,53,54,55));
#4322=IFCINDEXEDPOLYGONALFACE((25,49,72,26));
#4323=IFCINDEXEDPOLYGONALFACE((71,27,26,72));
#4324=IFCINDEXEDPOLYGONALFACE((69,68,30,29));
#4325=IFCINDEXEDPOLYGONALFACE((27,71,70,28));
#4326=IFCINDEXEDPOLYGONALFACE((28,70,69,29));
#4327=IFCINDEXEDPOLYGONALFACE((67,66,30));
#4328=IFCINDEXEDPOLYGONALFACE((67,30,68));
#4329=IFCINDEXEDPOLYGONALFACE((65,64,32));
#4330=IFCINDEXEDPOLYGONALFACE((66,65,31));
#4331=IFCINDEXEDPOLYGONALFACE((62,61,37,36));
#4332=IFCINDEXEDPOLYGONALFACE((63,62,36,35));
#4333=IFCINDEXEDPOLYGONALFACE((64,63,35,34));
#4334=IFCINDEXEDPOLYGONALFACE((64,33,32));
#4335=IFCINDEXEDPOLYGONALFACE((32,31,65));
#4336=IFCINDEXEDPOLYGONALFACE((33,64,34));
#4337=IFCINDEXEDPOLYGONALFACE((66,31,30));
#4338=IFCINDEXEDPOLYGONALFACE((60,59,39,38));
#4339=IFCINDEXEDPOLYGONALFACE((61,60,38,37));
#4340=IFCINDEXEDPOLYGONALFACE((42,57,43));
#4341=IFCINDEXEDPOLYGONALFACE((58,57,42));
#4342=IFCINDEXEDPOLYGONALFACE((59,58,40,39));
#4343=IFCINDEXEDPOLYGONALFACE((44,56,55));
#4344=IFCINDEXEDPOLYGONALFACE((42,41,58));
#4345=IFCINDEXEDPOLYGONALFACE((40,58,41));
#4346=IFCINDEXEDPOLYGONALFACE((57,56,43));
#4347=IFCINDEXEDPOLYGONALFACE((53,52,46,45));
#4348=IFCINDEXEDPOLYGONALFACE((54,53,45,44));
#4349=IFCINDEXEDPOLYGONALFACE((50,49,25,48));
#4350=IFCINDEXEDPOLYGONALFACE((51,50,48,47));
#4351=IFCINDEXEDPOLYGONALFACE((52,51,47,46));
#4352=IFCINDEXEDPOLYGONALFACE((43,56,44));
#4353=IFCINDEXEDPOLYGONALFACE((44,55,54));
#4354=IFCCARTESIANPOINTLIST3D(((1.0525,0.234999999999987,0.999999999999991),(1.05215925826289,0.234999999999987,1.00258819045102),(1.05116025403785,0.234999999999987,1.00499999999999),(1.04957106781187,0.234999999999987,1.00707106781186),(1.0475,0.234999999999987,1.00866025403784),(1.04508819045103,0.234999999999987,1.00965925826288),(1.0425,0.234999999999987,1.00999999999999),(1.03991180954898,0.234999999999987,1.00965925826288),(1.0375,0.234999999999987,1.00866025403784),(1.03542893218814,0.234999999999987,1.00707106781186),(1.03383974596216,0.234999999999987,1.00499999999999),(1.03284074173711,0.234999999999987,1.00258819045102),(1.0325,0.234999999999987,0.999999999999991),(1.03284074173711,0.234999999999987,0.997411809548966),(1.03383974596216,0.234999999999987,0.994999999999991),(1.03542893218814,0.234999999999987,0.992928932188126),(1.0375,0.234999999999987,0.991339745962147),(1.03991180954898,0.234999999999987,0.9903407417371),(1.0425,0.234999999999987,0.989999999999991),(1.04508819045103,0.234999999999987,0.9903407417371),(1.0475,0.234999999999987,0.991339745962147),(1.04957106781187,0.234999999999987,0.992928932188126),(1.05116025403785,0.234999999999987,0.994999999999991),(1.05215925826289,0.234999999999987,0.997411809548966),(1.0525,0.264999999999986,0.999999999999991),(1.05215925826289,0.265340741737095,1.00258819045102),(1.05116025403785,0.266339745962141,1.00499999999999),(1.04957106781187,0.26792893218812,1.00707106781186),(1.0475,0.269999999999985,1.00866025403784),(1.04508819045103,0.27241180954896,1.00965925826288),(1.0425,0.274999999999985,1.00999999999999),(1.03991180954898,0.277588190451011,1.00965925826288),(1.0375,0.279999999999985,1.00866025403784),(1.03542893218814,0.282071067811851,1.00707106781186),(1.03383974596216,0.28366025403783,1.00499999999999),(1.03284074173711,0.284659258262876,1.00258819045102),(1.0325,0.284999999999985,0.999999999999991),(1.03284074173711,0.284659258262876,0.997411809548966),(1.03383974596216,0.28366025403783,0.994999999999991),(1.03542893218814,0.282071067811851,0.992928932188126),(1.0375,0.279999999999986,0.991339745962147),(1.03991180954898,0.277588190451011,0.9903407417371),(1.0425,0.274999999999986,0.989999999999991),(1.04508819045103,0.27241180954896,0.9903407417371),(1.0475,0.269999999999986,0.991339745962147),(1.04957106781187,0.26792893218812,0.992928932188126),(1.05116025403785,0.266339745962141,0.994999999999991),(1.05215925826289,0.265340741737095,0.997411809548966),(1.1625,0.264999999999986,0.999999999999991),(1.1625,0.265340741737095,0.997411809548966),(1.1625,0.266339745962141,0.994999999999991),(1.1625,0.26792893218812,0.992928932188125),(1.1625,0.269999999999985,0.991339745962147),(1.1625,0.27241180954896,0.9903407417371),(1.1625,0.274999999999986,0.989999999999991),(1.1625,0.277588190451011,0.9903407417371),(1.1625,0.279999999999986,0.991339745962147),(1.1625,0.282071067811851,0.992928932188126),(1.1625,0.28366025403783,0.994999999999991),(1.1625,0.284659258262876,0.997411809548966),(1.1625,0.284999999999985,0.999999999999991),(1.1625,0.284659258262876,1.00258819045102),(1.1625,0.28366025403783,1.00499999999999),(1.1625,0.282071067811851,1.00707106781186),(1.1625,0.279999999999985,1.00866025403784),(1.1625,0.277588190451011,1.00965925826288),(1.1625,0.274999999999985,1.00999999999999),(1.1625,0.27241180954896,1.00965925826288),(1.1625,0.269999999999986,1.00866025403784),(1.1625,0.26792893218812,1.00707106781186),(1.1625,0.266339745962141,1.00499999999999),(1.1625,0.265340741737095,1.00258819045102)));
#4355=IFCPOLYGONALFACESET(#4354,.T.,(#4276,#4277,#4278,#4279,#4280,#4281,#4282,#4283,#4284,#4285,#4286,#4287,#4288,#4289,#4290,#4291,#4292,#4293,#4294,#4295,#4296,#4297,#4298,#4299,#4300,#4301,#4302,#4303,#4304,#4305,#4306,#4307,#4308,#4309,#4310,#4311,#4312,#4313,#4314,#4315,#4316,#4317,#4318,#4319,#4320,#4321,#4322,#4323,#4324,#4325,#4326,#4327,#4328,#4329,#4330,#4331,#4332,#4333,#4334,#4335,#4336,#4337,#4338,#4339,#4340,#4341,#4342,#4343,#4344,#4345,#4346,#4347,#4348,#4349,#4350,#4351,#4352,#4353),$);
#4356=IFCINDEXEDCOLOURMAP(#4355,1.,#4275,(1,1,1,1,1,1,1,1,1,1,1,1,1,1,1,1,1,1,1,1,1,1,1,1,1,1,1,1,1,1,1,1,1,1,1,1,1,1,1,1,1,1,1,1,1,1,1,1,1,1,1,1,1,1,1,1,1,1,1,1,1,1,1,1,1,1,1,1,1,1,1,1,1,1,1,1,1,1));
#4357=IFCSTYLEDITEM(#4355,(#3138),$);
#4358=IFCCOLOURRGBLIST(((0.968627450980392,0.968627450980392,0.968627450980392)));
#4359=IFCINDEXEDPOLYGONALFACE((8,9,10,11,12,13,14,15,16,17,18,19,20,21,22,23,24,1,2,3,4,5,6,7));
#4360=IFCINDEXEDPOLYGONALFACE((33,34,35,36,37,38,39,40,41,42,43,44,45,46,47,48,25,26,27,28,29,30,31,32));
#4361=IFCINDEXEDPOLYGONALFACE((24,26,25,1));
#4362=IFCINDEXEDPOLYGONALFACE((23,27,26,24));
#4363=IFCINDEXEDPOLYGONALFACE((29,28,22,21));
#4364=IFCINDEXEDPOLYGONALFACE((23,22,28,27));
#4365=IFCINDEXEDPOLYGONALFACE((30,29,21,20));
#4366=IFCINDEXEDPOLYGONALFACE((31,30,20,19));
#4367=IFCINDEXEDPOLYGONALFACE((18,32,31,19));
#4368=IFCINDEXEDPOLYGONALFACE((17,33,32,18));
#4369=IFCINDEXEDPOLYGONALFACE((35,34,16,15));
#4370=IFCINDEXEDPOLYGONALFACE((17,16,34,33));
#4371=IFCINDEXEDPOLYGONALFACE((36,35,15,14));
#4372=IFCINDEXEDPOLYGONALFACE((37,36,14,13));
#4373=IFCINDEXEDPOLYGONALFACE((12,38,37,13));
#4374=IFCINDEXEDPOLYGONALFACE((11,39,38,12));
#4375=IFCINDEXEDPOLYGONALFACE((41,40,10,9));
#4376=IFCINDEXEDPOLYGONALFACE((11,10,40,39));
#4377=IFCINDEXEDPOLYGONALFACE((42,41,9,8));
#4378=IFCINDEXEDPOLYGONALFACE((43,42,8,7));
#4379=IFCINDEXEDPOLYGONALFACE((6,44,43,7));
#4380=IFCINDEXEDPOLYGONALFACE((5,45,44,6));
#4381=IFCINDEXEDPOLYGONALFACE((47,46,4,3));
#4382=IFCINDEXEDPOLYGONALFACE((5,4,46,45));
#4383=IFCINDEXEDPOLYGONALFACE((48,47,3,2));
#4384=IFCINDEXEDPOLYGONALFACE((25,48,2,1));
#4385=IFCCARTESIANPOINTLIST3D(((1.0225,0.164999999999986,0.999999999999991),(1.02318148347422,0.164999999999986,0.99482361909794),(1.02517949192431,0.164999999999986,0.989999999999991),(1.02835786437627,0.164999999999986,0.98585786437626),(1.0325,0.164999999999986,0.982679491924302),(1.03732361909795,0.164999999999986,0.98068148347421),(1.0425,0.164999999999986,0.979999999999991),(1.04767638090205,0.164999999999986,0.98068148347421),(1.0525,0.164999999999986,0.982679491924302),(1.05664213562373,0.164999999999986,0.98585786437626),(1.05982050807569,0.164999999999986,0.989999999999991),(1.06181851652578,0.164999999999986,0.994823619097941),(1.0625,0.164999999999986,0.999999999999991),(1.06181851652578,0.164999999999986,1.00517638090204),(1.05982050807569,0.164999999999986,1.00999999999999),(1.05664213562373,0.164999999999986,1.01414213562372),(1.0525,0.164999999999986,1.01732050807568),(1.04767638090205,0.164999999999986,1.01931851652577),(1.0425,0.164999999999986,1.01999999999999),(1.03732361909795,0.164999999999986,1.01931851652577),(1.0325,0.164999999999986,1.01732050807568),(1.02835786437627,0.164999999999986,1.01414213562372),(1.02517949192431,0.164999999999986,1.00999999999999),(1.02318148347422,0.164999999999986,1.00517638090204),(1.0225,0.174999999999989,0.999999999999991),(1.02318148347422,0.174999999999989,1.00517638090204),(1.02517949192431,0.174999999999989,1.00999999999999),(1.02835786437627,0.174999999999989,1.01414213562372),(1.0325,0.174999999999989,1.01732050807568),(1.03732361909795,0.174999999999989,1.01931851652577),(1.0425,0.174999999999989,1.01999999999999),(1.04767638090205,0.174999999999988,1.01931851652577),(1.0525,0.174999999999988,1.01732050807568),(1.05664213562373,0.174999999999988,1.01414213562372),(1.05982050807569,0.174999999999988,1.00999999999999),(1.06181851652578,0.174999999999988,1.00517638090204),(1.0625,0.174999999999988,0.999999999999991),(1.06181851652578,0.174999999999988,0.994823619097941),(1.05982050807569,0.174999999999988,0.989999999999991),(1.05664213562373,0.174999999999988,0.98585786437626),(1.0525,0.174999999999988,0.982679491924302),(1.04767638090205,0.174999999999988,0.98068148347421),(1.0425,0.174999999999989,0.979999999999991),(1.03732361909795,0.174999999999989,0.98068148347421),(1.0325,0.174999999999989,0.982679491924302),(1.02835786437627,0.174999999999989,0.98585786437626),(1.02517949192431,0.174999999999989,0.989999999999991),(1.02318148347422,0.174999999999989,0.99482361909794)));
#4386=IFCPOLYGONALFACESET(#4385,.T.,(#4359,#4360,#4361,#4362,#4363,#4364,#4365,#4366,#4367,#4368,#4369,#4370,#4371,#4372,#4373,#4374,#4375,#4376,#4377,#4378,#4379,#4380,#4381,#4382,#4383,#4384),$);
#4387=IFCINDEXEDCOLOURMAP(#4386,1.,#4358,(1,1,1,1,1,1,1,1,1,1,1,1,1,1,1,1,1,1,1,1,1,1,1,1,1,1));
#4388=IFCSTYLEDITEM(#4386,(#3138),$);
#4389=IFCCOLOURRGBLIST(((0.968627450980392,0.968627450980392,0.968627450980392)));
#4390=IFCINDEXEDPOLYGONALFACE((9,10,11,12,13,14,15,16,17,18,19,20,21,22,23,24,1,2,3,4,5,6,7,8));
#4391=IFCINDEXEDPOLYGONALFACE((32,33,34,35,36,37,38,39,40,41,42,43,44,45,46,47,48,25,26,27,28,29,30,31));
#4392=IFCINDEXEDPOLYGONALFACE((48,2,1,25));
#4393=IFCINDEXEDPOLYGONALFACE((47,3,2,48));
#4394=IFCINDEXEDPOLYGONALFACE((5,4,46,45));
#4395=IFCINDEXEDPOLYGONALFACE((47,46,4,3));
#4396=IFCINDEXEDPOLYGONALFACE((6,5,45,44));
#4397=IFCINDEXEDPOLYGONALFACE((7,6,44,43));
#4398=IFCINDEXEDPOLYGONALFACE((42,8,7,43));
#4399=IFCINDEXEDPOLYGONALFACE((41,9,8,42));
#4400=IFCINDEXEDPOLYGONALFACE((11,10,40,39));
#4401=IFCINDEXEDPOLYGONALFACE((41,40,10,9));
#4402=IFCINDEXEDPOLYGONALFACE((12,11,39,38));
#4403=IFCINDEXEDPOLYGONALFACE((13,12,38,37));
#4404=IFCINDEXEDPOLYGONALFACE((36,14,13,37));
#4405=IFCINDEXEDPOLYGONALFACE((35,15,14,36));
#4406=IFCINDEXEDPOLYGONALFACE((17,16,34,33));
#4407=IFCINDEXEDPOLYGONALFACE((35,34,16,15));
#4408=IFCINDEXEDPOLYGONALFACE((18,17,33,32));
#4409=IFCINDEXEDPOLYGONALFACE((19,18,32,31));
#4410=IFCINDEXEDPOLYGONALFACE((30,20,19,31));
#4411=IFCINDEXEDPOLYGONALFACE((29,21,20,30));
#4412=IFCINDEXEDPOLYGONALFACE((23,22,28,27));
#4413=IFCINDEXEDPOLYGONALFACE((29,28,22,21));
#4414=IFCINDEXEDPOLYGONALFACE((24,23,27,26));
#4415=IFCINDEXEDPOLYGONALFACE((1,24,26,25));
#4416=IFCCARTESIANPOINTLIST3D(((1.0225,0.224999999999987,0.999999999999991),(1.02318148347422,0.224999999999987,0.994823619097941),(1.02517949192431,0.224999999999987,0.989999999999991),(1.02835786437627,0.224999999999987,0.98585786437626),(1.0325,0.224999999999987,0.982679491924302),(1.03732361909795,0.224999999999987,0.98068148347421),(1.0425,0.224999999999987,0.979999999999991),(1.04767638090205,0.224999999999987,0.98068148347421),(1.0525,0.224999999999987,0.982679491924302),(1.05664213562373,0.224999999999987,0.98585786437626),(1.05982050807569,0.224999999999987,0.989999999999991),(1.06181851652578,0.224999999999987,0.99482361909794),(1.0625,0.224999999999987,0.999999999999991),(1.06181851652578,0.224999999999987,1.00517638090204),(1.05982050807569,0.224999999999987,1.00999999999999),(1.05664213562373,0.224999999999987,1.01414213562372),(1.0525,0.224999999999987,1.01732050807568),(1.04767638090205,0.224999999999987,1.01931851652577),(1.0425,0.224999999999987,1.01999999999999),(1.03732361909795,0.224999999999987,1.01931851652577),(1.0325,0.224999999999987,1.01732050807568),(1.02835786437627,0.224999999999987,1.01414213562372),(1.02517949192431,0.224999999999987,1.00999999999999),(1.02318148347422,0.224999999999987,1.00517638090204),(1.0225,0.234999999999987,0.999999999999991),(1.02318148347422,0.234999999999987,1.00517638090204),(1.02517949192431,0.234999999999987,1.00999999999999),(1.02835786437627,0.234999999999987,1.01414213562372),(1.0325,0.234999999999987,1.01732050807568),(1.03732361909795,0.234999999999987,1.01931851652577),(1.0425,0.234999999999987,1.01999999999999),(1.04767638090205,0.234999999999987,1.01931851652577),(1.0525,0.234999999999987,1.01732050807568),(1.05664213562373,0.234999999999987,1.01414213562372),(1.05982050807569,0.234999999999987,1.00999999999999),(1.06181851652578,0.234999999999987,1.00517638090204),(1.0625,0.234999999999987,0.999999999999991),(1.06181851652578,0.234999999999987,0.99482361909794),(1.05982050807569,0.234999999999987,0.989999999999991),(1.05664213562373,0.234999999999987,0.98585786437626),(1.0525,0.234999999999987,0.982679491924302),(1.04767638090205,0.234999999999987,0.98068148347421),(1.0425,0.234999999999987,0.979999999999991),(1.03732361909795,0.234999999999987,0.98068148347421),(1.0325,0.234999999999987,0.982679491924302),(1.02835786437627,0.234999999999987,0.98585786437626),(1.02517949192431,0.234999999999987,0.989999999999991),(1.02318148347422,0.234999999999987,0.994823619097941)));
#4417=IFCPOLYGONALFACESET(#4416,.T.,(#4390,#4391,#4392,#4393,#4394,#4395,#4396,#4397,#4398,#4399,#4400,#4401,#4402,#4403,#4404,#4405,#4406,#4407,#4408,#4409,#4410,#4411,#4412,#4413,#4414,#4415),$);
#4418=IFCINDEXEDCOLOURMAP(#4417,1.,#4389,(1,1,1,1,1,1,1,1,1,1,1,1,1,1,1,1,1,1,1,1,1,1,1,1,1,1));
#4419=IFCSTYLEDITEM(#4417,(#3138),$);
#4420=IFCCOLOURRGBLIST(((0.835294117647059,0.643137254901961,0.403921568627451)));
#4421=IFCINDEXEDPOLYGONALFACE((1,2,3,4));
#4422=IFCINDEXEDPOLYGONALFACE((5,6,7,8));
#4423=IFCINDEXEDPOLYGONALFACE((2,1,5,8));
#4424=IFCINDEXEDPOLYGONALFACE((3,2,8,7));
#4425=IFCINDEXEDPOLYGONALFACE((4,3,7,6));
#4426=IFCINDEXEDPOLYGONALFACE((1,4,6,5));
#4427=IFCCARTESIANPOINTLIST3D(((0.9425,0.200000000000006,0.10000000000001),(0.9425,0.200000000000006,2.3499999999999),(0.0100000000000098,0.200000000000009,2.3499999999999),(0.0100000000000098,0.200000000000009,0.10000000000001),(0.942500000000001,0.224999999999985,0.10000000000001),(0.01000000000001,0.224999999999988,0.10000000000001),(0.01000000000001,0.224999999999988,2.3499999999999),(0.9425,0.224999999999985,2.3499999999999)));
#4428=IFCPOLYGONALFACESET(#4427,.T.,(#4421,#4422,#4423,#4424,#4425,#4426),$);
#4429=IFCINDEXEDCOLOURMAP(#4428,1.,#4420,(1,1,1,1,1,1));
#4430=IFCSTYLEDITEM(#4428,(#1407),$);
#4431=IFCCOLOURRGBLIST(((0.835294117647059,0.643137254901961,0.403921568627451)));
#4432=IFCINDEXEDPOLYGONALFACE((1,2,3,4));
#4433=IFCINDEXEDPOLYGONALFACE((5,6,7,8));
#4434=IFCINDEXEDPOLYGONALFACE((2,1,5,8));
#4435=IFCINDEXEDPOLYGONALFACE((3,2,8,7));
#4436=IFCINDEXEDPOLYGONALFACE((4,3,7,6));
#4437=IFCINDEXEDPOLYGONALFACE((1,4,6,5));
#4438=IFCCARTESIANPOINTLIST3D(((0.9425,0.2,2.3499999999999),(0.9425,0.2,0.10000000000001),(1.87499999999999,0.199999999999997,0.10000000000001),(1.87499999999999,0.199999999999997,2.3499999999999),(0.9425,0.224999999999985,2.3499999999999),(1.87499999999999,0.224999999999982,2.3499999999999),(1.87499999999999,0.224999999999982,0.10000000000001),(0.9425,0.224999999999985,0.10000000000001)));
#4439=IFCPOLYGONALFACESET(#4438,.T.,(#4432,#4433,#4434,#4435,#4436,#4437),$);
#4440=IFCINDEXEDCOLOURMAP(#4439,1.,#4431,(1,1,1,1,1,1));
#4441=IFCSTYLEDITEM(#4439,(#1407),$);
#4442=IFCCOLOURRGBLIST(((0.384313725490196,0.384313725490196,0.384313725490196)));
#4443=IFCINDEXEDPOLYGONALFACE((1,2,3,4,5,6,7,8,9,10,11,12,13,14,15,16));
#4444=IFCINDEXEDPOLYGONALFACE((2,1,17,18,19,20,21,22));
#4445=IFCINDEXEDPOLYGONALFACE((3,2,22,23));
#4446=IFCINDEXEDPOLYGONALFACE((4,3,23,24,25,26,27,28));
#4447=IFCINDEXEDPOLYGONALFACE((5,4,28,29));
#4448=IFCINDEXEDPOLYGONALFACE((6,5,29,30,31,32,33,34));
#4449=IFCINDEXEDPOLYGONALFACE((7,6,34,35));
#4450=IFCINDEXEDPOLYGONALFACE((8,7,35,36,37,38,39,40));
#4451=IFCINDEXEDPOLYGONALFACE((9,8,40,41));
#4452=IFCINDEXEDPOLYGONALFACE((10,9,41,42,43,44,45,46));
#4453=IFCINDEXEDPOLYGONALFACE((11,10,46,47));
#4454=IFCINDEXEDPOLYGONALFACE((12,11,47,48,49,50,51,52));
#4455=IFCINDEXEDPOLYGONALFACE((13,12,52,53));
#4456=IFCINDEXEDPOLYGONALFACE((14,13,53,54,55,56,57,58));
#4457=IFCINDEXEDPOLYGONALFACE((15,14,58,59));
#4458=IFCINDEXEDPOLYGONALFACE((16,15,59,60,61,62,63,64));
#4459=IFCINDEXEDPOLYGONALFACE((1,16,64,17));
#4460=IFCINDEXEDPOLYGONALFACE((18,63,62,19));
#4461=IFCINDEXEDPOLYGONALFACE((19,62,61,56,55,50,49,44,43,38,37,32,31,26,25,20));
#4462=IFCINDEXEDPOLYGONALFACE((24,21,20,25));
#4463=IFCINDEXEDPOLYGONALFACE((30,27,26,31));
#4464=IFCINDEXEDPOLYGONALFACE((36,33,32,37));
#4465=IFCINDEXEDPOLYGONALFACE((42,39,38,43));
#4466=IFCINDEXEDPOLYGONALFACE((48,45,44,49));
#4467=IFCINDEXEDPOLYGONALFACE((54,51,50,55));
#4468=IFCINDEXEDPOLYGONALFACE((60,57,56,61));
#4469=IFCINDEXEDPOLYGONALFACE((23,22,21,24));
#4470=IFCINDEXEDPOLYGONALFACE((29,28,27,30));
#4471=IFCINDEXEDPOLYGONALFACE((35,34,33,36));
#4472=IFCINDEXEDPOLYGONALFACE((41,40,39,42));
#4473=IFCINDEXEDPOLYGONALFACE((47,46,45,48));
#4474=IFCINDEXEDPOLYGONALFACE((53,52,51,54));
#4475=IFCINDEXEDPOLYGONALFACE((59,58,57,60));
#4476=IFCINDEXEDPOLYGONALFACE((17,64,63,18));
#4477=IFCCARTESIANPOINTLIST3D(((1.9095,-0.0149999999998227,0.100000000000007),(1.86,-0.0149999999998227,0.100000000000007),(1.86,0.199999999999985,0.100000000000007),(1.87499999999999,0.199999999999985,0.100000000000007),(1.87499999999999,0.224999999999985,0.100000000000007),(1.9095,0.224999999999985,0.100000000000007),(1.9095,0.199999999999985,0.100000000000007),(1.9045,0.199999999999985,0.100000000000007),(1.9045,0.219999999999973,0.100000000000007),(1.88,0.219999999999973,0.100000000000007),(1.88,0.194999999999985,0.100000000000007),(1.865,0.194999999999985,0.100000000000007),(1.865,-0.0100000000000062,0.100000000000007),(1.9045,-0.0100000000000062,0.100000000000007),(1.9045,0.,0.100000000000007),(1.9095,0.,0.100000000000007),(1.9095,-0.0149999999998227,2.38449999999998),(-0.0244999999999994,-0.0149999999998227,2.38449999999998),(-0.0244999999999994,-0.0149999999998227,0.100000000000009),(0.0250000000000031,-0.0149999999998227,0.100000000000009),(0.0250000000000031,-0.0149999999998227,2.33499999999998),(1.86,-0.0149999999998227,2.33499999999998),(1.86,0.199999999999985,2.33499999999998),(0.0250000000000031,0.199999999999985,2.33499999999998),(0.0250000000000031,0.199999999999985,0.100000000000009),(0.0100000000000098,0.199999999999985,0.100000000000009),(0.0100000000000098,0.199999999999985,2.34999999999997),(1.87499999999999,0.199999999999985,2.34999999999997),(1.87499999999999,0.224999999999985,2.34999999999997),(0.0100000000000098,0.224999999999985,2.34999999999997),(0.0100000000000098,0.224999999999985,0.100000000000009),(-0.0244999999999994,0.224999999999985,0.100000000000009),(-0.0244999999999997,0.224999999999985,2.38449999999998),(1.9095,0.224999999999985,2.38449999999998),(1.9095,0.199999999999985,2.38449999999998),(-0.0244999999999994,0.199999999999985,2.38449999999998),(-0.0244999999999994,0.199999999999985,0.100000000000009),(-0.0194999999999998,0.199999999999985,0.100000000000009),(-0.0194999999999998,0.199999999999985,2.37949999999998),(1.9045,0.199999999999985,2.37949999999998),(1.9045,0.219999999999973,2.37949999999998),(-0.0194999999999995,0.219999999999973,2.37949999999998),(-0.0194999999999995,0.219999999999973,0.100000000000009),(0.00500000000000049,0.219999999999973,0.100000000000009),(0.00500000000000049,0.219999999999973,2.35499999999998),(1.88,0.219999999999973,2.35499999999998),(1.88,0.194999999999984,2.35499999999998),(0.00500000000000049,0.194999999999984,2.35499999999998),(0.00500000000000049,0.194999999999985,0.100000000000009),(0.0200000000000032,0.194999999999985,0.100000000000009),(0.0200000000000032,0.194999999999984,2.33999999999998),(1.865,0.194999999999984,2.33999999999998),(1.865,-0.0100000000000062,2.33999999999998),(0.0200000000000032,-0.0100000000000062,2.33999999999998),(0.0200000000000032,-0.0100000000000062,0.100000000000009),(-0.0194999999999994,-0.0100000000000062,0.100000000000009),(-0.0194999999999994,-0.0100000000000062,2.37949999999998),(1.9045,-0.0100000000000062,2.37949999999998),(1.9045,0.,2.37949999999998),(-0.0194999999999994,0.,2.37949999999998),(-0.0194999999999994,0.,0.100000000000009),(-0.0244999999999994,0.,0.100000000000009),(-0.0244999999999997,0.,2.38449999999998),(1.9095,0.,2.38449999999998)));
#4478=IFCPOLYGONALFACESET(#4477,.T.,(#4443,#4444,#4445,#4446,#4447,#4448,#4449,#4450,#4451,#4452,#4453,#4454,#4455,#4456,#4457,#4458,#4459,#4460,#4461,#4462,#4463,#4464,#4465,#4466,#4467,#4468,#4469,#4470,#4471,#4472,#4473,#4474,#4475,#4476),$);
#4479=IFCINDEXEDCOLOURMAP(#4478,1.,#4442,(1,1,1,1,1,1,1,1,1,1,1,1,1,1,1,1,1,1,1,1,1,1,1,1,1,1,1,1,1,1,1,1,1,1));
#4480=IFCSTYLEDITEM(#4478,(#1456),$);
#4481=IFCSHAPEREPRESENTATION(#24,'Body','Tessellation',(#4048,#4131,#4162,#4193,#4272,#4355,#4386,#4417,#4428,#4439,#4478));
#4482=IFCAXIS2PLACEMENT3D(#3,$,$);
#4483=IFCREPRESENTATIONMAP(#4482,#4481);
#4484=IFCDOORLININGPROPERTIES('20LeAmtxjFagTYkRA7cuEn',#18,'Drehfl\X2\00FC\X0\gel 2-flg - Stahlzarge:1.885 x 2.26:503145',$,$,$,$,$,$,$,$,$,$,$,$,$,$);
#4485=IFCDOORPANELPROPERTIES('20LeAmtxjFagTYkR67cuEn',#18,'Drehfl\X2\00FC\X0\gel 2-flg - Stahlzarge:1.885 x 2.26:503145:1',$,$,.SWINGING.,$,.NOTDEFINED.,$);
#4486=IFCDOORTYPE('1bWhO_3H_GV2AqZc10x0Vy',#18,'Drehfl\X2\00FC\X0\gel 2-flg - Stahlzarge:1.885 x 2.26',$,$,(#4484,#4485),(#4483),'228045',$,.DOOR.,.DOUBLE_DOOR_SINGLE_SWING.,$,$);
#4487=IFCMATERIALCONSTITUENT('T\X2\00FC\X0\rgriff',$,#3576,$,'Metall');
#4488=IFCSHAPEREPRESENTATION(#24,'Body','Tessellation',(#4048,#4131,#4162,#4193,#4272,#4355,#4386,#4417));
#4489=IFCSHAPEASPECT((#4488),'T\X2\00FC\X0\rgriff',$,.F.,#4483);
#4490=IFCMATERIALCONSTITUENT('Panel',$,#1445,$,'Holz');
#4491=IFCSHAPEREPRESENTATION(#24,'Body','Tessellation',(#4428,#4439));
#4492=IFCSHAPEASPECT((#4491),'Panel',$,.F.,#4483);
#4493=IFCMATERIALCONSTITUENT('Frame/Mullion',$,#1462,$,'Farbe');
#4494=IFCSHAPEREPRESENTATION(#24,'Body','Tessellation',(#4478));
#4495=IFCSHAPEASPECT((#4494),'Frame/Mullion',$,.F.,#4483);
#4496=IFCMATERIALCONSTITUENTSET($,$,(#4487,#4490,#4493));
#4497=IFCMAPPEDITEM(#4483,#124);
#4498=IFCSHAPEREPRESENTATION(#24,'Body','MappedRepresentation',(#4497));
#4499=IFCPRODUCTDEFINITIONSHAPE($,$,(#4498));
#4500=IFCCARTESIANPOINT((-19.1940591710596,14.3006498923767,0.));
#4501=IFCAXIS2PLACEMENT3D(#4500,#9,#8);
#4503=IFCDOOR('20LeAmtxjFagTYkRE7cuEn',#18,'Drehfl\X2\00FC\X0\gel 2-flg - Stahlzarge:1.885 x 2.26:503145',$,'Drehfl\X2\00FC\X0\gel 2-flg - Stahlzarge:1.885 x 2.26',#6257,#4499,'503145',2.35999999999998,1.885,.DOOR.,.DOUBLE_DOOR_SINGLE_SWING.,$);
#4504=IFCMATERIALCONSTITUENT('Metall - Chrom',$,#3576,$,'Metall');
#4505=IFCMATERIALCONSTITUENT('Holz - Birke',$,#1445,$,'Holz');
#4506=IFCMATERIALCONSTITUENT('Metall - lackiert, grau',$,#1462,$,'Farbe');
#4507=IFCMATERIALCONSTITUENTSET($,$,(#4504,#4505,#4506));
#4508=IFCPROPERTYSINGLEVALUE('Reference',$,IFCIDENTIFIER('1.885 x 2.26'),$);
#4509=IFCPROPERTYSET('2C_jR2shtlHIG2zz0WbJ64',#18,'Pset_DoorCommon',$,(#76,#4508));
#4510=IFCPROPERTYSET('0tLOkgJscFWyRUaRDiLSeE',#18,'Pset_EnvironmentalImpactIndicators',$,(#4508));
#4511=IFCRELDEFINESBYPROPERTIES('1q4Nl7LX3WOQpzduKq409b',#18,$,$,(#4503),#4509);
#4512=IFCRELDEFINESBYPROPERTIES('1u6amivsBSqCsWQQ8U1yEA',#18,$,$,(#4503),#4510);
#4513=IFCMAPPEDITEM(#4483,#124);
#4514=IFCSHAPEREPRESENTATION(#24,'Body','MappedRepresentation',(#4513));
#4515=IFCPRODUCTDEFINITIONSHAPE($,$,(#4514));
#4516=IFCCARTESIANPOINT((-19.1940591710596,8.94814989237671,0.));
#4517=IFCAXIS2PLACEMENT3D(#4516,#9,#8);
#4519=IFCDOOR('20LeAmtxjFagTYkRE7cu1V',#18,'Drehfl\X2\00FC\X0\gel 2-flg - Stahlzarge:1.885 x 2.26:503431',$,'Drehfl\X2\00FC\X0\gel 2-flg - Stahlzarge:1.885 x 2.26',#6272,#4515,'503431',2.35999999999998,1.885,.DOOR.,.DOUBLE_DOOR_SINGLE_SWING.,$);
#4520=IFCMATERIALCONSTITUENT('Metall - Chrom',$,#3576,$,'Metall');
#4521=IFCMATERIALCONSTITUENT('Holz - Birke',$,#1445,$,'Holz');
#4522=IFCMATERIALCONSTITUENT('Metall - lackiert, grau',$,#1462,$,'Farbe');
#4523=IFCMATERIALCONSTITUENTSET($,$,(#4520,#4521,#4522));
#4524=IFCPROPERTYSET('3rEmlNtnUWSMMT3FZk02xe',#18,'Pset_DoorCommon',$,(#76,#4508));
#4525=IFCPROPERTYSET('1qUXN1DYwm_8fqfu22MvSI',#18,'Pset_EnvironmentalImpactIndicators',$,(#4508));
#4526=IFCRELDEFINESBYPROPERTIES('0vSsNiTFez_m0u0eA2wHHr',#18,$,$,(#4519),#4524);
#4527=IFCRELDEFINESBYPROPERTIES('0PpD09g0iHJmumnIWXHAEm',#18,$,$,(#4519),#4525);
#4528=IFCMAPPEDITEM(#3773,#124);
#4529=IFCSHAPEREPRESENTATION(#24,'Body','MappedRepresentation',(#4528));
#4530=IFCPRODUCTDEFINITIONSHAPE($,$,(#4529));
#4531=IFCCARTESIANPOINT((-16.7365591710596,-9.24685010762329,1.));
#4532=IFCAXIS2PLACEMENT3D(#4531,$,$);
#4534=IFCWINDOW('20LeAmtxjFagTYkRE7cu0P',#18,'Fenster 2-flg - Variabel:Fenster 2-flg - Variabel:503489',$,'Fenster 2-flg - Variabel:Fenster 2-flg - Variabel',#6572,#4530,'503489',1.26,2.01,.WINDOW.,.NOTDEFINED.,$);
#4535=IFCMATERIALCONSTITUENT('Glas',$,#3776,$,'Glas');
#4536=IFCMATERIALCONSTITUENT('Holz - Birke',$,#1445,$,'Holz');
#4537=IFCMATERIALCONSTITUENT('Metall - Aluminium',$,#3777,$,'Metall');
#4538=IFCMATERIALCONSTITUENT('Kunststoff - Wei\X2\00DF\X0\',$,#3778,$,'Kunststoff');
#4539=IFCMATERIALCONSTITUENTSET($,$,(#4535,#4536,#4537,#4538));
#4540=IFCPROPERTYSET('2S9pycNML$h_HwTapbncg$',#18,'Pset_EnvironmentalImpactIndicators',$,(#3807));
#4541=IFCPROPERTYSET('0PiF0YIxNYVlA5WmZaMgzW',#18,'Pset_WindowCommon',$,(#635,#3807));
#4542=IFCRELDEFINESBYPROPERTIES('2741DRKcPoLv_kqL3R2TmW',#18,$,$,(#4534),#4540);
#4543=IFCRELDEFINESBYPROPERTIES('1kmOjeZfZ4PaaD$oe0Y6jw',#18,$,$,(#4534),#4541);
#4544=IFCMAPPEDITEM(#3773,#124);
#4545=IFCSHAPEREPRESENTATION(#24,'Body','MappedRepresentation',(#4544));
#4546=IFCPRODUCTDEFINITIONSHAPE($,$,(#4545));
#4547=IFCCARTESIANPOINT((-14.6840591710597,-4.24685010762329,1.));
#4548=IFCAXIS2PLACEMENT3D(#4547,#9,#6);
#4550=IFCWINDOW('20LeAmtxjFagTYkRE7cu72',#18,'Fenster 2-flg - Variabel:Fenster 2-flg - Variabel:503578',$,'Fenster 2-flg - Variabel:Fenster 2-flg - Variabel',#6178,#4546,'503578',1.26,2.01,.WINDOW.,.NOTDEFINED.,$);
#4551=IFCMATERIALCONSTITUENT('Glas',$,#3776,$,'Glas');
#4552=IFCMATERIALCONSTITUENT('Holz - Birke',$,#1445,$,'Holz');
#4553=IFCMATERIALCONSTITUENT('Metall - Aluminium',$,#3777,$,'Metall');
#4554=IFCMATERIALCONSTITUENT('Kunststoff - Wei\X2\00DF\X0\',$,#3778,$,'Kunststoff');
#4555=IFCMATERIALCONSTITUENTSET($,$,(#4551,#4552,#4553,#4554));
#4556=IFCPROPERTYSET('2vSRrewvq50VEHysJqcEjS',#18,'Pset_EnvironmentalImpactIndicators',$,(#3807));
#4557=IFCPROPERTYSET('1P2Qrsq5Eaj5SSdhKzdQsC',#18,'Pset_WindowCommon',$,(#635,#3807));
#4558=IFCRELDEFINESBYPROPERTIES('0ri$RNupMREOTJ5OofoICB',#18,$,$,(#4550),#4556);
#4559=IFCRELDEFINESBYPROPERTIES('2cVDc17xZ03KgYrfw7vtiJ',#18,$,$,(#4550),#4557);
#4560=IFCMAPPEDITEM(#3773,#124);
#4561=IFCSHAPEREPRESENTATION(#24,'Body','MappedRepresentation',(#4560));
#4562=IFCPRODUCTDEFINITIONSHAPE($,$,(#4561));
#4563=IFCCARTESIANPOINT((-9.47405917105966,-4.24685010762331,1.));
#4564=IFCAXIS2PLACEMENT3D(#4563,#9,#6);
#4566=IFCWINDOW('20LeAmtxjFagTYkRE7cu6X',#18,'Fenster 2-flg - Variabel:Fenster 2-flg - Variabel:503673',$,'Fenster 2-flg - Variabel:Fenster 2-flg - Variabel',#6194,#4562,'503673',1.26,2.01,.WINDOW.,.NOTDEFINED.,$);
#4567=IFCMATERIALCONSTITUENT('Glas',$,#3776,$,'Glas');
#4568=IFCMATERIALCONSTITUENT('Holz - Birke',$,#1445,$,'Holz');
#4569=IFCMATERIALCONSTITUENT('Metall - Aluminium',$,#3777,$,'Metall');
#4570=IFCMATERIALCONSTITUENT('Kunststoff - Wei\X2\00DF\X0\',$,#3778,$,'Kunststoff');
#4571=IFCMATERIALCONSTITUENTSET($,$,(#4567,#4568,#4569,#4570));
#4572=IFCPROPERTYSET('1gmaEdFtqIqz40QSiK$QTa',#18,'Pset_EnvironmentalImpactIndicators',$,(#3807));
#4573=IFCPROPERTYSET('2dmdJXv2wYab1lsdJd4U$u',#18,'Pset_WindowCommon',$,(#635,#3807));
#4574=IFCRELDEFINESBYPROPERTIES('25ykC2Hv0rH5RUoc$Ixt_I',#18,$,$,(#4566),#4572);
#4575=IFCRELDEFINESBYPROPERTIES('0jWjd1He_LCBk89ASR_ss7',#18,$,$,(#4566),#4573);
#4576=IFCMAPPEDITEM(#3773,#124);
#4577=IFCSHAPEREPRESENTATION(#24,'Body','MappedRepresentation',(#4576));
#4578=IFCPRODUCTDEFINITIONSHAPE($,$,(#4577));
#4579=IFCCARTESIANPOINT((-11.3265591710596,-9.24685010762331,1.));
#4580=IFCAXIS2PLACEMENT3D(#4579,$,$);
#4582=IFCWINDOW('20LeAmtxjFagTYkRE7cu5u',#18,'Fenster 2-flg - Variabel:Fenster 2-flg - Variabel:503712',$,'Fenster 2-flg - Variabel:Fenster 2-flg - Variabel',#6588,#4578,'503712',1.26,2.01,.WINDOW.,.NOTDEFINED.,$);
#4583=IFCMATERIALCONSTITUENT('Glas',$,#3776,$,'Glas');
#4584=IFCMATERIALCONSTITUENT('Holz - Birke',$,#1445,$,'Holz');
#4585=IFCMATERIALCONSTITUENT('Metall - Aluminium',$,#3777,$,'Metall');
#4586=IFCMATERIALCONSTITUENT('Kunststoff - Wei\X2\00DF\X0\',$,#3778,$,'Kunststoff');
#4587=IFCMATERIALCONSTITUENTSET($,$,(#4583,#4584,#4585,#4586));
#4588=IFCPROPERTYSET('1stOrXzcn03i7sW_gLed9L',#18,'Pset_EnvironmentalImpactIndicators',$,(#3807));
#4589=IFCPROPERTYSET('0L$LbFKrtzo_dRtIVRl56q',#18,'Pset_WindowCommon',$,(#635,#3807));
#4590=IFCRELDEFINESBYPROPERTIES('1h1K9xMK65ScvgLBn8MgyR',#18,$,$,(#4582),#4588);
#4591=IFCRELDEFINESBYPROPERTIES('257vnkDeYuV2rVxfNwhqx4',#18,$,$,(#4582),#4589);
#4592=IFCMAPPEDITEM(#3773,#124);
#4593=IFCSHAPEREPRESENTATION(#24,'Body','MappedRepresentation',(#4592));
#4594=IFCPRODUCTDEFINITIONSHAPE($,$,(#4593));
#4595=IFCCARTESIANPOINT((-22.9940591710597,-0.354350107623262,1.));
#4596=IFCAXIS2PLACEMENT3D(#4595,#9,#8);
#4598=IFCWINDOW('20LeAmtxjFagTYkRE7cvxc',#18,'Fenster 2-flg - Variabel:Fenster 2-flg - Variabel:503870',$,'Fenster 2-flg - Variabel:Fenster 2-flg - Variabel',#6035,#4594,'503870',1.26,2.01,.WINDOW.,.NOTDEFINED.,$);
#4599=IFCMATERIALCONSTITUENT('Glas',$,#3776,$,'Glas');
#4600=IFCMATERIALCONSTITUENT('Holz - Birke',$,#1445,$,'Holz');
#4601=IFCMATERIALCONSTITUENT('Metall - Aluminium',$,#3777,$,'Metall');
#4602=IFCMATERIALCONSTITUENT('Kunststoff - Wei\X2\00DF\X0\',$,#3778,$,'Kunststoff');
#4603=IFCMATERIALCONSTITUENTSET($,$,(#4599,#4600,#4601,#4602));
#4604=IFCPROPERTYSET('2UAWZcCx9mOuwzUvqFsu7J',#18,'Pset_EnvironmentalImpactIndicators',$,(#3807));
#4605=IFCPROPERTYSET('312nSzZAP1eqfABaZbdIjc',#18,'Pset_WindowCommon',$,(#635,#3807));
#4606=IFCRELDEFINESBYPROPERTIES('1QJ$DAqmdTCk27Ezuu5u0q',#18,$,$,(#4598),#4604);
#4607=IFCRELDEFINESBYPROPERTIES('0lBYwNZqBhshLKZSTgAktG',#18,$,$,(#4598),#4605);
#4608=IFCMAPPEDITEM(#3773,#124);
#4609=IFCSHAPEREPRESENTATION(#24,'Body','MappedRepresentation',(#4608));
#4610=IFCPRODUCTDEFINITIONSHAPE($,$,(#4609));
#4611=IFCCARTESIANPOINT((-22.9940591710597,4.30564989237674,1.));
#4612=IFCAXIS2PLACEMENT3D(#4611,#9,#8);
#4614=IFCWINDOW('20LeAmtxjFagTYkRE7cvwf',#18,'Fenster 2-flg - Variabel:Fenster 2-flg - Variabel:503921',$,'Fenster 2-flg - Variabel:Fenster 2-flg - Variabel',#6051,#4610,'503921',1.26,2.01,.WINDOW.,.NOTDEFINED.,$);
#4615=IFCMATERIALCONSTITUENT('Glas',$,#3776,$,'Glas');
#4616=IFCMATERIALCONSTITUENT('Holz - Birke',$,#1445,$,'Holz');
#4617=IFCMATERIALCONSTITUENT('Metall - Aluminium',$,#3777,$,'Metall');
#4618=IFCMATERIALCONSTITUENT('Kunststoff - Wei\X2\00DF\X0\',$,#3778,$,'Kunststoff');
#4619=IFCMATERIALCONSTITUENTSET($,$,(#4615,#4616,#4617,#4618));
#4620=IFCPROPERTYSET('1MENXIbBmn2h6hTHm7CyUj',#18,'Pset_EnvironmentalImpactIndicators',$,(#3807));
#4621=IFCPROPERTYSET('1bfFsBOUzoJDrxfZxW$IA7',#18,'Pset_WindowCommon',$,(#635,#3807));
#4622=IFCRELDEFINESBYPROPERTIES('3L7fZaBQDWO1CXlu_EJ2CE',#18,$,$,(#4614),#4620);
#4623=IFCRELDEFINESBYPROPERTIES('3JZNZa0VCXKwq5bcAGDkqU',#18,$,$,(#4614),#4621);
#4624=IFCMAPPEDITEM(#3773,#124);
#4625=IFCSHAPEREPRESENTATION(#24,'Body','MappedRepresentation',(#4624));
#4626=IFCPRODUCTDEFINITIONSHAPE($,$,(#4625));
#4627=IFCCARTESIANPOINT((-22.9940591710597,9.66564989237673,1.));
#4628=IFCAXIS2PLACEMENT3D(#4627,#9,#8);
#4630=IFCWINDOW('20LeAmtxjFagTYkRE7cvvo',#18,'Fenster 2-flg - Variabel:Fenster 2-flg - Variabel:503978',$,'Fenster 2-flg - Variabel:Fenster 2-flg - Variabel',#6067,#4626,'503978',1.26,2.01,.WINDOW.,.NOTDEFINED.,$);
#4631=IFCMATERIALCONSTITUENT('Glas',$,#3776,$,'Glas');
#4632=IFCMATERIALCONSTITUENT('Holz - Birke',$,#1445,$,'Holz');
#4633=IFCMATERIALCONSTITUENT('Metall - Aluminium',$,#3777,$,'Metall');
#4634=IFCMATERIALCONSTITUENT('Kunststoff - Wei\X2\00DF\X0\',$,#3778,$,'Kunststoff');
#4635=IFCMATERIALCONSTITUENTSET($,$,(#4631,#4632,#4633,#4634));
#4636=IFCPROPERTYSET('1UGloQ4O01zwWPrk8Fo_Ct',#18,'Pset_EnvironmentalImpactIndicators',$,(#3807));
#4637=IFCPROPERTYSET('0hXZDzw5tkjh2z7mVydYjN',#18,'Pset_WindowCommon',$,(#635,#3807));
#4638=IFCRELDEFINESBYPROPERTIES('16wowI8yMkACjSFZfWfJA6',#18,$,$,(#4630),#4636);
#4639=IFCRELDEFINESBYPROPERTIES('3lyfXA9gTFShym6arE2yl6',#18,$,$,(#4630),#4637);
#4640=IFCMAPPEDITEM(#3773,#124);
#4641=IFCSHAPEREPRESENTATION(#24,'Body','MappedRepresentation',(#4640));
#4642=IFCPRODUCTDEFINITIONSHAPE($,$,(#4641));
#4643=IFCCARTESIANPOINT((-22.9940591710597,14.3756498923767,1.));
#4644=IFCAXIS2PLACEMENT3D(#4643,#9,#8);
#4646=IFCWINDOW('20LeAmtxjFagTYkRE7cvuV',#18,'Fenster 2-flg - Variabel:Fenster 2-flg - Variabel:504007',$,'Fenster 2-flg - Variabel:Fenster 2-flg - Variabel',#6083,#4642,'504007',1.26,2.01,.WINDOW.,.NOTDEFINED.,$);
#4647=IFCMATERIALCONSTITUENT('Glas',$,#3776,$,'Glas');
#4648=IFCMATERIALCONSTITUENT('Holz - Birke',$,#1445,$,'Holz');
#4649=IFCMATERIALCONSTITUENT('Metall - Aluminium',$,#3777,$,'Metall');
#4650=IFCMATERIALCONSTITUENT('Kunststoff - Wei\X2\00DF\X0\',$,#3778,$,'Kunststoff');
#4651=IFCMATERIALCONSTITUENTSET($,$,(#4647,#4648,#4649,#4650));
#4652=IFCPROPERTYSET('3XYKwge_nKRouGH_h9wTo3',#18,'Pset_EnvironmentalImpactIndicators',$,(#3807));
#4653=IFCPROPERTYSET('35DkwiHEEEszZyk4HMhcm_',#18,'Pset_WindowCommon',$,(#635,#3807));
#4654=IFCRELDEFINESBYPROPERTIES('3$qwmJ5lpF9bI0wIJUIbE6',#18,$,$,(#4646),#4652);
#4655=IFCRELDEFINESBYPROPERTIES('2vpgE4hJaiuBZco0doLIsF',#18,$,$,(#4646),#4653);
#4656=IFCMAPPEDITEM(#3773,#124);
#4657=IFCSHAPEREPRESENTATION(#24,'Body','MappedRepresentation',(#4656));
#4658=IFCPRODUCTDEFINITIONSHAPE($,$,(#4657));
#4659=IFCCARTESIANPOINT((-18.9940591710596,17.4006498923767,1.));
#4660=IFCAXIS2PLACEMENT3D(#4659,#9,#7);
#4662=IFCWINDOW('20LeAmtxjFagTYkRE7cvuw',#18,'Fenster 2-flg - Variabel:Fenster 2-flg - Variabel:504034',$,'Fenster 2-flg - Variabel:Fenster 2-flg - Variabel',#6304,#4658,'504034',1.26,2.01,.WINDOW.,.NOTDEFINED.,$);
#4663=IFCMATERIALCONSTITUENT('Glas',$,#3776,$,'Glas');
#4664=IFCMATERIALCONSTITUENT('Holz - Birke',$,#1445,$,'Holz');
#4665=IFCMATERIALCONSTITUENT('Metall - Aluminium',$,#3777,$,'Metall');
#4666=IFCMATERIALCONSTITUENT('Kunststoff - Wei\X2\00DF\X0\',$,#3778,$,'Kunststoff');
#4667=IFCMATERIALCONSTITUENTSET($,$,(#4663,#4664,#4665,#4666));
#4668=IFCPROPERTYSET('2YHC7S4vFz8L0B4T8FTYTA',#18,'Pset_EnvironmentalImpactIndicators',$,(#3807));
#4669=IFCPROPERTYSET('2byRLsGTxdQ0CtL3wc3R0w',#18,'Pset_WindowCommon',$,(#635,#3807));
#4670=IFCRELDEFINESBYPROPERTIES('20hIq9XbozkiJ_j2Lai5oH',#18,$,$,(#4662),#4668);
#4671=IFCRELDEFINESBYPROPERTIES('2_8D0ii1fmll$_m1wwCtxG',#18,$,$,(#4662),#4669);
#4672=IFCMAPPEDITEM(#3773,#124);
#4673=IFCSHAPEREPRESENTATION(#24,'Body','MappedRepresentation',(#4672));
#4674=IFCPRODUCTDEFINITIONSHAPE($,$,(#4673));
#4675=IFCCARTESIANPOINT((-22.9940591710597,19.4856498923767,1.));
#4676=IFCAXIS2PLACEMENT3D(#4675,#9,#8);
#4678=IFCWINDOW('20LeAmtxjFagTYkRE7cv$p',#18,'Fenster 2-flg - Variabel:Fenster 2-flg - Variabel:504107',$,'Fenster 2-flg - Variabel:Fenster 2-flg - Variabel',#6099,#4674,'504107',1.26,2.01,.WINDOW.,.NOTDEFINED.,$);
#4679=IFCMATERIALCONSTITUENT('Glas',$,#3776,$,'Glas');
#4680=IFCMATERIALCONSTITUENT('Holz - Birke',$,#1445,$,'Holz');
#4681=IFCMATERIALCONSTITUENT('Metall - Aluminium',$,#3777,$,'Metall');
#4682=IFCMATERIALCONSTITUENT('Kunststoff - Wei\X2\00DF\X0\',$,#3778,$,'Kunststoff');
#4683=IFCMATERIALCONSTITUENTSET($,$,(#4679,#4680,#4681,#4682));
#4684=IFCPROPERTYSET('2q7nSovHkgMIC_8puiz8pq',#18,'Pset_EnvironmentalImpactIndicators',$,(#3807));
#4685=IFCPROPERTYSET('3eLkkQOlOLz6ejJInQt8vO',#18,'Pset_WindowCommon',$,(#635,#3807));
#4686=IFCRELDEFINESBYPROPERTIES('1XviLZp_d461MZ3rlbZpb4',#18,$,$,(#4678),#4684);
#4687=IFCRELDEFINESBYPROPERTIES('0cxF1T6DAomPA5Heb2D8J_',#18,$,$,(#4678),#4685);
#4688=IFCMAPPEDITEM(#3773,#124);
#4689=IFCSHAPEREPRESENTATION(#24,'Body','MappedRepresentation',(#4688));
#4690=IFCPRODUCTDEFINITIONSHAPE($,$,(#4689));
#4691=IFCCARTESIANPOINT((-22.9940591710597,23.4956498923767,1.));
#4692=IFCAXIS2PLACEMENT3D(#4691,#9,#8);
#4694=IFCWINDOW('20LeAmtxjFagTYkRE7cv_E',#18,'Fenster 2-flg - Variabel:Fenster 2-flg - Variabel:504150',$,'Fenster 2-flg - Variabel:Fenster 2-flg - Variabel',#6115,#4690,'504150',1.26,2.01,.WINDOW.,.NOTDEFINED.,$);
#4695=IFCMATERIALCONSTITUENT('Glas',$,#3776,$,'Glas');
#4696=IFCMATERIALCONSTITUENT('Holz - Birke',$,#1445,$,'Holz');
#4697=IFCMATERIALCONSTITUENT('Metall - Aluminium',$,#3777,$,'Metall');
#4698=IFCMATERIALCONSTITUENT('Kunststoff - Wei\X2\00DF\X0\',$,#3778,$,'Kunststoff');
#4699=IFCMATERIALCONSTITUENTSET($,$,(#4695,#4696,#4697,#4698));
#4700=IFCPROPERTYSET('1YuQXVizDPwdPPWLqys$1T',#18,'Pset_EnvironmentalImpactIndicators',$,(#3807));
#4701=IFCPROPERTYSET('2ZYf72ZMB6zQK2Klgt3rWN',#18,'Pset_WindowCommon',$,(#635,#3807));
#4702=IFCRELDEFINESBYPROPERTIES('100FsLG_RIHNBwnX_Y82AP',#18,$,$,(#4694),#4700);
#4703=IFCRELDEFINESBYPROPERTIES('0j$USS_y1zCesagc62xDYL',#18,$,$,(#4694),#4701);
#4704=IFCMAPPEDITEM(#3773,#124);
#4705=IFCSHAPEREPRESENTATION(#24,'Body','MappedRepresentation',(#4704));
#4706=IFCPRODUCTDEFINITIONSHAPE($,$,(#4705));
#4707=IFCCARTESIANPOINT((-18.9940591710596,21.5431498923767,1.));
#4708=IFCAXIS2PLACEMENT3D(#4707,#9,#7);
#4710=IFCWINDOW('20LeAmtxjFagTYkRE7cv_b',#18,'Fenster 2-flg - Variabel:Fenster 2-flg - Variabel:504189',$,'Fenster 2-flg - Variabel:Fenster 2-flg - Variabel',#6320,#4706,'504189',1.26,2.01,.WINDOW.,.NOTDEFINED.,$);
#4711=IFCMATERIALCONSTITUENT('Glas',$,#3776,$,'Glas');
#4712=IFCMATERIALCONSTITUENT('Holz - Birke',$,#1445,$,'Holz');
#4713=IFCMATERIALCONSTITUENT('Metall - Aluminium',$,#3777,$,'Metall');
#4714=IFCMATERIALCONSTITUENT('Kunststoff - Wei\X2\00DF\X0\',$,#3778,$,'Kunststoff');
#4715=IFCMATERIALCONSTITUENTSET($,$,(#4711,#4712,#4713,#4714));
#4716=IFCPROPERTYSET('3JHu_OIyd1UHU9bu2M2T1R',#18,'Pset_EnvironmentalImpactIndicators',$,(#3807));
#4717=IFCPROPERTYSET('2OKeRiCwqJBm8gYRB_T2Vb',#18,'Pset_WindowCommon',$,(#635,#3807));
#4718=IFCRELDEFINESBYPROPERTIES('1jPxCCbI0eD$taqDn1nsnm',#18,$,$,(#4710),#4716);
#4719=IFCRELDEFINESBYPROPERTIES('2egffkQXDolyZb6GHxl70t',#18,$,$,(#4710),#4717);
#4720=IFCMAPPEDITEM(#3773,#124);
#4721=IFCSHAPEREPRESENTATION(#24,'Body','MappedRepresentation',(#4720));
#4722=IFCPRODUCTDEFINITIONSHAPE($,$,(#4721));
#4723=IFCCARTESIANPOINT((-16.8940591710596,24.7531498923767,1.));
#4724=IFCAXIS2PLACEMENT3D(#4723,$,$);
#4726=IFCWINDOW('20LeAmtxjFagTYkRE7cvz_',#18,'Fenster 2-flg - Variabel:Fenster 2-flg - Variabel:504230',$,'Fenster 2-flg - Variabel:Fenster 2-flg - Variabel',#6604,#4722,'504230',1.26,2.01,.WINDOW.,.NOTDEFINED.,$);
#4727=IFCMATERIALCONSTITUENT('Glas',$,#3776,$,'Glas');
#4728=IFCMATERIALCONSTITUENT('Holz - Birke',$,#1445,$,'Holz');
#4729=IFCMATERIALCONSTITUENT('Metall - Aluminium',$,#3777,$,'Metall');
#4730=IFCMATERIALCONSTITUENT('Kunststoff - Wei\X2\00DF\X0\',$,#3778,$,'Kunststoff');
#4731=IFCMATERIALCONSTITUENTSET($,$,(#4727,#4728,#4729,#4730));
#4732=IFCPROPERTYSET('3tsS4AucrnVlJwRRq$B5jO',#18,'Pset_EnvironmentalImpactIndicators',$,(#3807));
#4733=IFCPROPERTYSET('1oSTlsLvjdhhgg9Yb7DnmM',#18,'Pset_WindowCommon',$,(#635,#3807));
#4734=IFCRELDEFINESBYPROPERTIES('2ojhDC7qf3RwnkjCK_I0kB',#18,$,$,(#4726),#4732);
#4735=IFCRELDEFINESBYPROPERTIES('2X4gV7qaNwv6q626VPz8XJ',#18,$,$,(#4726),#4733);
#4736=IFCMAPPEDITEM(#3773,#124);
#4737=IFCSHAPEREPRESENTATION(#24,'Body','MappedRepresentation',(#4736));
#4738=IFCPRODUCTDEFINITIONSHAPE($,$,(#4737));
#4739=IFCCARTESIANPOINT((-14.9840591710596,29.7531498923767,1.));
#4740=IFCAXIS2PLACEMENT3D(#4739,#9,#6);
#4742=IFCWINDOW('20LeAmtxjFagTYkRE7cvy3',#18,'Fenster 2-flg - Variabel:Fenster 2-flg - Variabel:504283',$,'Fenster 2-flg - Variabel:Fenster 2-flg - Variabel',#6416,#4738,'504283',1.26,2.01,.WINDOW.,.NOTDEFINED.,$);
#4743=IFCMATERIALCONSTITUENT('Glas',$,#3776,$,'Glas');
#4744=IFCMATERIALCONSTITUENT('Holz - Birke',$,#1445,$,'Holz');
#4745=IFCMATERIALCONSTITUENT('Metall - Aluminium',$,#3777,$,'Metall');
#4746=IFCMATERIALCONSTITUENT('Kunststoff - Wei\X2\00DF\X0\',$,#3778,$,'Kunststoff');
#4747=IFCMATERIALCONSTITUENTSET($,$,(#4743,#4744,#4745,#4746));
#4748=IFCPROPERTYSET('243PVzimcrlQ5jfuxNzbJo',#18,'Pset_EnvironmentalImpactIndicators',$,(#3807));
#4749=IFCPROPERTYSET('1jgCejWtLZa_C70M$i8E4f',#18,'Pset_WindowCommon',$,(#635,#3807));
#4750=IFCRELDEFINESBYPROPERTIES('37APq0qU4R9XUpFVb0x1Mn',#18,$,$,(#4742),#4748);
#4751=IFCRELDEFINESBYPROPERTIES('1uNEGNhcv_t00TlsTNRI5M',#18,$,$,(#4742),#4749);
#4752=IFCMAPPEDITEM(#3773,#124);
#4753=IFCSHAPEREPRESENTATION(#24,'Body','MappedRepresentation',(#4752));
#4754=IFCPRODUCTDEFINITIONSHAPE($,$,(#4753));
#4755=IFCCARTESIANPOINT((-9.37405917105964,29.7531498923767,1.));
#4756=IFCAXIS2PLACEMENT3D(#4755,#9,#6);
#4758=IFCWINDOW('20LeAmtxjFagTYkRE7cvyY',#18,'Fenster 2-flg - Variabel:Fenster 2-flg - Variabel:504314',$,'Fenster 2-flg - Variabel:Fenster 2-flg - Variabel',#6432,#4754,'504314',1.26,2.01,.WINDOW.,.NOTDEFINED.,$);
#4759=IFCMATERIALCONSTITUENT('Glas',$,#3776,$,'Glas');
#4760=IFCMATERIALCONSTITUENT('Holz - Birke',$,#1445,$,'Holz');
#4761=IFCMATERIALCONSTITUENT('Metall - Aluminium',$,#3777,$,'Metall');
#4762=IFCMATERIALCONSTITUENT('Kunststoff - Wei\X2\00DF\X0\',$,#3778,$,'Kunststoff');
#4763=IFCMATERIALCONSTITUENTSET($,$,(#4759,#4760,#4761,#4762));
#4764=IFCPROPERTYSET('0YHhkXUpP3Nsw7e22imHSA',#18,'Pset_EnvironmentalImpactIndicators',$,(#3807));
#4765=IFCPROPERTYSET('1QXJZ$GPTRc$zNDZu1prRp',#18,'Pset_WindowCommon',$,(#635,#3807));
#4766=IFCRELDEFINESBYPROPERTIES('29ixu7IPfzks1wGsbXRIjd',#18,$,$,(#4758),#4764);
#4767=IFCRELDEFINESBYPROPERTIES('19kgU$PhPHaPNX3E5xJBRm',#18,$,$,(#4758),#4765);
#4768=IFCMAPPEDITEM(#3773,#124);
#4769=IFCSHAPEREPRESENTATION(#24,'Body','MappedRepresentation',(#4768));
#4770=IFCPRODUCTDEFINITIONSHAPE($,$,(#4769));
#4771=IFCCARTESIANPOINT((-10.9840591710596,24.7531498923767,1.));
#4772=IFCAXIS2PLACEMENT3D(#4771,$,$);
#4774=IFCWINDOW('20LeAmtxjFagTYkRE7cvpz',#18,'Fenster 2-flg - Variabel:Fenster 2-flg - Variabel:504357',$,'Fenster 2-flg - Variabel:Fenster 2-flg - Variabel',#6620,#4770,'504357',1.26,2.01,.WINDOW.,.NOTDEFINED.,$);
#4775=IFCMATERIALCONSTITUENT('Glas',$,#3776,$,'Glas');
#4776=IFCMATERIALCONSTITUENT('Holz - Birke',$,#1445,$,'Holz');
#4777=IFCMATERIALCONSTITUENT('Metall - Aluminium',$,#3777,$,'Metall');
#4778=IFCMATERIALCONSTITUENT('Kunststoff - Wei\X2\00DF\X0\',$,#3778,$,'Kunststoff');
#4779=IFCMATERIALCONSTITUENTSET($,$,(#4775,#4776,#4777,#4778));
#4780=IFCPROPERTYSET('098gkmt04J6vmsPUomiVKC',#18,'Pset_EnvironmentalImpactIndicators',$,(#3807));
#4781=IFCPROPERTYSET('1GbRJhZSmHNDOTYtcDoSuO',#18,'Pset_WindowCommon',$,(#635,#3807));
#4782=IFCRELDEFINESBYPROPERTIES('0Paq0Xh89EtlQgazZ510IO',#18,$,$,(#4774),#4780);
#4783=IFCRELDEFINESBYPROPERTIES('07kVBdp7ZU7mssfDr6nJ8j',#18,$,$,(#4774),#4781);
#4784=IFCMAPPEDITEM(#3773,#124);
#4785=IFCSHAPEREPRESENTATION(#24,'Body','MappedRepresentation',(#4784));
#4786=IFCPRODUCTDEFINITIONSHAPE($,$,(#4785));
#4787=IFCCARTESIANPOINT((-3.99405917105965,26.6431498923767,1.));
#4788=IFCAXIS2PLACEMENT3D(#4787,#9,#7);
#4790=IFCWINDOW('20LeAmtxjFagTYkRE7cvoS',#18,'Fenster 2-flg - Variabel:Fenster 2-flg - Variabel:504388',$,'Fenster 2-flg - Variabel:Fenster 2-flg - Variabel',#5907,#4786,'504388',1.26,2.01,.WINDOW.,.NOTDEFINED.,$);
#4791=IFCMATERIALCONSTITUENT('Glas',$,#3776,$,'Glas');
#4792=IFCMATERIALCONSTITUENT('Holz - Birke',$,#1445,$,'Holz');
#4793=IFCMATERIALCONSTITUENT('Metall - Aluminium',$,#3777,$,'Metall');
#4794=IFCMATERIALCONSTITUENT('Kunststoff - Wei\X2\00DF\X0\',$,#3778,$,'Kunststoff');
#4795=IFCMATERIALCONSTITUENTSET($,$,(#4791,#4792,#4793,#4794));
#4796=IFCPROPERTYSET('3w38bISC7mvUbFJ68Vl_4Y',#18,'Pset_EnvironmentalImpactIndicators',$,(#3807));
#4797=IFCPROPERTYSET('2SOGfYUMxlQ8no$nNuLzOH',#18,'Pset_WindowCommon',$,(#635,#3807));
#4798=IFCRELDEFINESBYPROPERTIES('3hrxOzT0pmsnT__3OGQ7i0',#18,$,$,(#4790),#4796);
#4799=IFCRELDEFINESBYPROPERTIES('1_N6_lsdEur0ZqFt_wn6Vm',#18,$,$,(#4790),#4797);
#4800=IFCMAPPEDITEM(#3773,#124);
#4801=IFCSHAPEREPRESENTATION(#24,'Body','MappedRepresentation',(#4800));
#4802=IFCPRODUCTDEFINITIONSHAPE($,$,(#4801));
#4803=IFCCARTESIANPOINT((-9.59405917105964,-4.24685010762331,1.));
#4804=IFCAXIS2PLACEMENT3D(#4803,#9,#6);
#4806=IFCWINDOW('20LeAmtxjFagTYkRE7cvtb',#18,'Fenster 2-flg - Variabel:Fenster 2-flg - Variabel:504637',$,'Fenster 2-flg - Variabel:Fenster 2-flg - Variabel',#6210,#4802,'504637',1.26,2.01,.WINDOW.,.NOTDEFINED.,$);
#4807=IFCMATERIALCONSTITUENT('Glas',$,#3776,$,'Glas');
#4808=IFCMATERIALCONSTITUENT('Holz - Birke',$,#1445,$,'Holz');
#4809=IFCMATERIALCONSTITUENT('Metall - Aluminium',$,#3777,$,'Metall');
#4810=IFCMATERIALCONSTITUENT('Kunststoff - Wei\X2\00DF\X0\',$,#3778,$,'Kunststoff');
#4811=IFCMATERIALCONSTITUENTSET($,$,(#4807,#4808,#4809,#4810));
#4812=IFCPROPERTYSET('1n8T$iHBbMC9WJg2XOBrOJ',#18,'Pset_EnvironmentalImpactIndicators',$,(#3807));
#4813=IFCPROPERTYSET('2kzBloke0U1YomTqoo2iJu',#18,'Pset_WindowCommon',$,(#635,#3807));
#4814=IFCRELDEFINESBYPROPERTIES('3vFs90197iE1LeARFvn4zG',#18,$,$,(#4806),#4812);
#4815=IFCRELDEFINESBYPROPERTIES('2tUFUemOMGFkjV4HtyuHNy',#18,$,$,(#4806),#4813);
#4816=IFCMAPPEDITEM(#3773,#124);
#4817=IFCSHAPEREPRESENTATION(#24,'Body','MappedRepresentation',(#4816));
#4818=IFCPRODUCTDEFINITIONSHAPE($,$,(#4817));
#4819=IFCCARTESIANPOINT((-14.7840591710597,-4.24685010762329,1.));
#4820=IFCAXIS2PLACEMENT3D(#4819,#9,#6);
#4822=IFCWINDOW('20LeAmtxjFagTYkRE7cvsc',#18,'Fenster 2-flg - Variabel:Fenster 2-flg - Variabel:504702',$,'Fenster 2-flg - Variabel:Fenster 2-flg - Variabel',#6226,#4818,'504702',1.26,2.01,.WINDOW.,.NOTDEFINED.,$);
#4823=IFCMATERIALCONSTITUENT('Glas',$,#3776,$,'Glas');
#4824=IFCMATERIALCONSTITUENT('Holz - Birke',$,#1445,$,'Holz');
#4825=IFCMATERIALCONSTITUENT('Metall - Aluminium',$,#3777,$,'Metall');
#4826=IFCMATERIALCONSTITUENT('Kunststoff - Wei\X2\00DF\X0\',$,#3778,$,'Kunststoff');
#4827=IFCMATERIALCONSTITUENTSET($,$,(#4823,#4824,#4825,#4826));
#4828=IFCPROPERTYSET('1PmCE$LYrk_hEZFEkyY89u',#18,'Pset_EnvironmentalImpactIndicators',$,(#3807));
#4829=IFCPROPERTYSET('09fvrLlBFFfIr_vhBgsOoe',#18,'Pset_WindowCommon',$,(#635,#3807));
#4830=IFCRELDEFINESBYPROPERTIES('3dHgXd6lLfp2wUDzi7md8k',#18,$,$,(#4822),#4828);
#4831=IFCRELDEFINESBYPROPERTIES('1eNfTNLOvmUX22FO$JU3xc',#18,$,$,(#4822),#4829);
#4832=IFCMAPPEDITEM(#3773,#124);
#4833=IFCSHAPEREPRESENTATION(#24,'Body','MappedRepresentation',(#4832));
#4834=IFCPRODUCTDEFINITIONSHAPE($,$,(#4833));
#4835=IFCCARTESIANPOINT((-16.7365591710596,-9.24685010762329,1.));
#4836=IFCAXIS2PLACEMENT3D(#4835,$,$);
#4838=IFCWINDOW('20LeAmtxjFagTYkRE7cvqL',#18,'Fenster 2-flg - Variabel:Fenster 2-flg - Variabel:504781',$,'Fenster 2-flg - Variabel:Fenster 2-flg - Variabel',#6636,#4834,'504781',1.26,2.01,.WINDOW.,.NOTDEFINED.,$);
#4839=IFCMATERIALCONSTITUENT('Glas',$,#3776,$,'Glas');
#4840=IFCMATERIALCONSTITUENT('Holz - Birke',$,#1445,$,'Holz');
#4841=IFCMATERIALCONSTITUENT('Metall - Aluminium',$,#3777,$,'Metall');
#4842=IFCMATERIALCONSTITUENT('Kunststoff - Wei\X2\00DF\X0\',$,#3778,$,'Kunststoff');
#4843=IFCMATERIALCONSTITUENTSET($,$,(#4839,#4840,#4841,#4842));
#4844=IFCPROPERTYSET('3soe$rLCznEkoM_niQtrZq',#18,'Pset_EnvironmentalImpactIndicators',$,(#3807));
#4845=IFCPROPERTYSET('3YbhR9h1E$A_4b4fuID6tF',#18,'Pset_WindowCommon',$,(#635,#3807));
#4846=IFCRELDEFINESBYPROPERTIES('2vyM4JUfJzFS5qeIA4Yaor',#18,$,$,(#4838),#4844);
#4847=IFCRELDEFINESBYPROPERTIES('1fbEl0uaGNeGqN2X$9J_xz',#18,$,$,(#4838),#4845);
#4848=IFCMAPPEDITEM(#3773,#124);
#4849=IFCSHAPEREPRESENTATION(#24,'Body','MappedRepresentation',(#4848));
#4850=IFCPRODUCTDEFINITIONSHAPE($,$,(#4849));
#4851=IFCCARTESIANPOINT((-11.3265591710596,-9.24685010762331,1.));
#4852=IFCAXIS2PLACEMENT3D(#4851,$,$);
#4854=IFCWINDOW('20LeAmtxjFagTYkRE7cvqm',#18,'Fenster 2-flg - Variabel:Fenster 2-flg - Variabel:504808',$,'Fenster 2-flg - Variabel:Fenster 2-flg - Variabel',#6652,#4850,'504808',1.26,2.01,.WINDOW.,.NOTDEFINED.,$);
#4855=IFCMATERIALCONSTITUENT('Glas',$,#3776,$,'Glas');
#4856=IFCMATERIALCONSTITUENT('Holz - Birke',$,#1445,$,'Holz');
#4857=IFCMATERIALCONSTITUENT('Metall - Aluminium',$,#3777,$,'Metall');
#4858=IFCMATERIALCONSTITUENT('Kunststoff - Wei\X2\00DF\X0\',$,#3778,$,'Kunststoff');
#4859=IFCMATERIALCONSTITUENTSET($,$,(#4855,#4856,#4857,#4858));
#4860=IFCPROPERTYSET('1ge_O6xOXWul6LVaepCWcg',#18,'Pset_EnvironmentalImpactIndicators',$,(#3807));
#4861=IFCPROPERTYSET('2stacXlr$IVdmato2asKVn',#18,'Pset_WindowCommon',$,(#635,#3807));
#4862=IFCRELDEFINESBYPROPERTIES('1GItBy9RjeJsrNYVK$Z87s',#18,$,$,(#4854),#4860);
#4863=IFCRELDEFINESBYPROPERTIES('0noz0M2a2i94g7W6_9Xis2',#18,$,$,(#4854),#4861);
#4864=IFCMAPPEDITEM(#3773,#124);
#4865=IFCSHAPEREPRESENTATION(#24,'Body','MappedRepresentation',(#4864));
#4866=IFCPRODUCTDEFINITIONSHAPE($,$,(#4865));
#4867=IFCCARTESIANPOINT((-3.99405917105964,-7.75185010762333,1.));
#4868=IFCAXIS2PLACEMENT3D(#4867,#9,#7);
#4870=IFCWINDOW('20LeAmtxjFagTYkRE7cvg5',#18,'Fenster 2-flg - Variabel:Fenster 2-flg - Variabel:504925',$,'Fenster 2-flg - Variabel:Fenster 2-flg - Variabel',#6131,#4866,'504925',1.26,2.01,.WINDOW.,.NOTDEFINED.,$);
#4871=IFCMATERIALCONSTITUENT('Glas',$,#3776,$,'Glas');
#4872=IFCMATERIALCONSTITUENT('Holz - Birke',$,#1445,$,'Holz');
#4873=IFCMATERIALCONSTITUENT('Metall - Aluminium',$,#3777,$,'Metall');
#4874=IFCMATERIALCONSTITUENT('Kunststoff - Wei\X2\00DF\X0\',$,#3778,$,'Kunststoff');
#4875=IFCMATERIALCONSTITUENTSET($,$,(#4871,#4872,#4873,#4874));
#4876=IFCPROPERTYSET('1l_CpBRLWN$_MF56g_6wt$',#18,'Pset_EnvironmentalImpactIndicators',$,(#3807));
#4877=IFCPROPERTYSET('0gfjW$pEc$z0Mk5vKzQvFe',#18,'Pset_WindowCommon',$,(#635,#3807));
#4878=IFCRELDEFINESBYPROPERTIES('2iT15ub7k7NyTUUEZ29m4P',#18,$,$,(#4870),#4876);
#4879=IFCRELDEFINESBYPROPERTIES('31vcpUMu92Au59lj0$7FvV',#18,$,$,(#4870),#4877);
#4880=IFCMAPPEDITEM(#3773,#124);
#4881=IFCSHAPEREPRESENTATION(#24,'Body','MappedRepresentation',(#4880));
#4882=IFCPRODUCTDEFINITIONSHAPE($,$,(#4881));
#4883=IFCCARTESIANPOINT((-3.99405917105966,26.2481498923767,1.));
#4884=IFCAXIS2PLACEMENT3D(#4883,#9,#7);
#4886=IFCWINDOW('20LeAmtxjFagTYkRE7cvfu',#18,'Fenster 2-flg - Variabel:Fenster 2-flg - Variabel:504992',$,'Fenster 2-flg - Variabel:Fenster 2-flg - Variabel',#5923,#4882,'504992',1.26,2.01,.WINDOW.,.NOTDEFINED.,$);
#4887=IFCMATERIALCONSTITUENT('Glas',$,#3776,$,'Glas');
#4888=IFCMATERIALCONSTITUENT('Holz - Birke',$,#1445,$,'Holz');
#4889=IFCMATERIALCONSTITUENT('Metall - Aluminium',$,#3777,$,'Metall');
#4890=IFCMATERIALCONSTITUENT('Kunststoff - Wei\X2\00DF\X0\',$,#3778,$,'Kunststoff');
#4891=IFCMATERIALCONSTITUENTSET($,$,(#4887,#4888,#4889,#4890));
#4892=IFCPROPERTYSET('0wAbgg3WzuqU1Akwuunatj',#18,'Pset_EnvironmentalImpactIndicators',$,(#3807));
#4893=IFCPROPERTYSET('0MpiPrUel0omu_D1xKIr6K',#18,'Pset_WindowCommon',$,(#635,#3807));
#4894=IFCRELDEFINESBYPROPERTIES('30KvzoFi6ybqJed$VROa$V',#18,$,$,(#4886),#4892);
#4895=IFCRELDEFINESBYPROPERTIES('21Q4DYMzCI3ODCiy8Pr$Sw',#18,$,$,(#4886),#4893);
#4896=IFCMAPPEDITEM(#3773,#124);
#4897=IFCSHAPEREPRESENTATION(#24,'Body','MappedRepresentation',(#4896));
#4898=IFCPRODUCTDEFINITIONSHAPE($,$,(#4897));
#4899=IFCCARTESIANPOINT((-9.59405917105966,29.7531498923767,1.));
#4900=IFCAXIS2PLACEMENT3D(#4899,#9,#6);
#4902=IFCWINDOW('20LeAmtxjFagTYkRE7cvlT',#18,'Fenster 2-flg - Variabel:Fenster 2-flg - Variabel:505093',$,'Fenster 2-flg - Variabel:Fenster 2-flg - Variabel',#6448,#4898,'505093',1.26,2.01,.WINDOW.,.NOTDEFINED.,$);
#4903=IFCMATERIALCONSTITUENT('Glas',$,#3776,$,'Glas');
#4904=IFCMATERIALCONSTITUENT('Holz - Birke',$,#1445,$,'Holz');
#4905=IFCMATERIALCONSTITUENT('Metall - Aluminium',$,#3777,$,'Metall');
#4906=IFCMATERIALCONSTITUENT('Kunststoff - Wei\X2\00DF\X0\',$,#3778,$,'Kunststoff');
#4907=IFCMATERIALCONSTITUENTSET($,$,(#4903,#4904,#4905,#4906));
#4908=IFCPROPERTYSET('3MQhZfV4k3JDaQlEibVAbf',#18,'Pset_EnvironmentalImpactIndicators',$,(#3807));
#4909=IFCPROPERTYSET('01ikEZ4CiMxULEbT4vHcVA',#18,'Pset_WindowCommon',$,(#635,#3807));
#4910=IFCRELDEFINESBYPROPERTIES('0zjYI_atjAbENeLU$DhUq$',#18,$,$,(#4902),#4908);
#4911=IFCRELDEFINESBYPROPERTIES('1F5y8H0C5KextN_nmQPkil',#18,$,$,(#4902),#4909);
#4912=IFCMAPPEDITEM(#3773,#124);
#4913=IFCSHAPEREPRESENTATION(#24,'Body','MappedRepresentation',(#4912));
#4914=IFCPRODUCTDEFINITIONSHAPE($,$,(#4913));
#4915=IFCCARTESIANPOINT((-11.4040591710597,24.7531498923767,1.));
#4916=IFCAXIS2PLACEMENT3D(#4915,$,$);
#4918=IFCWINDOW('20LeAmtxjFagTYkRE7cvkS',#18,'Fenster 2-flg - Variabel:Fenster 2-flg - Variabel:505156',$,'Fenster 2-flg - Variabel:Fenster 2-flg - Variabel',#6668,#4914,'505156',1.26,2.01,.WINDOW.,.NOTDEFINED.,$);
#4919=IFCMATERIALCONSTITUENT('Glas',$,#3776,$,'Glas');
#4920=IFCMATERIALCONSTITUENT('Holz - Birke',$,#1445,$,'Holz');
#4921=IFCMATERIALCONSTITUENT('Metall - Aluminium',$,#3777,$,'Metall');
#4922=IFCMATERIALCONSTITUENT('Kunststoff - Wei\X2\00DF\X0\',$,#3778,$,'Kunststoff');
#4923=IFCMATERIALCONSTITUENTSET($,$,(#4919,#4920,#4921,#4922));
#4924=IFCPROPERTYSET('1KY$r5YvWqy79m6o6lIw1a',#18,'Pset_EnvironmentalImpactIndicators',$,(#3807));
#4925=IFCPROPERTYSET('3YwWrjtlgCav2MGDlSgdDW',#18,'Pset_WindowCommon',$,(#635,#3807));
#4926=IFCRELDEFINESBYPROPERTIES('1A_QQ_Bbqb2ZY_5SCUa_Ah',#18,$,$,(#4918),#4924);
#4927=IFCRELDEFINESBYPROPERTIES('0$Yue0CMw7ChwLf6awDVJZ',#18,$,$,(#4918),#4925);
#4928=IFCMAPPEDITEM(#3773,#124);
#4929=IFCSHAPEREPRESENTATION(#24,'Body','MappedRepresentation',(#4928));
#4930=IFCPRODUCTDEFINITIONSHAPE($,$,(#4929));
#4931=IFCCARTESIANPOINT((-15.1840591710596,29.7531498923767,1.));
#4932=IFCAXIS2PLACEMENT3D(#4931,#9,#6);
#4934=IFCWINDOW('20LeAmtxjFagTYkRE7cvkX',#18,'Fenster 2-flg - Variabel:Fenster 2-flg - Variabel:505209',$,'Fenster 2-flg - Variabel:Fenster 2-flg - Variabel',#6464,#4930,'505209',1.26,2.01,.WINDOW.,.NOTDEFINED.,$);
#4935=IFCMATERIALCONSTITUENT('Glas',$,#3776,$,'Glas');
#4936=IFCMATERIALCONSTITUENT('Holz - Birke',$,#1445,$,'Holz');
#4937=IFCMATERIALCONSTITUENT('Metall - Aluminium',$,#3777,$,'Metall');
#4938=IFCMATERIALCONSTITUENT('Kunststoff - Wei\X2\00DF\X0\',$,#3778,$,'Kunststoff');
#4939=IFCMATERIALCONSTITUENTSET($,$,(#4935,#4936,#4937,#4938));
#4940=IFCPROPERTYSET('0VPLck4O4JFjPpEWKgJJkW',#18,'Pset_EnvironmentalImpactIndicators',$,(#3807));
#4941=IFCPROPERTYSET('3Ol0V5$N_ta9gI$RhGcsR$',#18,'Pset_WindowCommon',$,(#635,#3807));
#4942=IFCRELDEFINESBYPROPERTIES('1MHcjKwRc3wjIFNhxBqK6E',#18,$,$,(#4934),#4940);
#4943=IFCRELDEFINESBYPROPERTIES('1qdx$3igKrVabql9aXxQz$',#18,$,$,(#4934),#4941);
#4944=IFCMAPPEDITEM(#3773,#124);
#4945=IFCSHAPEREPRESENTATION(#24,'Body','MappedRepresentation',(#4944));
#4946=IFCPRODUCTDEFINITIONSHAPE($,$,(#4945));
#4947=IFCCARTESIANPOINT((-16.8940591710596,24.7531498923767,1.));
#4948=IFCAXIS2PLACEMENT3D(#4947,$,$);
#4950=IFCWINDOW('20LeAmtxjFagTYkRE7cvjy',#18,'Fenster 2-flg - Variabel:Fenster 2-flg - Variabel:505252',$,'Fenster 2-flg - Variabel:Fenster 2-flg - Variabel',#6684,#4946,'505252',1.26,2.01,.WINDOW.,.NOTDEFINED.,$);
#4951=IFCMATERIALCONSTITUENT('Glas',$,#3776,$,'Glas');
#4952=IFCMATERIALCONSTITUENT('Holz - Birke',$,#1445,$,'Holz');
#4953=IFCMATERIALCONSTITUENT('Metall - Aluminium',$,#3777,$,'Metall');
#4954=IFCMATERIALCONSTITUENT('Kunststoff - Wei\X2\00DF\X0\',$,#3778,$,'Kunststoff');
#4955=IFCMATERIALCONSTITUENTSET($,$,(#4951,#4952,#4953,#4954));
#4956=IFCPROPERTYSET('2hZRLvFfbevrTiXuQAac7G',#18,'Pset_EnvironmentalImpactIndicators',$,(#3807));
#4957=IFCPROPERTYSET('1M0ZlM6Nz$dy8JN60OhhVq',#18,'Pset_WindowCommon',$,(#635,#3807));
#4958=IFCRELDEFINESBYPROPERTIES('1l$C$tBw2c1Gxvbosektaf',#18,$,$,(#4950),#4956);
#4959=IFCRELDEFINESBYPROPERTIES('3L3Mwr8$IIvJXqHVFvurZd',#18,$,$,(#4950),#4957);
#4960=IFCMAPPEDITEM(#4483,#124);
#4961=IFCSHAPEREPRESENTATION(#24,'Body','MappedRepresentation',(#4960));
#4962=IFCPRODUCTDEFINITIONSHAPE($,$,(#4961));
#4963=IFCCARTESIANPOINT((-14.8090591710596,24.9531498923767,0.));
#4964=IFCAXIS2PLACEMENT3D(#4963,#9,#6);
#4966=IFCDOOR('3$2VM3JKb4Xw__al4bRvkL',#18,'Drehfl\X2\00FC\X0\gel 2-flg - Stahlzarge:1.885 x 2.26:505380',$,'Drehfl\X2\00FC\X0\gel 2-flg - Stahlzarge:1.885 x 2.26',#6699,#4962,'505380',2.35999999999998,1.885,.DOOR.,.DOUBLE_DOOR_SINGLE_SWING.,$);
#4967=IFCMATERIALCONSTITUENT('Metall - Chrom',$,#3576,$,'Metall');
#4968=IFCMATERIALCONSTITUENT('Holz - Birke',$,#1445,$,'Holz');
#4969=IFCMATERIALCONSTITUENT('Metall - lackiert, grau',$,#1462,$,'Farbe');
#4970=IFCMATERIALCONSTITUENTSET($,$,(#4967,#4968,#4969));
#4971=IFCPROPERTYSET('3MCJqS3g1HNnSs$N3YAaZu',#18,'Pset_DoorCommon',$,(#76,#4508));
#4972=IFCPROPERTYSET('1fWKqv_jmiNa418LehUadR',#18,'Pset_EnvironmentalImpactIndicators',$,(#4508));
#4973=IFCRELDEFINESBYPROPERTIES('3nstbHd8DGOcYn0$5LN7u$',#18,$,$,(#4966),#4971);
#4974=IFCRELDEFINESBYPROPERTIES('1pkt8BNjgCBYgEzkMGSGBO',#18,$,$,(#4966),#4972);
#4975=IFCMAPPEDITEM(#4483,#124);
#4976=IFCSHAPEREPRESENTATION(#24,'Body','MappedRepresentation',(#4975));
#4977=IFCPRODUCTDEFINITIONSHAPE($,$,(#4976));
#4978=IFCCARTESIANPOINT((-16.7940591710597,-4.44685010762329,0.));
#4979=IFCAXIS2PLACEMENT3D(#4978,$,$);
#4981=IFCDOOR('3$2VM3JKb4Xw__al4bRviN',#18,'Drehfl\X2\00FC\X0\gel 2-flg - Stahlzarge:1.885 x 2.26:505510',$,'Drehfl\X2\00FC\X0\gel 2-flg - Stahlzarge:1.885 x 2.26',#6162,#4977,'505510',2.35999999999998,1.885,.DOOR.,.DOUBLE_DOOR_SINGLE_SWING.,$);
#4982=IFCMATERIALCONSTITUENT('Metall - Chrom',$,#3576,$,'Metall');
#4983=IFCMATERIALCONSTITUENT('Holz - Birke',$,#1445,$,'Holz');
#4984=IFCMATERIALCONSTITUENT('Metall - lackiert, grau',$,#1462,$,'Farbe');
#4985=IFCMATERIALCONSTITUENTSET($,$,(#4982,#4983,#4984));
#4986=IFCPROPERTYSET('214VBNDRVb7LsNSwuL$A6n',#18,'Pset_DoorCommon',$,(#76,#4508));
#4987=IFCPROPERTYSET('0QAn4R4$bQvJsMXz7wpL$g',#18,'Pset_EnvironmentalImpactIndicators',$,(#4508));
#4988=IFCRELDEFINESBYPROPERTIES('29rLa3iYqu2N2PIGLGPOg7',#18,$,$,(#4981),#4986);
#4989=IFCRELDEFINESBYPROPERTIES('0_XYuaxSVbS3r_Ws5m9_4l',#18,$,$,(#4981),#4987);
#4990=IFCMAPPEDITEM(#3773,#124);
#4991=IFCSHAPEREPRESENTATION(#24,'Body','MappedRepresentation',(#4990));
#4992=IFCPRODUCTDEFINITIONSHAPE($,$,(#4991));
#4993=IFCCARTESIANPOINT((-3.99405917105964,-7.75185010762333,1.));
#4994=IFCAXIS2PLACEMENT3D(#4993,#9,#7);
#4996=IFCWINDOW('3$2VM3JKb4Xw__al4bRvLR',#18,'Fenster 2-flg - Variabel:Fenster 2-flg - Variabel:506090',$,'Fenster 2-flg - Variabel:Fenster 2-flg - Variabel',#6147,#4992,'506090',1.26,2.01,.WINDOW.,.NOTDEFINED.,$);
#4997=IFCMATERIALCONSTITUENT('Glas',$,#3776,$,'Glas');
#4998=IFCMATERIALCONSTITUENT('Holz - Birke',$,#1445,$,'Holz');
#4999=IFCMATERIALCONSTITUENT('Metall - Aluminium',$,#3777,$,'Metall');
#5000=IFCMATERIALCONSTITUENT('Kunststoff - Wei\X2\00DF\X0\',$,#3778,$,'Kunststoff');
#5001=IFCMATERIALCONSTITUENTSET($,$,(#4997,#4998,#4999,#5000));
#5002=IFCPROPERTYSET('3Cpqk7EFUtgcz7Y4fdyN2w',#18,'Pset_EnvironmentalImpactIndicators',$,(#3807));
#5003=IFCPROPERTYSET('0OBB3y$E7u7V13EFEMnnVT',#18,'Pset_WindowCommon',$,(#635,#3807));
#5004=IFCRELDEFINESBYPROPERTIES('0O0dhaAllycKOL66fh2iZr',#18,$,$,(#4996),#5002);
#5005=IFCRELDEFINESBYPROPERTIES('02SHT5Azr8JBk651creD35',#18,$,$,(#4996),#5003);
#5006=IFCMAPPEDITEM(#3773,#124);
#5007=IFCSHAPEREPRESENTATION(#24,'Body','MappedRepresentation',(#5006));
#5008=IFCPRODUCTDEFINITIONSHAPE($,$,(#5007));
#5009=IFCCARTESIANPOINT((-7.00405917105965,24.7531498923767,1.));
#5010=IFCAXIS2PLACEMENT3D(#5009,$,$);
#5012=IFCWINDOW('3$2VM3JKb4Xw__al4bRvI0',#18,'Fenster 2-flg - Variabel:Fenster 2-flg - Variabel:506161',$,'Fenster 2-flg - Variabel:Fenster 2-flg - Variabel',#6715,#5008,'506161',1.26,2.01,.WINDOW.,.NOTDEFINED.,$);
#5013=IFCMATERIALCONSTITUENT('Glas',$,#3776,$,'Glas');
#5014=IFCMATERIALCONSTITUENT('Holz - Birke',$,#1445,$,'Holz');
#5015=IFCMATERIALCONSTITUENT('Metall - Aluminium',$,#3777,$,'Metall');
#5016=IFCMATERIALCONSTITUENT('Kunststoff - Wei\X2\00DF\X0\',$,#3778,$,'Kunststoff');
#5017=IFCMATERIALCONSTITUENTSET($,$,(#5013,#5014,#5015,#5016));
#5018=IFCPROPERTYSET('1lxeT6lv6x8Hu3q9A7R3Nb',#18,'Pset_EnvironmentalImpactIndicators',$,(#3807));
#5019=IFCPROPERTYSET('05ZKh0goemu1_Bv97spQa5',#18,'Pset_WindowCommon',$,(#635,#3807));
#5020=IFCRELDEFINESBYPROPERTIES('0PGSlRt4IP8L8U$wRlsnV7',#18,$,$,(#5012),#5018);
#5021=IFCRELDEFINESBYPROPERTIES('34IocNA9G3QiGuSOwZ3Xoe',#18,$,$,(#5012),#5019);
#5022=IFCMAPPEDITEM(#3773,#124);
#5023=IFCSHAPEREPRESENTATION(#24,'Body','MappedRepresentation',(#5022));
#5024=IFCPRODUCTDEFINITIONSHAPE($,$,(#5023));
#5025=IFCCARTESIANPOINT((-5.19405917105964,-4.24685010762333,1.));
#5026=IFCAXIS2PLACEMENT3D(#5025,#9,#6);
#5028=IFCWINDOW('3$2VM3JKb4Xw__al4bRvGv',#18,'Fenster 2-flg - Variabel:Fenster 2-flg - Variabel:506248',$,'Fenster 2-flg - Variabel:Fenster 2-flg - Variabel',#6242,#5024,'506248',1.26,2.01,.WINDOW.,.NOTDEFINED.,$);
#5029=IFCMATERIALCONSTITUENT('Glas',$,#3776,$,'Glas');
#5030=IFCMATERIALCONSTITUENT('Holz - Birke',$,#1445,$,'Holz');
#5031=IFCMATERIALCONSTITUENT('Metall - Aluminium',$,#3777,$,'Metall');
#5032=IFCMATERIALCONSTITUENT('Kunststoff - Wei\X2\00DF\X0\',$,#3778,$,'Kunststoff');
#5033=IFCMATERIALCONSTITUENTSET($,$,(#5029,#5030,#5031,#5032));
#5034=IFCPROPERTYSET('2vmKCKGsmNwXLuHwMjfuRE',#18,'Pset_EnvironmentalImpactIndicators',$,(#3807));
#5035=IFCPROPERTYSET('11Gr_ziSmUILkziJu7VVdq',#18,'Pset_WindowCommon',$,(#635,#3807));
#5036=IFCRELDEFINESBYPROPERTIES('1uxZ$m$03st5JxlCAAY$B4',#18,$,$,(#5028),#5034);
#5037=IFCRELDEFINESBYPROPERTIES('1w6jGkucMi4uFfkcFw7Cdk',#18,$,$,(#5028),#5035);
#5038=IFCMAPPEDITEM(#3773,#124);
#5039=IFCSHAPEREPRESENTATION(#24,'Body','MappedRepresentation',(#5038));
#5040=IFCPRODUCTDEFINITIONSHAPE($,$,(#5039));
#5041=IFCCARTESIANPOINT((-18.9940591710596,2.05314989237671,1.));
#5042=IFCAXIS2PLACEMENT3D(#5041,#9,#7);
#5044=IFCWINDOW('3$2VM3JKb4Xw__al4bRvHI',#18,'Fenster 2-flg - Variabel:Fenster 2-flg - Variabel:506339',$,'Fenster 2-flg - Variabel:Fenster 2-flg - Variabel',#6336,#5040,'506339',1.26,2.01,.WINDOW.,.NOTDEFINED.,$);
#5045=IFCMATERIALCONSTITUENT('Glas',$,#3776,$,'Glas');
#5046=IFCMATERIALCONSTITUENT('Holz - Birke',$,#1445,$,'Holz');
#5047=IFCMATERIALCONSTITUENT('Metall - Aluminium',$,#3777,$,'Metall');
#5048=IFCMATERIALCONSTITUENT('Kunststoff - Wei\X2\00DF\X0\',$,#3778,$,'Kunststoff');
#5049=IFCMATERIALCONSTITUENTSET($,$,(#5045,#5046,#5047,#5048));
#5050=IFCPROPERTYSET('0$K4atiee5PE8bzLwzCvlQ',#18,'Pset_EnvironmentalImpactIndicators',$,(#3807));
#5051=IFCPROPERTYSET('3nKeaq_9h0xuYcIpGZxmum',#18,'Pset_WindowCommon',$,(#635,#3807));
#5052=IFCRELDEFINESBYPROPERTIES('0KfDnXUMy3gzETR8Lgmk31',#18,$,$,(#5044),#5050);
#5053=IFCRELDEFINESBYPROPERTIES('3WVOBeh72bSy17au97xR0t',#18,$,$,(#5044),#5051);
#5054=IFCMAPPEDITEM(#3773,#124);
#5055=IFCSHAPEREPRESENTATION(#24,'Body','MappedRepresentation',(#5054));
#5056=IFCPRODUCTDEFINITIONSHAPE($,$,(#5055));
#5057=IFCCARTESIANPOINT((-18.9940591710597,-3.24685010762329,1.));
#5058=IFCAXIS2PLACEMENT3D(#5057,#9,#7);
#5060=IFCWINDOW('3$2VM3JKb4Xw__al4bRvTt',#18,'Fenster 2-flg - Variabel:Fenster 2-flg - Variabel:506566',$,'Fenster 2-flg - Variabel:Fenster 2-flg - Variabel',#6352,#5056,'506566',1.26,2.01,.WINDOW.,.NOTDEFINED.,$);
#5061=IFCMATERIALCONSTITUENT('Glas',$,#3776,$,'Glas');
#5062=IFCMATERIALCONSTITUENT('Holz - Birke',$,#1445,$,'Holz');
#5063=IFCMATERIALCONSTITUENT('Metall - Aluminium',$,#3777,$,'Metall');
#5064=IFCMATERIALCONSTITUENT('Kunststoff - Wei\X2\00DF\X0\',$,#3778,$,'Kunststoff');
#5065=IFCMATERIALCONSTITUENTSET($,$,(#5061,#5062,#5063,#5064));
#5066=IFCPROPERTYSET('1jnayJYwavUIwrG0uWj4Ry',#18,'Pset_EnvironmentalImpactIndicators',$,(#3807));
#5067=IFCPROPERTYSET('0L3ubpRYY8YiW2tSecXGpZ',#18,'Pset_WindowCommon',$,(#635,#3807));
#5068=IFCRELDEFINESBYPROPERTIES('2CGPgruK2i4tZB5FE7qwr7',#18,$,$,(#5060),#5066);
#5069=IFCRELDEFINESBYPROPERTIES('0c6Le9NbUaOZ8GdINBoM5N',#18,$,$,(#5060),#5067);
#5070=IFCMAPPEDITEM(#3773,#124);
#5071=IFCSHAPEREPRESENTATION(#24,'Body','MappedRepresentation',(#5070));
#5072=IFCPRODUCTDEFINITIONSHAPE($,$,(#5071));
#5073=IFCCARTESIANPOINT((-18.9940591710596,2.35314989237671,1.));
#5074=IFCAXIS2PLACEMENT3D(#5073,#9,#7);
#5076=IFCWINDOW('3$2VM3JKb4Xw__al4bRv6o',#18,'Fenster 2-flg - Variabel:Fenster 2-flg - Variabel:506883',$,'Fenster 2-flg - Variabel:Fenster 2-flg - Variabel',#6368,#5072,'506883',1.26,2.01,.WINDOW.,.NOTDEFINED.,$);
#5077=IFCMATERIALCONSTITUENT('Glas',$,#3776,$,'Glas');
#5078=IFCMATERIALCONSTITUENT('Holz - Birke',$,#1445,$,'Holz');
#5079=IFCMATERIALCONSTITUENT('Metall - Aluminium',$,#3777,$,'Metall');
#5080=IFCMATERIALCONSTITUENT('Kunststoff - Wei\X2\00DF\X0\',$,#3778,$,'Kunststoff');
#5081=IFCMATERIALCONSTITUENTSET($,$,(#5077,#5078,#5079,#5080));
#5082=IFCPROPERTYSET('0FGv24ytbyjCi$rsbpBPbz',#18,'Pset_EnvironmentalImpactIndicators',$,(#3807));
#5083=IFCPROPERTYSET('1Ls6WDVxq2CAL7L2PjZQ0j',#18,'Pset_WindowCommon',$,(#635,#3807));
#5084=IFCRELDEFINESBYPROPERTIES('3JZQeHyDk5$LV_a7rSVt2x',#18,$,$,(#5076),#5082);
#5085=IFCRELDEFINESBYPROPERTIES('2uTjMdfA27dSqXaMLGbjeK',#18,$,$,(#5076),#5083);
#5086=IFCAXIS2PLACEMENT3D(#3,$,$);
#5088=IFCAXIS2PLACEMENT3D(#5117,$,$);
#5089=IFCLOCALPLACEMENT(#1250,#5088);
#5090=IFCCOLOURRGBLIST(((0.835294117647059,0.643137254901961,0.403921568627451)));
#5091=IFCINDEXEDPOLYGONALFACE((25,20,33,4,50,43,52,34,5,44,37,48,6,42,41,46,53,1,30,15,14,27,2,19,18,24,3));
#5092=IFCINDEXEDPOLYGONALFACE((12,13,28,16,29,7,47,40,49,8,39,38,45,9,36,35,51,10,32,22,21,26,11,23,17,31));
#5093=IFCINDEXEDPOLYGONALFACE((14,15,30,1,7,29,16,28,13,12,2,27));
#5094=IFCINDEXEDPOLYGONALFACE((17,23,11,3,24,18,19,2,12,31));
#5095=IFCINDEXEDPOLYGONALFACE((20,25,3,11,26,21,22,32,10,4,33));
#5096=IFCINDEXEDPOLYGONALFACE((5,34,52,43,50,4,10,51,35,36,9));
#5097=IFCINDEXEDPOLYGONALFACE((53,46,41,42,6,8,49,40,47,7,1));
#5098=IFCINDEXEDPOLYGONALFACE((37,44,5,9,45,38,39,8,6,48));
#5099=IFCCARTESIANPOINTLIST3D(((0.00159527223591738,0.,0.0247508557138509),(0.0115952722359154,0.,0.00469753218250979),(0.0315952722359185,0.,0.00469753218250979),(0.0415952722359165,0.,0.0247508557138509),(0.0315952722359185,0.,0.044804179245193),(0.0115952722359154,0.,0.044804179245193),(0.00159527223591738,4.191814803872,2.47060426649236),(0.0115952722359154,4.191814803872,2.4906575900237),(0.0315952722359185,4.191814803872,2.4906575900237),(0.0415952722359165,4.191814803872,2.47060426649236),(0.0315952722359185,4.191814803872,2.45055094296101),(0.0115952722359154,4.191814803872,2.45055094296101),(0.00844290164216233,4.191814803872,2.45687249370174),(0.00659527223591638,0.,0.0147241939481804),(0.0050190869390363,0.,0.0178849693185477),(0.0050190869390434,4.191814803872,2.46373838009704),(0.0215952722359205,4.191814803872,2.45055094296101),(0.0215952722359205,0.,0.00469753218250979),(0.0165952722359144,0.,0.00469753218250979),(0.0365952722359175,0.,0.0147241939481804),(0.0365952722359175,4.191814803872,2.46057760472668),(0.0381714575327976,4.191814803872,2.46373838009705),(0.0265952722359195,4.191814803872,2.45055094296101),(0.0265952722359195,0.,0.00469753218250979),(0.0340952722359198,0.,0.00971086306534463),(0.0340952722359198,4.191814803872,2.45556427384385),(0.00909527223591411,0.,0.00971086306534641),(0.00673099429059931,4.191814803872,2.46030543689939),(0.00330717958747684,4.19181480387201,2.4671713232947),(0.00330717958747684,0.,0.0213179125162002),(0.0165952722359179,4.191814803872,2.45055094296102),(0.0398833648843571,4.191814803872,2.4671713232947),(0.0390952722359188,0.,0.0197375248310161),(0.0347476428253231,0.,0.0384826285132007),(0.0365952722359175,4.191814803872,2.48063092825803),(0.0340952722359198,4.191814803872,2.48564425914086),(0.021595272235917,0.,0.044804179245193),(0.021595272235917,4.191814803872,2.4906575900237),(0.0165952722359144,4.191814803872,2.4906575900237),(0.00659527223591638,4.191814803872,2.48063092825803),(0.00659527223591638,0.,0.0347775174795224),(0.00909527223591411,0.,0.0397908483623572),(0.0381714575306198,0.,0.0316167421135258),(0.0265952722359195,0.,0.044804179245193),(0.0265952722359195,4.191814803872,2.4906575900237),(0.0050190869390363,0.,0.0316167421091551),(0.0040952722359151,4.191814803872,2.47561759737519),(0.0165952722359179,0.,0.044804179245193),(0.00909527223591411,4.191814803872,2.48564425914086),(0.0398833648832664,0.,0.0281837989136893),(0.0390952722359188,4.191814803872,2.47561759737519),(0.0364595501779696,0.,0.0350496853133642),(0.00330717958747684,0.,0.0281837989115026)));
#5100=IFCPOLYGONALFACESET(#5099,.T.,(#5091,#5092,#5093,#5094,#5095,#5096,#5097,#5098),$);
#5101=IFCINDEXEDCOLOURMAP(#5100,1.,#5090,(1,1,1,1,1,1,1,1));
#5102=IFCSTYLEDITEM(#5100,(#1407),$);
#5103=IFCCOLOURRGBLIST(((0.835294117647059,0.643137254901961,0.403921568627451)));
#5104=IFCINDEXEDPOLYGONALFACE((6,39,38,44,1,15,14,26,2,22,16,29,3,24,19,30,4,41,31,46,5,42,34,47));
#5105=IFCINDEXEDPOLYGONALFACE((33,32,40,10,21,20,25,11,18,17,23,12,27,13,28,7,45,37,48,8,36,35,43,9));
#5106=IFCINDEXEDPOLYGONALFACE((2,26,14,15,1,7,28,13,27,12));
#5107=IFCINDEXEDPOLYGONALFACE((18,11,3,29,16,22,2,12,23,17));
#5108=IFCINDEXEDPOLYGONALFACE((10,4,30,19,24,3,11,25,20,21));
#5109=IFCINDEXEDPOLYGONALFACE((36,8,6,47,34,42,5,9,43,35));
#5110=IFCINDEXEDPOLYGONALFACE((7,1,44,38,39,6,8,48,37,45));
#5111=IFCINDEXEDPOLYGONALFACE((32,33,9,5,46,31,41,4,10,40));
#5112=IFCCARTESIANPOINTLIST3D(((0.00159527223591738,4.23181480387201,2.57916498571511),(0.00159527223591738,4.22181480387201,2.55901485780397),(0.00159527223591738,4.201814803872,2.55901485780397),(0.00159527223591738,4.19181480387201,2.57916498571511),(0.00159527223591738,4.201814803872,2.59931511362626),(0.00159527223591738,4.22181480387201,2.59931511362626),(2.55762275852539,4.23181480387201,4.09871314971845),(2.55762275852539,4.22181480387201,4.1188632776296),(2.55762275852539,4.201814803872,4.1188632776296),(2.55762275852539,4.19181480387201,4.09871314971845),(2.55762275852539,4.201814803872,4.07856302180731),(2.55762275852539,4.22181480387201,4.07856302180731),(2.55762275852539,4.2262356909566,4.08747116583082),(0.00159527223591738,4.22681480387201,2.56908992175954),(0.00159527223591738,4.22902524741431,2.57354399377131),(0.00159527223591738,4.21181480387201,2.55901485780397),(2.55762275852539,4.21181480387201,4.07856302180731),(2.55762275852539,4.20681480387201,4.07856302180731),(0.00159527223591738,4.19681480387201,2.56908992175954),(2.55762275852539,4.19681480387201,4.08863808576288),(2.55762275852539,4.19460436032971,4.09309215777465),(0.00159527223591738,4.216814803872,2.55901485780397),(2.55762275852539,4.216814803872,4.07856302180731),(0.00159527223591738,4.19931480387201,2.56405238978175),(2.55762275852539,4.19931480387201,4.08360055378509),(0.00159527223591738,4.22431480387201,2.56405238978175),(2.55762275852539,4.2240252474143,4.08301709381907),(2.55762275852539,4.2290252474143,4.09309215777464),(0.00159527223591738,4.20681480387201,2.55901485780397),(0.00159527223591738,4.19431480387201,2.57412745373732),(0.00159527223591738,4.19739391679373,2.59040696961545),(2.55762275852539,4.196814803872,4.10878821367402),(2.55762275852539,4.19931480387201,4.11382574565181),(0.00159527223591738,4.21181480387201,2.59931511362626),(2.55762275852539,4.21181480387201,4.1188632776296),(2.55762275852539,4.216814803872,4.1188632776296),(2.55762275852539,4.22681480387201,4.10878821367402),(0.00159527223591738,4.22681480387201,2.58924004967068),(0.00159527223591738,4.22431480387201,2.59427758164847),(2.55762275852539,4.19460436033215,4.10433414166719),(0.00159527223591738,4.19460436033287,2.58478597766528),(0.00159527223591738,4.20681480387201,2.59931511362626),(2.55762275852539,4.20681480387201,4.1188632776296),(0.00159527223591738,4.22902524741431,2.58478597765892),(2.55762275852539,4.22931480387201,4.10375068169624),(0.00159527223591738,4.19960436033287,2.59486104162085),(0.00159527223591738,4.216814803872,2.59931511362626),(2.55762275852539,4.22431480387201,4.11382574565181)));
#5113=IFCPOLYGONALFACESET(#5112,.T.,(#5104,#5105,#5106,#5107,#5108,#5109,#5110,#5111),$);
#5114=IFCINDEXEDCOLOURMAP(#5113,1.,#5103,(1,1,1,1,1,1,1,1));
#5115=IFCSTYLEDITEM(#5113,(#1407),$);
#5116=IFCSHAPEREPRESENTATION(#24,'Body','Tessellation',(#5100,#5113));
#5117=IFCCARTESIANPOINT((-21.5565050232166,23.9621856684257,1.01505652377118));
#5118=IFCPRODUCTDEFINITIONSHAPE($,$,(#5116));
#5119=IFCRAILING('3WTFZLIDfCSgicLndgDPfT',#18,'Railing:Holzhandlauf:494092',$,'Railing:Holzhandlauf',#5089,#5118,'494092',.NOTDEFINED.);
#5120=IFCRAILINGTYPE('3bwM3TsFfBrPuWULpeaa4g',#18,'Railing:Holzhandlauf',$,$,$,$,'3863',$,.NOTDEFINED.);
#5121=IFCPROPERTYSINGLEVALUE('Reference',$,IFCIDENTIFIER('Holzhandlauf'),$);
#5122=IFCPROPERTYSET('15lTxZyetMw2Rp4$JgVxk8',#18,'Pset_EnvironmentalImpactIndicators',$,(#5121));
#5123=IFCPROPERTYSINGLEVALUE('Height',$,IFCPOSITIVELENGTHMEASURE(1.2192),$);
#5124=IFCPROPERTYSET('1RiZimuy$EvuEy5BJd3e$p',#18,'Pset_RailingCommon',$,(#76,#5121,#5123));
#5125=IFCRELDEFINESBYPROPERTIES('21UaHTmS_MOUJlKiTRelzv',#18,$,$,(#5119),#5122);
#5126=IFCRELDEFINESBYPROPERTIES('2zaKQWlPMxH8PLqjABCos9',#18,$,$,(#5119),#5124);
#5127=IFCAXIS2PLACEMENT3D(#3,$,$);
#5129=IFCAXIS2PLACEMENT3D(#5170,$,$);
#5130=IFCLOCALPLACEMENT(#1250,#5129);
#5131=IFCCOLOURRGBLIST(((0.835294117647059,0.643137254901961,0.403921568627451)));
#5132=IFCINDEXEDPOLYGONALFACE((6,42,37,48,1,21,11,26,2,22,14,27,3,19,18,24,4,33,32,44,5,40,34,47));
#5133=IFCINDEXEDPOLYGONALFACE((16,9,3,27,14,22,2,8,23,15));
#5134=IFCINDEXEDPOLYGONALFACE((18,19,3,9,28,17,25,10,4,24));
#5135=IFCINDEXEDPOLYGONALFACE((12,13,8,2,26,11,21,1,7,56,20));
#5136=IFCINDEXEDPOLYGONALFACE((5,44,32,33,4,10,75,46,65,31,76,45,29));
#5137=IFCINDEXEDPOLYGONALFACE((35,36,30,6,47,34,40,5,29,41));
#5138=IFCINDEXEDPOLYGONALFACE((42,6,30,43,38,39,72,7,1,48,37));
#5139=IFCINDEXEDPOLYGONALFACE((52,60,59,62,53,58,57,63,54,61,55,64,49,73,70,77,50,69,68,71,51,67,66,74));
#5140=IFCINDEXEDPOLYGONALFACE((55,61,54,8,13,12,20,56,7,49,64));
#5141=IFCINDEXEDPOLYGONALFACE((62,59,60,52,10,25,17,28,9,53));
#5142=IFCINDEXEDPOLYGONALFACE((15,23,8,54,63,57,58,53,9,16));
#5143=IFCINDEXEDPOLYGONALFACE((66,67,51,29,45,76,31,65,46,75,10,52,74));
#5144=IFCINDEXEDPOLYGONALFACE((77,70,73,49,7,72,39,38,43,30,50));
#5145=IFCINDEXEDPOLYGONALFACE((35,41,29,51,71,68,69,50,30,36));
#5146=IFCCARTESIANPOINTLIST3D(((0.041595272235913,0.,0.0236457782981665),(0.031595272235915,0.,0.0427420767143794),(0.0115952722359118,0.,0.0427420767143794),(0.00159527223591382,0.,0.0236457782981665),(0.0115952722359118,0.,0.00454947988195453),(0.0315952722359114,0.,0.00454947988195453),(0.041595272235913,5.21855458299042,2.44655072604758),(0.031595272235915,5.21472981106589,2.46387123412326),(0.0115952722359118,5.21472981106589,2.46387123412327),(0.00159527223591382,5.21855458299043,2.44655072604758),(0.0358097960016046,0.,0.0346938963632013),(0.036595272235914,5.21664219702816,2.45521098008542),(0.0340952722359162,5.21568600404703,2.45954110710434),(0.021595272235917,0.,0.0427420767143785),(0.0215952722359134,5.21472981106589,2.46387123412327),(0.0165952722359108,5.21472981106589,2.46387123412327),(0.00659527223591283,5.21664219702816,2.45521098008542),(0.00659527223591283,0.,0.0331939275062725),(0.00909527223591411,0.,0.0379680021103255),(0.0387025338762008,5.2174481765441,2.4515610958596),(0.0387025341187588,0.,0.0291698373306843),(0.026595272235916,0.,0.0427420767143785),(0.026595272235916,5.21472981106589,2.46387123412326),(0.00448801035307156,0.,0.0291698373306843),(0.0040952722359151,5.2175983900093,2.4508808530665),(0.0337025341187598,0.,0.0387179865387903),(0.0165952722359144,0.,0.0427420767143785),(0.00909527223591411,5.21568600404703,2.45954110710434),(0.0115952722359118,5.22237935491496,2.42923021797189),(0.0315952722359114,5.22237935491496,2.42923021797189),(0.0073758605947063,5.22076552619663,2.43653845331251),(0.00659527223591283,0.,0.0140976290900605),(0.00448556617360296,0.,0.0181263867437007),(0.0215952722359098,0.,0.00454947988195453),(0.0215952722359134,5.22237935491495,2.42923021797189),(0.0265952722359124,5.22237935491496,2.42923021797189),(0.036595272235914,0.,0.0140976290900605),(0.036595272235914,5.22046696895269,2.43789047200973),(0.0387049780577939,5.21966005459304,2.44154458968225),(0.0165952722359108,0.,0.00454947988195453),(0.0165952722359108,5.22237935491496,2.42923021797189),(0.0340952722359162,0.,0.00932355448600752),(0.0340952722359162,5.22142316193383,2.43356034499081),(0.00909527223591411,0.,0.00932355448600841),(0.00948556641531084,5.22157244055579,2.4328843356422),(0.00448556641531184,5.21966005459353,2.44154458968004),(0.0265952722359124,0.,0.00454947988195453),(0.0390952722359152,0.,0.0188717036941135),(0.041595272235913,5.45056422395098,2.44655072604758),(0.0315952722359114,5.45056422395098,2.42923021797189),(0.0115952722359118,5.45056422395098,2.42923021797189),(0.00159527223591382,5.45056422395098,2.44655072604758),(0.0115952722359118,5.45056422395098,2.46387123412327),(0.031595272235915,5.45056422395098,2.46387123412327),(0.0371920988794656,5.45056422395098,2.45417724601549),(0.0390952722359152,5.21759839000929,2.4508808530665),(0.0215952722359134,5.45056422395098,2.46387123412327),(0.0165952722359108,5.45056422395098,2.46387123412327),(0.00659527223591283,5.45056422395098,2.45521098008542),(0.00379685891407888,5.45056422395098,2.45036398603142),(0.034393685557685,5.45056422395098,2.45902424006938),(0.00909527223591411,5.45056422395098,2.45954110710434),(0.026595272235916,5.45056422395098,2.46387123412327),(0.0393936855576875,5.45056422395098,2.45036398603154),(0.00608219543992305,5.22027072878025,2.43877914708858),(0.00659527223591283,5.45056422395098,2.43789047200973),(0.00909527223591411,5.45056422395098,2.43356034499081),(0.0215952722359098,5.45056422395098,2.42923021797189),(0.0265952722359124,5.45056422395098,2.42923021797189),(0.036595272235914,5.45056422395098,2.43789047200973),(0.0165952722359108,5.45056422395098,2.42923021797189),(0.0393518106836801,5.2194126558663,2.44266493665428),(0.0390952722359152,5.45056422395098,2.44222059902866),(0.0040952722359151,5.45056422395098,2.44222059902866),(0.00383873383792022,5.21941265588534,2.44266493656808),(0.00883873383791212,5.22132504184761,2.43400468253023),(0.0340952722359127,5.45056422395098,2.43356034499081)));
#5147=IFCPOLYGONALFACESET(#5146,.T.,(#5132,#5133,#5134,#5135,#5136,#5137,#5138,#5139,#5140,#5141,#5142,#5143,#5144,#5145),$);
#5148=IFCINDEXEDCOLOURMAP(#5147,1.,#5131,(1,1,1,1,1,1,1,1,1,1,1,1,1,1));
#5149=IFCSTYLEDITEM(#5147,(#1407),$);
#5150=IFCCOLOURRGBLIST(((0.835294117647059,0.643137254901961,0.403921568627451)));
#5151=IFCINDEXEDPOLYGONALFACE((2,23,14,26,3,19,18,28,4,46,31,40,5,43,34,47,6,39,38,41,1,22,11,25));
#5152=IFCINDEXEDPOLYGONALFACE((1,7,21,66,55,12,68,13,8,2,25,11,22));
#5153=IFCINDEXEDPOLYGONALFACE((14,23,2,8,24,15,16,9,3,26));
#5154=IFCINDEXEDPOLYGONALFACE((19,3,9,62,20,61,17,64,27,10,4,28,18));
#5155=IFCINDEXEDPOLYGONALFACE((5,40,31,46,4,10,45,32,33,29));
#5156=IFCINDEXEDPOLYGONALFACE((42,7,1,41,38,39,6,30,48,37));
#5157=IFCINDEXEDPOLYGONALFACE((34,43,5,29,44,35,36,30,6,47));
#5158=IFCINDEXEDPOLYGONALFACE((52,65,60,69,53,59,58,63,54,57,56,67,49,74,73,77,50,72,71,76,51,75,70,78));
#5159=IFCINDEXEDPOLYGONALFACE((56,57,54,8,13,68,12,55,66,21,7,49,67));
#5160=IFCINDEXEDPOLYGONALFACE((60,65,52,10,27,64,17,61,20,62,9,53,69));
#5161=IFCINDEXEDPOLYGONALFACE((15,24,8,54,63,58,59,53,9,16));
#5162=IFCINDEXEDPOLYGONALFACE((32,45,10,52,78,70,75,51,29,33));
#5163=IFCINDEXEDPOLYGONALFACE((71,72,50,30,36,35,44,29,51,76));
#5164=IFCINDEXEDPOLYGONALFACE((37,48,30,50,77,73,74,49,7,42));
#5165=IFCCARTESIANPOINTLIST3D(((0.00159527223591382,5.45056422395098,2.44655072604758),(0.00159527223591382,5.46056422395098,2.46387123412326),(0.00159527223591382,5.48056422395098,2.46387123412326),(0.00159527223591382,5.49056422395098,2.44655072604758),(0.00159527223591382,5.48056422395098,2.42923021797189),(0.00159527223591382,5.46056422395098,2.42923021797189),(0.280955186151395,5.45056422395098,2.44655072604757),(0.277109931836627,5.46056422395098,2.46387123412326),(0.277109931836627,5.48056422395098,2.46387123412326),(0.280955186151395,5.49056422395098,2.44655072604758),(0.00159527223591382,5.45556422395098,2.45521098008542),(0.279032558994007,5.45556422395098,2.45521098008542),(0.278071245415319,5.45806422395098,2.45954110710434),(0.00159527223591382,5.47056422395098,2.46387123412326),(0.277109931836627,5.47056422395098,2.46387123412326),(0.277109931836627,5.47556422395098,2.46387123412326),(0.279522280404308,5.4868377974788,2.45300508602807),(0.00159527223591382,5.48556422395098,2.45521098008542),(0.00159527223591382,5.48306422395098,2.45954110710434),(0.278316106120467,5.48370101071489,2.45843816007567),(0.28023873327783,5.45242743718713,2.44977790603791),(0.00159527223591382,5.45306422395098,2.4508808530665),(0.00159527223591382,5.46556422395098,2.46387123412326),(0.277109931836627,5.46556422395098,2.46387123412326),(0.00159527223591382,5.45806422395098,2.45954110710434),(0.00159527223591382,5.47556422395098,2.46387123412326),(0.280238733277852,5.48870101071488,2.44977790603782),(0.00159527223591382,5.48806422395098,2.4508808530665),(0.28480044046616,5.48056422395098,2.42923021797189),(0.28480044046616,5.46056422395098,2.42923021797188),(0.00159527223591382,5.48689605960907,2.44019727903688),(0.282877813308779,5.48556422395098,2.43789047200973),(0.283839126887472,5.48306422395098,2.43356034499081),(0.00159527223591382,5.47056422395098,2.42923021797189),(0.28480044046616,5.47056422395098,2.42923021797189),(0.28480044046616,5.46556422395098,2.42923021797189),(0.282877813308779,5.45556422395098,2.43789047200973),(0.00159527223591382,5.45556422395098,2.43789047200973),(0.00159527223591382,5.45806422395098,2.43356034499081),(0.00159527223591382,5.48373014178003,2.43471374850438),(0.00159527223591382,5.45239830608902,2.44337400259925),(0.281916499730084,5.45306422395098,2.44222059902865),(0.00159527223591382,5.47556422395098,2.42923021797189),(0.28480044046616,5.47556422395098,2.42923021797189),(0.281916499730084,5.48806422395098,2.44222059902865),(0.00159527223591382,5.48873014178002,2.44337400254223),(0.00159527223591382,5.46556422395098,2.42923021797189),(0.283839126887472,5.45806422395099,2.43356034499081),(3.81637217860436,5.45056422395098,4.09769669027696),(3.81637217860436,5.46056422395098,4.07858033289783),(3.81637217860436,5.48056422395098,4.07858033289783),(3.81637217860436,5.49056422395098,4.09769669027696),(3.81637217860436,5.48056422395098,4.11681304765608),(3.81637217860436,5.46056422395098,4.11681304765608),(0.279317680873174,5.45482273364676,2.4539266812052),(3.81637217860436,5.45556422395098,4.10725486896652),(3.81637217860436,5.45806422395098,4.1120339583113),(3.81637217860436,5.47056422395098,4.11681304765608),(3.81637217860436,5.47556422395098,4.11681304765608),(3.81637217860436,5.48556422395098,4.10725486896652),(0.279032558994007,5.48556422395098,2.45521098008542),(0.278071245415322,5.48306422395098,2.45954110710434),(3.81637217860436,5.46556422395098,4.11681304765608),(0.280136433512283,5.48843496910309,2.45023870362639),(3.81637217860436,5.48806422395098,4.10247577962174),(0.280136433512283,5.45269347879887,2.45023870362639),(3.81637217860436,5.45306422395098,4.10247577962174),(0.278213806354898,5.45769347879887,2.45889895766423),(3.81637217860436,5.48306422395098,4.1120339583113),(3.81637217860436,5.48630037287138,4.08954576017206),(3.81637217860436,5.47056422395098,4.07858033289783),(3.81637217860436,5.46556422395098,4.07858033289783),(3.81637217860436,5.45556422395098,4.08813851158739),(3.81637217860436,5.45269614948937,4.0936212252272),(3.81637217860436,5.48343229841118,4.08406304653494),(3.81637217860436,5.47556422395098,4.07858033289783),(3.81637217860436,5.45806422395098,4.08335942224261),(3.81637217860436,5.48843229841118,4.09362122522451)));
#5166=IFCPOLYGONALFACESET(#5165,.T.,(#5151,#5152,#5153,#5154,#5155,#5156,#5157,#5158,#5159,#5160,#5161,#5162,#5163,#5164),$);
#5167=IFCINDEXEDCOLOURMAP(#5166,1.,#5150,(1,1,1,1,1,1,1,1,1,1,1,1,1,1));
#5168=IFCSTYLEDITEM(#5166,(#1407),$);
#5169=IFCSHAPEREPRESENTATION(#24,'Body','Tessellation',(#5147,#5166));
#5170=IFCCARTESIANPOINT((-22.8152544432956,23.9621856684257,1.01726667860255));
#5171=IFCPRODUCTDEFINITIONSHAPE($,$,(#5169));
#5172=IFCRAILING('3WTFZLIDfCSgicLndgDPf1',#18,'Railing:Holzhandlauf:494096',$,'Railing:Holzhandlauf',#5130,#5171,'494096',.NOTDEFINED.);
#5173=IFCPROPERTYSET('3b6vbeWRALIMVhCHoRm7WW',#18,'Pset_EnvironmentalImpactIndicators',$,(#5121));
#5174=IFCPROPERTYSINGLEVALUE('Height',$,IFCPOSITIVELENGTHMEASURE(1.2192),$);
#5175=IFCPROPERTYSET('26oiFoF_p2m5Ph4IE4$zB3',#18,'Pset_RailingCommon',$,(#76,#5121,#5174));
#5176=IFCRELDEFINESBYPROPERTIES('3fR6zAsCASZ$dIdaVbBAXM',#18,$,$,(#5172),#5173);
#5177=IFCRELDEFINESBYPROPERTIES('3AwfGW_B$f2BUFqdG88Cxl',#18,$,$,(#5172),#5175);
#5178=IFCAXIS2PLACEMENT3D(#3,$,$);
#5180=IFCAXIS2PLACEMENT3D(#5209,$,$);
#5181=IFCLOCALPLACEMENT(#1627,#5180);
#5182=IFCCOLOURRGBLIST(((0.835294117647059,0.643137254901961,0.403921568627451)));
#5183=IFCINDEXEDPOLYGONALFACE((25,20,33,4,50,43,52,34,5,44,37,48,6,42,41,46,53,1,30,15,14,27,2,19,18,24,3));
#5184=IFCINDEXEDPOLYGONALFACE((13,28,16,29,7,47,40,49,8,39,38,45,9,36,35,51,10,32,22,21,26,11,23,17,31,12));
#5185=IFCINDEXEDPOLYGONALFACE((14,15,30,1,7,29,16,28,13,12,2,27));
#5186=IFCINDEXEDPOLYGONALFACE((17,23,11,3,24,18,19,2,12,31));
#5187=IFCINDEXEDPOLYGONALFACE((20,25,3,11,26,21,22,32,10,4,33));
#5188=IFCINDEXEDPOLYGONALFACE((5,34,52,43,50,4,10,51,35,36,9));
#5189=IFCINDEXEDPOLYGONALFACE((53,46,41,42,6,8,49,40,47,7,1));
#5190=IFCINDEXEDPOLYGONALFACE((37,44,5,9,45,38,39,8,6,48));
#5191=IFCCARTESIANPOINTLIST3D(((0.00159527223591738,0.,0.0247508557138516),(0.0115952722359154,0.,0.00469753218251023),(0.0315952722359185,0.,0.00469753218251023),(0.0415952722359165,0.,0.0247508557138514),(0.0315952722359185,0.,0.0448041792451928),(0.0115952722359154,0.,0.0448041792451928),(0.00159527223591738,4.191814803872,2.47060426649236),(0.0115952722359154,4.191814803872,2.4906575900237),(0.0315952722359185,4.191814803872,2.4906575900237),(0.0415952722359165,4.191814803872,2.47060426649236),(0.0315952722359185,4.191814803872,2.45055094296102),(0.0115952722359154,4.191814803872,2.45055094296102),(0.00844290164216233,4.191814803872,2.45687249370174),(0.00659527223591638,0.,0.0147241939481808),(0.0050190869390363,0.,0.0178849693185485),(0.00501908693903985,4.191814803872,2.46373838009705),(0.021595272235917,4.191814803872,2.45055094296102),(0.021595272235917,0.,0.00469753218251046),(0.0165952722359179,0.,0.00469753218251046),(0.0365952722359211,0.,0.0147241939481808),(0.0365952722359175,4.191814803872,2.46057760472669),(0.0381714575327976,4.191814803872,2.46373838009705),(0.026595272235916,4.191814803872,2.45055094296102),(0.026595272235916,0.,0.00469753218251046),(0.0340952722359198,0.,0.00971086306534552),(0.0340952722359198,4.191814803872,2.45556427384385),(0.00909527223591411,0.,0.00971086306534574),(0.00673099429060287,4.191814803872,2.46030543689939),(0.00330717958747684,4.191814803872,2.4671713232947),(0.00330717958747684,0.,0.0213179125162),(0.0165952722359179,4.191814803872,2.45055094296102),(0.0398833648843571,4.191814803872,2.4671713232947),(0.0390952722359188,0.,0.0197375248310163),(0.0347476428253159,0.,0.0384826285132005),(0.0365952722359211,4.191814803872,2.48063092825803),(0.0340952722359198,4.191814803872,2.48564425914086),(0.021595272235917,0.,0.0448041792451923),(0.021595272235917,4.191814803872,2.4906575900237),(0.0165952722359144,4.191814803872,2.4906575900237),(0.00659527223591638,4.191814803872,2.48063092825803),(0.00659527223591638,0.,0.034777517479522),(0.00909527223591411,0.,0.039790848362357),(0.0381714575306198,0.,0.0316167421135261),(0.0265952722359195,0.,0.0448041792451923),(0.026595272235916,4.191814803872,2.4906575900237),(0.0050190869390363,0.,0.0316167421091544),(0.00409527223591866,4.191814803872,2.47561759737519),(0.0165952722359179,0.,0.0448041792451923),(0.00909527223591411,4.191814803872,2.48564425914086),(0.0398833648832664,0.,0.0281837989136886),(0.0390952722359188,4.191814803872,2.47561759737519),(0.0364595501779625,0.,0.0350496853133635),(0.00330717958747684,0.,0.028183798911503)));
#5192=IFCPOLYGONALFACESET(#5191,.T.,(#5183,#5184,#5185,#5186,#5187,#5188,#5189,#5190),$);
#5193=IFCINDEXEDCOLOURMAP(#5192,1.,#5182,(1,1,1,1,1,1,1,1));
#5194=IFCSTYLEDITEM(#5192,(#1407),$);
#5195=IFCCOLOURRGBLIST(((0.835294117647059,0.643137254901961,0.403921568627451)));
#5196=IFCINDEXEDPOLYGONALFACE((6,39,38,44,1,15,14,24,2,22,16,29,3,26,19,30,4,42,31,46,5,40,34,47));
#5197=IFCINDEXEDPOLYGONALFACE((33,32,43,10,21,20,27,11,18,17,23,12,25,13,28,7,45,37,48,8,36,35,41,9));
#5198=IFCINDEXEDPOLYGONALFACE((14,15,1,7,28,13,25,12,2,24));
#5199=IFCINDEXEDPOLYGONALFACE((18,11,3,29,16,22,2,12,23,17));
#5200=IFCINDEXEDPOLYGONALFACE((21,10,4,30,19,26,3,11,27,20));
#5201=IFCINDEXEDPOLYGONALFACE((31,42,4,10,43,32,33,9,5,46));
#5202=IFCINDEXEDPOLYGONALFACE((45,7,1,44,38,39,6,8,48,37));
#5203=IFCINDEXEDPOLYGONALFACE((34,40,5,9,41,35,36,8,6,47));
#5204=IFCCARTESIANPOINTLIST3D(((0.00159527223591738,4.231814803872,2.57990696242746),(0.00159527223591738,4.221814803872,2.55982277782015),(0.00159527223591738,4.201814803872,2.55982277782015),(0.00159527223591738,4.191814803872,2.57990696242746),(0.00159527223591738,4.201814803872,2.59999114703477),(0.00159527223591738,4.221814803872,2.59999114703477),(2.86669683259947,4.231814803872,4.26175225744985),(2.86669683259947,4.221814803872,4.28183644205716),(2.86669683259947,4.201814803872,4.28183644205716),(2.86669683259947,4.191814803872,4.26175225744985),(2.86669683259947,4.201814803872,4.24166807284254),(2.86669683259947,4.221814803872,4.24166807284254),(2.86669683259947,4.22681888509015,4.25171836194007),(0.00159527223591738,4.226814803872,2.5698648701238),(0.00159527223591738,4.229314803872,2.57488591627563),(0.00159527223591738,4.211814803872,2.55982277782015),(2.86669683259947,4.211814803872,4.24166807284254),(2.86669683259947,4.206814803872,4.24166807284254),(0.00159527223591738,4.196814803872,2.5698648701238),(2.86669683259947,4.196814803872,4.25171016514619),(2.86669683259947,4.19431276326293,4.25673530969497),(0.00159527223591738,4.216814803872,2.55982277782015),(2.86669683259947,4.216814803872,4.24166807284254),(0.00159527223591738,4.22431480387201,2.56484382397198),(2.86669683259947,4.22431684448108,4.2466932173913),(0.00159527223591738,4.199314803872,2.56484382397198),(2.86669683259947,4.199314803872,4.24668911899437),(2.86669683259947,4.22931684448108,4.25673530969496),(0.00159527223591738,4.206814803872,2.55982277782015),(0.00159527223591738,4.194314803872,2.57488591627563),(0.00159527223591738,4.1968107226588,2.58994085794718),(2.86669683259947,4.196814803872,4.2717943497535),(2.86669683259947,4.199314803872,4.27681539590533),(0.00159527223591738,4.211814803872,2.59999114703477),(2.86669683259947,4.211814803872,4.28183644205716),(2.86669683259947,4.216814803872,4.28183644205716),(2.86669683259947,4.226814803872,4.2717943497535),(0.00159527223591738,4.226814803872,2.58994905473112),(0.00159527223591738,4.22431480387201,2.59497010088294),(0.00159527223591738,4.206814803872,2.59999114703477),(2.86669683259947,4.206814803872,4.28183644205716),(0.00159527223591738,4.1943127632654,2.58492391018732),(2.86669683259947,4.194314803872,4.26677330360168),(0.00159527223591738,4.22931684448108,2.58492391018234),(2.86669683259947,4.229314803872,4.26677330360168),(0.00159527223591738,4.1993127632654,2.59496600249098),(0.00159527223591738,4.216814803872,2.59999114703477),(2.86669683259947,4.22431480387201,4.27681539590533)));
#5205=IFCPOLYGONALFACESET(#5204,.T.,(#5196,#5197,#5198,#5199,#5200,#5201,#5202,#5203),$);
#5206=IFCINDEXEDCOLOURMAP(#5205,1.,#5195,(1,1,1,1,1,1,1,1));
#5207=IFCSTYLEDITEM(#5205,(#1407),$);
#5208=IFCSHAPEREPRESENTATION(#24,'Body','Tessellation',(#5192,#5205));
#5209=IFCCARTESIANPOINT((-21.5465050232166,23.9621856684257,1.01505652377118));
#5210=IFCPRODUCTDEFINITIONSHAPE($,$,(#5208));
#5211=IFCRAILING('3WTFZLIDfCSgicLndgDPx5',#18,'Railing:Holzhandlauf:495252',$,'Railing:Holzhandlauf',#5181,#5210,'495252',.NOTDEFINED.);
#5212=IFCPROPERTYSET('0h44jlbTUerLAKCiO9RQ$7',#18,'Pset_EnvironmentalImpactIndicators',$,(#5121));
#5213=IFCPROPERTYSINGLEVALUE('Height',$,IFCPOSITIVELENGTHMEASURE(1.2192),$);
#5214=IFCPROPERTYSET('29NEKiZQjjxcZBLnj_EPaI',#18,'Pset_RailingCommon',$,(#76,#5121,#5213));
#5215=IFCRELDEFINESBYPROPERTIES('2EtmZORXcquyWUyJH1ocTE',#18,$,$,(#5211),#5212);
#5216=IFCRELDEFINESBYPROPERTIES('3my6MsLWGRzqUI7ySbO28r',#18,$,$,(#5211),#5214);
#5217=IFCAXIS2PLACEMENT3D(#3,$,$);
#5219=IFCAXIS2PLACEMENT3D(#5260,$,$);
#5220=IFCLOCALPLACEMENT(#1627,#5219);
#5221=IFCCOLOURRGBLIST(((0.835294117647059,0.643137254901961,0.403921568627451)));
#5222=IFCINDEXEDPOLYGONALFACE((4,33,32,44,5,40,34,47,6,42,37,48,1,21,11,26,2,22,14,27,3,19,18,24));
#5223=IFCINDEXEDPOLYGONALFACE((16,9,3,27,14,22,2,8,23,15));
#5224=IFCINDEXEDPOLYGONALFACE((18,19,3,9,28,17,25,10,4,24));
#5225=IFCINDEXEDPOLYGONALFACE((12,13,8,2,26,11,21,1,7,56,20));
#5226=IFCINDEXEDPOLYGONALFACE((5,44,32,33,4,10,75,46,65,31,76,45,29));
#5227=IFCINDEXEDPOLYGONALFACE((36,30,6,47,34,40,5,29,41,35));
#5228=IFCINDEXEDPOLYGONALFACE((48,37,42,6,30,43,38,39,72,7,1));
#5229=IFCINDEXEDPOLYGONALFACE((52,60,59,62,53,58,57,63,54,61,55,64,49,73,70,77,50,69,68,71,51,67,66,74));
#5230=IFCINDEXEDPOLYGONALFACE((55,61,54,8,13,12,20,56,7,49,64));
#5231=IFCINDEXEDPOLYGONALFACE((62,59,60,52,10,25,17,28,9,53));
#5232=IFCINDEXEDPOLYGONALFACE((15,23,8,54,63,57,58,53,9,16));
#5233=IFCINDEXEDPOLYGONALFACE((66,67,51,29,45,76,31,65,46,75,10,52,74));
#5234=IFCINDEXEDPOLYGONALFACE((77,70,73,49,7,72,39,38,43,30,50));
#5235=IFCINDEXEDPOLYGONALFACE((35,41,29,51,71,68,69,50,30,36));
#5236=IFCCARTESIANPOINTLIST3D(((0.041595272235913,0.,0.0236457782981667),(0.0315952722359185,0.,0.0427420767143785),(0.0115952722359118,0.,0.0427420767143785),(0.00159527223591382,0.,0.0236457782981672),(0.0115952722359118,0.,0.0045494798819552),(0.0315952722359114,0.,0.00454947988195498),(0.041595272235913,5.21475148121826,2.44478499686835),(0.0315952722359185,5.21092670929373,2.46210550494404),(0.0115952722359118,5.21092670929373,2.46210550494404),(0.00159527223591382,5.21475148121826,2.44478499686835),(0.0358055799116279,0.,0.0347019475344343),(0.036595272235914,5.21283909525599,2.45344525090619),(0.0340952722359162,5.21188290227486,2.45777537792512),(0.0215952722359134,0.,0.0427420767143776),(0.0215952722359134,5.21092670929373,2.46210550494404),(0.0165952722359144,5.21092670929373,2.46210550494404),(0.00659527223591283,5.21283909525599,2.4534452509062),(0.00659527223591283,0.,0.0331939275062723),(0.00909527223591411,0.,0.0379680021103248),(0.0387004258306831,5.2136442684926,2.44979901792232),(0.0387004260737704,0.,0.0291738629163003),(0.0265952722359124,0.,0.0427420767143776),(0.0265952722359124,5.21092670929373,2.46210550494404),(0.00449011839806346,0.,0.0291738629163005),(0.0040952722359151,5.21379528823713,2.44911512388727),(0.0337004260737714,0.,0.0387220121244058),(0.0165952722359144,0.,0.0427420767143774),(0.00909527223591411,5.21188290227486,2.45777537792512),(0.0115952722359118,5.21857625314279,2.42746448879266),(0.0315952722359114,5.21857625314279,2.42746448879266),(0.00738006955893056,5.21696403425728,2.4347654339934),(0.00659527223591283,0.,0.0140976290900618),(0.00448767065495304,0.,0.0181223679633109),(0.0215952722359134,0.,0.0045494798819552),(0.0215952722359134,5.21857625314279,2.42746448879266),(0.0265952722359124,5.21857625314279,2.42746448879266),(0.0365952722359104,0.,0.0140976290900603),(0.0365952722359104,5.21666386718053,2.43612474283051),(0.0387028735744046,5.21585775773777,2.43977521543088),(0.0165952722359108,0.,0.00454947988195564),(0.0165952722359144,5.21857625314279,2.42746448879266),(0.0340952722359127,0.,0.0093235544860073),(0.0340952722359127,5.21762006016166,2.43179461581158),(0.00909527223591411,0.,0.00932355448600886),(0.00948767089742475,5.21777014370003,2.43111496139303),(0.00448767089741864,5.21585775773777,2.43977521543087),(0.0265952722359124,0.,0.00454947988195475),(0.0390952722359152,0.,0.0188717036941135),(0.041595272235913,5.45056422395098,2.44478499686835),(0.0315952722359114,5.45056422395098,2.42746448879266),(0.0115952722359118,5.45056422395098,2.42746448879266),(0.00159527223591382,5.45056422395098,2.44478499686835),(0.0115952722359118,5.45056422395098,2.46210550494404),(0.0315952722359185,5.45056422395098,2.46210550494404),(0.0372618061247643,5.45056422395098,2.45229078034574),(0.0390952722359152,5.21379528823713,2.44911512388727),(0.0215952722359134,5.45056422395098,2.46210550494404),(0.0165952722359144,5.45056422395098,2.46210550494404),(0.00659527223591283,5.45056422395098,2.45344525090619),(0.00376200529142778,5.45056422395098,2.44853788860694),(0.0344285391803361,5.45056422395098,2.45719814264489),(0.00909527223591411,5.45056422395098,2.45777537792512),(0.0265952722359124,5.45056422395098,2.46210550494404),(0.0394285391803422,5.45056422395098,2.44853788860705),(0.0060098341124295,5.2164399504507,2.43713875140507),(0.00659527223591283,5.45056422395098,2.43612474283051),(0.00909527223591411,5.45056422395098,2.43179461581158),(0.0215952722359134,5.45056422395098,2.42746448879266),(0.0265952722359124,5.45056422395098,2.42746448879266),(0.0365952722359104,5.45056422395098,2.43612474283051),(0.0165952722359108,5.45056422395098,2.42746448879266),(0.0393879913458122,5.21559571581606,2.44096187422012),(0.0390952722359152,5.45056422395098,2.44045486984943),(0.0040952722359151,5.45056422395098,2.44045486984943),(0.00380255317417166,5.21559571583448,2.44096187413671),(0.00880255317417067,5.21750810179675,2.43230162009887),(0.0340952722359127,5.45056422395098,2.43179461581158)));
#5237=IFCPOLYGONALFACESET(#5236,.T.,(#5222,#5223,#5224,#5225,#5226,#5227,#5228,#5229,#5230,#5231,#5232,#5233,#5234,#5235),$);
#5238=IFCINDEXEDCOLOURMAP(#5237,1.,#5221,(1,1,1,1,1,1,1,1,1,1,1,1,1,1));
#5239=IFCSTYLEDITEM(#5237,(#1407),$);
#5240=IFCCOLOURRGBLIST(((0.835294117647059,0.643137254901961,0.403921568627451)));
#5241=IFCINDEXEDPOLYGONALFACE((4,46,31,40,5,43,34,47,6,39,38,41,1,22,11,25,2,23,14,26,3,19,18,28));
#5242=IFCINDEXEDPOLYGONALFACE((1,7,21,67,55,12,63,13,8,2,25,11,22));
#5243=IFCINDEXEDPOLYGONALFACE((14,23,2,8,24,15,16,9,3,26));
#5244=IFCINDEXEDPOLYGONALFACE((19,3,9,62,20,61,17,65,27,10,4,28,18));
#5245=IFCINDEXEDPOLYGONALFACE((5,40,31,46,4,10,45,32,33,29));
#5246=IFCINDEXEDPOLYGONALFACE((42,7,1,41,38,39,6,30,48,37));
#5247=IFCINDEXEDPOLYGONALFACE((34,43,5,29,44,35,36,30,6,47));
#5248=IFCINDEXEDPOLYGONALFACE((57,56,68,49,74,73,77,50,72,71,76,51,75,70,78,52,66,60,69,53,59,58,64,54));
#5249=IFCINDEXEDPOLYGONALFACE((8,13,63,12,55,67,21,7,49,68,56,57,54));
#5250=IFCINDEXEDPOLYGONALFACE((60,66,52,10,27,65,17,61,20,62,9,53,69));
#5251=IFCINDEXEDPOLYGONALFACE((15,24,8,54,64,58,59,53,9,16));
#5252=IFCINDEXEDPOLYGONALFACE((51,29,33,32,45,10,52,78,70,75));
#5253=IFCINDEXEDPOLYGONALFACE((71,72,50,30,36,35,44,29,51,76));
#5254=IFCINDEXEDPOLYGONALFACE((37,48,30,50,77,73,74,49,7,42));
#5255=IFCCARTESIANPOINTLIST3D(((0.00159527223591382,5.45056422395098,2.44478499686835),(0.00159527223591382,5.46056422395098,2.46210550494404),(0.00159527223591382,5.48056422395098,2.46210550494404),(0.00159527223591382,5.49056422395098,2.44478499686835),(0.00159527223591382,5.48056422395098,2.42746448879266),(0.00159527223591382,5.46056422395098,2.42746448879266),(0.28182709458887,5.45056422395098,2.44478499686835),(0.277941644253023,5.46056422395097,2.46210550494404),(0.277941644253023,5.48056422395098,2.46210550494404),(0.28182709458887,5.49056422395098,2.44478499686835),(0.00159527223591382,5.45556422395098,2.4534452509062),(0.279884369420945,5.45556422395098,2.45344525090619),(0.278913006836984,5.45806422395097,2.45777537792512),(0.00159527223591382,5.47056422395098,2.46210550494404),(0.277941644253023,5.47056422395098,2.46210550494404),(0.277941644253023,5.47556422395098,2.46210550494404),(0.28038371523574,5.48684939239126,2.45121927387135),(0.00159527223591382,5.48556422395098,2.4534452509062),(0.00159527223591382,5.48306422395098,2.45777537792512),(0.279162679744381,5.48370680817112,2.45666238940769),(0.281105404912282,5.45242163973089,2.44800213536993),(0.00159527223591382,5.45306422395098,2.44911512388727),(0.00159527223591382,5.46556422395098,2.46210550494404),(0.277941644253023,5.46556422395098,2.46210550494404),(0.00159527223591382,5.45806422395098,2.45777537792512),(0.00159527223592093,5.47556422395098,2.46210550494404),(0.281105404912303,5.48870680817112,2.44800213536985),(0.00159527223591382,5.48806422395098,2.44911512388727),(0.285712544924714,5.48056422395098,2.42746448879266),(0.285712544924714,5.46056422395098,2.42746448879266),(0.00159527223591382,5.4869078908064,2.43845204209254),(0.283769819756792,5.48556422395098,2.43612474283051),(0.284741182340753,5.48306422395098,2.43179461581158),(0.00159527223592093,5.47056422395098,2.42746448879266),(0.285712544924714,5.47056422395098,2.42746448879266),(0.285712544924714,5.46556422395098,2.42746448879266),(0.283769819756792,5.45556422395098,2.43612474283051),(0.00159527223591382,5.45556422395098,2.43612474283051),(0.00159527223591382,5.45806422395098,2.43179461581159),(0.00159527223591382,5.48373605737869,2.4329582654426),(0.00159527223591382,5.45239239049056,2.44161851953709),(0.282798457172831,5.45306422395098,2.44045486984943),(0.00159527223591382,5.47556422395098,2.42746448879266),(0.285712544924714,5.47556422395098,2.42746448879266),(0.282798457172831,5.48806422395097,2.44045486984943),(0.00159527223591382,5.48873605737869,2.44161851948045),(0.00159527223592093,5.46556422395098,2.42746448879266),(0.284741182340753,5.45806422395098,2.43179461581159),(4.12544625267844,5.45056422395098,4.26061376355441),(4.12544625267844,5.46056422395098,4.24145766454185),(4.12544625267844,5.48056422395098,4.24145766454185),(4.12544625267844,5.49056422395098,4.26061376355441),(4.12544625267844,5.48056422395098,4.27976986256697),(4.12544625267844,5.46056422395097,4.27976986256697),(0.280308046519451,5.45447380440656,2.45155658885369),(4.12544625267844,5.45556422395098,4.27019181306069),(4.12544625267844,5.45806422395097,4.27498083781383),(4.12544625267844,5.47056422395098,4.27976986256697),(4.12544625267844,5.47556422395098,4.27976986256697),(4.12544625267844,5.48556422395098,4.27019181306069),(0.279884369420945,5.48556422395098,2.45344525090619),(0.278913006836984,5.48306422395098,2.45777537792512),(0.279124845386239,5.45751901417877,2.45683104689887),(4.12544625267844,5.46556422395098,4.27976986256697),(0.281067570554164,5.48860943372318,2.44817079286102),(4.12544625267844,5.48806422395097,4.26540278830755),(0.281067570554161,5.45251901417877,2.44817079286102),(4.12544625267844,5.45306422395097,4.26540278830755),(4.12544625267844,5.48306422395097,4.27498083781383),(4.12544625267844,5.48665008540145,4.25311580099404),(4.12544625267844,5.47056422395098,4.24145766454185),(4.12544625267844,5.46556422395098,4.24145766454185),(4.12544625267844,5.45556422395098,4.25103571404813),(4.12544625267844,5.45252129322456,4.25686478227649),(4.12544625267844,5.48360715467621,4.24728673276795),(4.12544625267844,5.47556422395098,4.24145766454185),(4.12544625267844,5.45806422395098,4.24624668929499),(4.12544625267844,5.48860715467621,4.25686478227423)));
#5256=IFCPOLYGONALFACESET(#5255,.T.,(#5241,#5242,#5243,#5244,#5245,#5246,#5247,#5248,#5249,#5250,#5251,#5252,#5253,#5254),$);
#5257=IFCINDEXEDCOLOURMAP(#5256,1.,#5240,(1,1,1,1,1,1,1,1,1,1,1,1,1,1));
#5258=IFCSTYLEDITEM(#5256,(#1407),$);
#5259=IFCSHAPEREPRESENTATION(#24,'Body','Tessellation',(#5237,#5256));
#5260=IFCCARTESIANPOINT((-22.8052544432956,23.9621856684257,1.01726667860254));
#5261=IFCPRODUCTDEFINITIONSHAPE($,$,(#5259));
#5262=IFCRAILING('3WTFZLIDfCSgicLndgDPx9',#18,'Railing:Holzhandlauf:495256',$,'Railing:Holzhandlauf',#5220,#5261,'495256',.NOTDEFINED.);
#5263=IFCPROPERTYSET('3QQjSFUqAAjkvw8$5REne3',#18,'Pset_EnvironmentalImpactIndicators',$,(#5121));
#5264=IFCPROPERTYSINGLEVALUE('Height',$,IFCPOSITIVELENGTHMEASURE(1.2192),$);
#5265=IFCPROPERTYSET('174_X$xL3O8HceKMZwVY8c',#18,'Pset_RailingCommon',$,(#76,#5121,#5264));
#5266=IFCRELDEFINESBYPROPERTIES('3LWovTrtz6rx_pSWo3zj6W',#18,$,$,(#5262),#5263);
#5267=IFCRELDEFINESBYPROPERTIES('189aTG9OuFBnN0$0LuPfvY',#18,$,$,(#5262),#5265);
#5268=IFCAXIS2PLACEMENT3D(#3,$,$);
#5270=IFCAXIS2PLACEMENT3D(#5299,$,$);
#5271=IFCLOCALPLACEMENT(#2010,#5270);
#5272=IFCCOLOURRGBLIST(((0.835294117647059,0.643137254901961,0.403921568627451)));
#5273=IFCINDEXEDPOLYGONALFACE((39,38,43,4,15,14,22,5,24,16,29,6,26,19,30,1,45,31,40,2,41,34,47,3));
#5274=IFCINDEXEDPOLYGONALFACE((33,32,46,7,21,20,27,8,18,17,25,9,23,13,28,10,44,37,48,11,36,35,42,12));
#5275=IFCINDEXEDPOLYGONALFACE((14,15,4,10,28,13,23,9,5,22));
#5276=IFCINDEXEDPOLYGONALFACE((18,8,6,29,16,24,5,9,25,17));
#5277=IFCINDEXEDPOLYGONALFACE((21,7,1,30,19,26,6,8,27,20));
#5278=IFCINDEXEDPOLYGONALFACE((2,40,31,45,1,7,46,32,33,12));
#5279=IFCINDEXEDPOLYGONALFACE((38,39,3,11,48,37,44,10,4,43));
#5280=IFCINDEXEDPOLYGONALFACE((34,41,2,12,42,35,36,11,3,47));
#5281=IFCCARTESIANPOINTLIST3D(((0.00159527223594225,3.62318956936518,0.0248383656327684),(0.0115952722359367,3.62318956936518,0.0449674749769775),(0.0315952722359434,3.62318956936518,0.0449674749769775),(0.0415952722359414,3.62318956936518,0.0248383656327711),(0.0315952722359434,3.62318956936518,0.004709256288562),(0.0115952722359367,3.62318956936518,0.004709256288562),(0.00159527223591382,0.0415952722359334,2.14556406371863),(0.0115952722359118,0.0415952722359334,2.12543495437442),(0.031595272235915,0.0415952722359334,2.12543495437442),(0.041595272235913,0.0415952722359334,2.14556406371863),(0.031595272235915,0.0415952722359334,2.16569317306284),(0.0115952722359118,0.0415952722359334,2.16569317306284),(0.0376049600568109,0.0415952722359334,2.13753192070155),(0.0365952722359424,3.62318956936518,0.0147738109606665),(0.0390952722359401,3.62318956936518,0.0198060882967193),(0.0215952722359418,3.62318956936518,0.00470925628856289),(0.0215952722359134,0.0415952722359334,2.12543495437442),(0.0165952722359108,0.0415952722359334,2.12543495437442),(0.00659527223594125,3.62318956936518,0.0147738109606665),(0.00659527223591283,0.0415952722359334,2.13549950904652),(0.00359042832547019,0.0415952722359334,2.14154799221009),(0.0340952722359411,3.62318956936518,0.00974153362461472),(0.0346001161463612,0.0415952722359334,2.13148343753799),(0.0265952722359444,3.62318956936518,0.00470925628856289),(0.026595272235916,0.0415952722359334,2.12543495437442),(0.00909527223593898,3.62318956936518,0.00974153362461472),(0.00909527223591411,0.0415952722359334,2.13046723171047),(0.0396001161463602,0.0415952722359334,2.14154799221009),(0.0165952722359357,3.62318956936518,0.00470925628856289),(0.00409527223593997,3.62318956936518,0.0198060882967175),(0.00558558441504786,3.62318956936518,0.032870508649844),(0.00659527223591283,0.0415952722359316,2.15562861839073),(0.00909527223591411,0.0415952722359316,2.16066089572678),(0.0215952722359418,3.62318956936518,0.0449674749769766),(0.0215952722359134,0.0415952722359316,2.16569317306284),(0.026595272235916,0.0415952722359316,2.16569317306284),(0.036595272235914,0.0415952722359334,2.15562861839073),(0.0365952722359424,3.62318956936518,0.034902920304873),(0.0340952722359411,3.62318956936518,0.0399351976409248),(0.00859042832549051,3.62318956936518,0.0389189918134099),(0.0165952722359357,3.62318956936518,0.0449674749769766),(0.0165952722359144,0.0415952722359334,2.16569317306284),(0.039600116146385,3.62318956936518,0.0288544371413071),(0.0390952722359152,0.0415952722359334,2.15059634105468),(0.00359042832549505,3.62318956936518,0.0288544371413071),(0.0040952722359151,0.0415952722359334,2.15059634105468),(0.0265952722359444,3.62318956936518,0.0449674749769766),(0.0340952722359162,0.0415952722359316,2.16066089572678)));
#5282=IFCPOLYGONALFACESET(#5281,.T.,(#5273,#5274,#5275,#5276,#5277,#5278,#5279,#5280),$);
#5283=IFCINDEXEDCOLOURMAP(#5282,1.,#5272,(1,1,1,1,1,1,1,1));
#5284=IFCSTYLEDITEM(#5282,(#1407),$);
#5285=IFCCOLOURRGBLIST(((0.835294117647059,0.643137254901961,0.403921568627451)));
#5286=IFCINDEXEDPOLYGONALFACE((4,15,14,26,5,22,16,29,6,24,19,30,1,41,31,46,2,42,34,47,3,39,38,44));
#5287=IFCINDEXEDPOLYGONALFACE((10,45,37,48,11,36,35,43,12,33,32,40,7,21,20,25,8,18,17,23,9,27,13,28));
#5288=IFCINDEXEDPOLYGONALFACE((5,26,14,15,4,10,28,13,27,9));
#5289=IFCINDEXEDPOLYGONALFACE((18,8,6,29,16,22,5,9,23,17));
#5290=IFCINDEXEDPOLYGONALFACE((7,1,30,19,24,6,8,25,20,21));
#5291=IFCINDEXEDPOLYGONALFACE((36,11,3,47,34,42,2,12,43,35));
#5292=IFCINDEXEDPOLYGONALFACE((38,39,3,11,48,37,45,10,4,44));
#5293=IFCINDEXEDPOLYGONALFACE((32,33,12,2,46,31,41,1,7,40));
#5294=IFCCARTESIANPOINTLIST3D(((0.00159527223591382,0.00159527223593336,2.253683382478),(0.00159527223591382,0.0115952722359332,2.27383258162261),(0.00159527223591382,0.0315952722359327,2.27383258162261),(0.00159527223591382,0.0415952722359334,2.253683382478),(0.00159527223591382,0.0315952722359327,2.23353418333339),(0.00159527223591382,0.0115952722359332,2.23353418333339),(2.55762275852539,0.00159527223591738,3.77296331607758),(2.55762275852539,0.0115952722359172,3.75281411693297),(2.55762275852539,0.0315952722359167,3.75281411693297),(2.55762275852539,0.0415952722359165,3.77296331607758),(2.55762275852539,0.0315952722359167,3.79311251522219),(2.55762275852539,0.0115952722359172,3.79311251522219),(2.55762275852539,0.036015899255073,3.76172132634827),(0.00159527223591382,0.0365952722359344,2.2436087829057),(0.00159527223591382,0.0388055857455116,2.24806238761335),(0.00159527223591382,0.0215952722359347,2.23353418333339),(2.55762275852539,0.0215952722359178,3.75281411693297),(2.55762275852539,0.0165952722359171,3.75281411693297),(0.00159527223591382,0.00659527223593415,2.24360878290569),(2.55762275852539,0.00659527223591727,3.76288871650528),(2.55762275852539,0.00438495872633826,3.76734232121293),(0.00159527223591382,0.0265952722359346,2.23353418333339),(2.55762275852539,0.0265952722359168,3.75281411693297),(0.00159527223591382,0.00909527223593365,2.23857148311954),(2.55762275852539,0.00909527223591766,3.75785141671912),(0.00159527223591382,0.0340952722359349,2.23857148311954),(2.55762275852539,0.0338055857454957,3.75726772164062),(2.55762275852539,0.0388055857454948,3.76734232121293),(0.00159527223591382,0.016595272235933,2.23353418333339),(0.00159527223591382,0.00409527223593287,2.24864608269185),(0.00159527223591382,0.00717464521677602,2.26492537220731),(2.55762275852539,0.00659527223591727,3.78303791564989),(2.55762275852539,0.00909527223591677,3.78807521543604),(0.00159527223591382,0.0215952722359329,2.27383258162261),(2.55762275852539,0.0215952722359178,3.79311251522219),(2.55762275852539,0.0265952722359168,3.79311251522219),(2.55762275852539,0.0365952722359166,3.78303791564989),(0.00159527223591382,0.0365952722359344,2.26375798205031),(0.00159527223591382,0.034095272235934,2.26879528183646),(2.55762275852539,0.0043849587263427,3.77858431094224),(0.00159527223591382,0.00438495872635336,2.25930437734265),(0.00159527223591382,0.0165952722359322,2.27383258162261),(2.55762275852539,0.0165952722359171,3.79311251522219),(0.00159527223591382,0.0388055857455125,2.25930437734266),(2.55762275852539,0.0390952722359161,3.77800061586374),(0.00159527223591382,0.00938495872635503,2.26937897691496),(0.00159527223591382,0.0265952722359346,2.27383258162261),(2.55762275852539,0.0340952722359171,3.78807521543604)));
#5295=IFCPOLYGONALFACESET(#5294,.T.,(#5286,#5287,#5288,#5289,#5290,#5291,#5292,#5293),$);
#5296=IFCINDEXEDCOLOURMAP(#5295,1.,#5285,(1,1,1,1,1,1,1,1));
#5297=IFCSTYLEDITEM(#5295,(#1407),$);
#5298=IFCSHAPEREPRESENTATION(#24,'Body','Tessellation',(#5282,#5295));
#5299=IFCCARTESIANPOINT((-21.4372157013352,-7.74858528166159,1.34080742985927));
#5300=IFCPRODUCTDEFINITIONSHAPE($,$,(#5298));
#5301=IFCRAILING('04sjR4dpb6DOsPr6RR1X7D',#18,'Railing:Holzhandlauf:496887',$,'Railing:Holzhandlauf',#5271,#5300,'496887',.NOTDEFINED.);
#5302=IFCPROPERTYSET('2JDzbFaLFeUd8scYaa9fN9',#18,'Pset_EnvironmentalImpactIndicators',$,(#5121));
#5303=IFCPROPERTYSINGLEVALUE('Height',$,IFCPOSITIVELENGTHMEASURE(1.2192),$);
#5304=IFCPROPERTYSET('0FE$pDLCFmWzeRXl0Lwnz7',#18,'Pset_RailingCommon',$,(#76,#5121,#5303));
#5305=IFCRELDEFINESBYPROPERTIES('1wq4mgaOAsj8bMTZTqVJaA',#18,$,$,(#5301),#5302);
#5306=IFCRELDEFINESBYPROPERTIES('1a0qEgxIndFs8cglXlyV5p',#18,$,$,(#5301),#5304);
#5307=IFCAXIS2PLACEMENT3D(#3,$,$);
#5309=IFCAXIS2PLACEMENT3D(#5350,$,$);
#5310=IFCLOCALPLACEMENT(#2010,#5309);
#5311=IFCCOLOURRGBLIST(((0.835294117647059,0.643137254901961,0.403921568627451)));
#5312=IFCINDEXEDPOLYGONALFACE((6,19,18,23,1,33,32,44,2,40,34,47,3,42,37,48,4,20,11,25,5,21,14,26));
#5313=IFCINDEXEDPOLYGONALFACE((8,5,25,11,20,4,7,28,12,13));
#5314=IFCINDEXEDPOLYGONALFACE((18,19,6,9,27,17,24,10,1,23));
#5315=IFCINDEXEDPOLYGONALFACE((14,21,5,8,22,15,16,9,6,26));
#5316=IFCINDEXEDPOLYGONALFACE((2,44,32,33,1,10,74,46,64,31,75,45,29));
#5317=IFCINDEXEDPOLYGONALFACE((36,30,3,47,34,40,2,29,41,35));
#5318=IFCINDEXEDPOLYGONALFACE((48,37,42,3,30,43,38,39,71,7,4));
#5319=IFCINDEXEDPOLYGONALFACE((52,72,69,76,53,68,67,70,54,66,65,73,49,59,58,61,50,57,56,62,51,60,55,63));
#5320=IFCINDEXEDPOLYGONALFACE((12,28,7,52,63,55,60,51,8,13));
#5321=IFCINDEXEDPOLYGONALFACE((61,58,59,49,10,24,17,27,9,50));
#5322=IFCINDEXEDPOLYGONALFACE((15,22,8,51,62,56,57,50,9,16));
#5323=IFCINDEXEDPOLYGONALFACE((65,66,54,29,45,75,31,64,46,74,10,49,73));
#5324=IFCINDEXEDPOLYGONALFACE((52,7,71,39,38,43,30,53,76,69,72));
#5325=IFCINDEXEDPOLYGONALFACE((35,41,29,54,70,67,68,53,30,36));
#5326=IFCCARTESIANPOINTLIST3D(((0.0415952722359556,4.87193898944416,0.0235867074446467),(0.031595272235954,4.87193898944416,0.00454156588820531),(0.0115952722359545,4.87193898944416,0.0045415658882062),(0.00159527223595646,4.87193898944416,0.0235867074446467),(0.0115952722359545,4.87193898944416,0.0426318490010882),(0.0315952722359576,4.87193898944416,0.0426318490010882),(0.00159527223592093,0.276435787383409,2.1247825228935),(0.0115952722359189,0.280207715075679,2.14210303096918),(0.0315952722359221,0.280207715075681,2.14210303096918),(0.0415952722359201,0.276435787383408,2.1247825228935),(0.00818216071447964,4.87193898944416,0.0361315297936438),(0.00659527223591638,0.278321751229543,2.13344277693134),(0.00909527223592121,0.279264733152612,2.13777290395026),(0.021595272235956,4.87193898944416,0.0426318490010864),(0.0215952722359205,0.280207715075679,2.14210303096918),(0.0265952722359231,0.280207715075681,2.14210303096918),(0.0365952722359211,0.278321751229544,2.13344277693134),(0.0365952722359566,4.87193898944416,0.0331092782228666),(0.0340952722359589,4.87193898944416,0.0378705636119774),(0.0048887164752216,4.87193898944416,0.0298591186191448),(0.016595272235957,4.87193898944416,0.0426318490010864),(0.0165952722359179,0.280207715075679,2.14210303096918),(0.038301827996694,4.87193898944416,0.0298591186191448),(0.0390952722359224,0.277378769306477,2.12911264991242),(0.00988871647521705,4.87193898944416,0.0393816893973664),(0.026595272235955,4.87193898944416,0.0426318490010864),(0.0340952722359233,0.279264733152612,2.13777290395026),(0.00409527223592221,0.277378769306477,2.12911264991242),(0.0315952722359221,0.272663859691137,2.10746201481781),(0.0115952722359189,0.272663859691137,2.10746201481781),(0.0350146145945196,0.273953610904313,2.11338448951137),(0.036595272235953,4.87193898944416,0.0140641366664251),(0.038304943761144,4.87193898944416,0.0173202302876501),(0.021595272235956,4.87193898944416,0.00454156588820531),(0.0215952722359205,0.272663859691137,2.10746201481781),(0.0165952722359179,0.272663859691137,2.10746201481781),(0.00659527223595546,4.87193898944416,0.0140641366664269),(0.00659527223591994,0.274549823537273,2.11612226885565),(0.00488560105662472,0.27519469914386,2.11908350620244),(0.026595272235955,4.87193898944416,0.00454156588820442),(0.0265952722359195,0.272663859691137,2.10746201481781),(0.00909527223595319,4.87193898944416,0.009302851277317),(0.00909527223592121,0.273606841614205,2.11179214183673),(0.0340952722359518,4.87193898944416,0.00930285127731523),(0.0333049434152208,0.273308735297725,2.11042325216459),(0.0383049434152198,0.27519469914386,2.11908350620243),(0.0165952722359535,4.87193898944416,0.0045415658882062),(0.00409527223596129,4.87193898944416,0.0188254220555368),(0.0415952722359165,0.0415952722359414,2.1247825228935),(0.0315952722359185,0.0415952722359414,2.14210303096918),(0.0115952722359154,0.0415952722359414,2.14210303096918),(0.00159527223591738,0.0415952722359414,2.1247825228935),(0.0115952722359154,0.0415952722359414,2.10746201481781),(0.0315952722359185,0.0415952722359414,2.10746201481781),(0.00594745747649483,0.0415952722359414,2.13232072885412),(0.021595272235917,0.0415952722359414,2.14210303096918),(0.0265952722359195,0.0415952722359414,2.14210303096918),(0.0365952722359175,0.0415952722359414,2.13344277693134),(0.0394191796156349,0.0415952722359414,2.1285516258738),(0.00877136485620156,0.0415952722359414,2.13721187991165),(0.0340952722359198,0.0415952722359396,2.13777290395026),(0.0165952722359144,0.0415952722359414,2.14210303096918),(0.00377136485620255,0.0415952722359414,2.12855162587381),(0.0371624331432585,0.274763752530509,2.11710462036323),(0.0365952722359175,0.0415952722359414,2.11612226885565),(0.0340952722359198,0.0415952722359414,2.11179214183673),(0.021595272235917,0.0415952722359414,2.10746201481781),(0.0165952722359179,0.0415952722359414,2.10746201481781),(0.00659527223591638,0.0415952722359414,2.11612226885565),(0.0265952722359195,0.0415952722359432,2.10746201481781),(0.00381169178224638,0.275599769956962,2.12094357162837),(0.00409527223591866,0.0415952722359414,2.12045239587457),(0.0390952722359188,0.0415952722359414,2.12045239587457),(0.039378852689584,0.27559976995696,2.12094357162836),(0.0343788526895885,0.273713806110823,2.11228331759052),(0.00909527223591411,0.0415952722359414,2.11179214183673)));
#5327=IFCPOLYGONALFACESET(#5326,.T.,(#5312,#5313,#5314,#5315,#5316,#5317,#5318,#5319,#5320,#5321,#5322,#5323,#5324,#5325),$);
#5328=IFCINDEXEDCOLOURMAP(#5327,1.,#5311,(1,1,1,1,1,1,1,1,1,1,1,1,1,1));
#5329=IFCSTYLEDITEM(#5327,(#1407),$);
#5330=IFCCOLOURRGBLIST(((0.835294117647059,0.643137254901961,0.403921568627451)));
#5331=IFCINDEXEDPOLYGONALFACE((5,23,14,26,6,19,18,28,1,45,31,40,2,43,34,47,3,39,38,41,4,22,11,25));
#5332=IFCINDEXEDPOLYGONALFACE((16,9,6,26,14,23,5,8,24,15));
#5333=IFCINDEXEDPOLYGONALFACE((22,4,7,21,66,55,12,68,13,8,5,25,11));
#5334=IFCINDEXEDPOLYGONALFACE((27,10,1,28,18,19,6,9,62,20,61,17,64));
#5335=IFCINDEXEDPOLYGONALFACE((2,40,31,45,1,10,46,32,33,29));
#5336=IFCINDEXEDPOLYGONALFACE((38,39,3,30,48,37,42,7,4,41));
#5337=IFCINDEXEDPOLYGONALFACE((34,43,2,29,44,35,36,30,3,47));
#5338=IFCINDEXEDPOLYGONALFACE((57,56,67,52,74,73,77,53,72,71,76,54,75,70,78,49,65,60,69,50,59,58,63,51));
#5339=IFCINDEXEDPOLYGONALFACE((56,57,51,8,13,68,12,55,66,21,7,52,67));
#5340=IFCINDEXEDPOLYGONALFACE((60,65,49,10,27,64,17,61,20,62,9,50,69));
#5341=IFCINDEXEDPOLYGONALFACE((15,24,8,51,63,58,59,50,9,16));
#5342=IFCINDEXEDPOLYGONALFACE((32,46,10,49,78,70,75,54,29,33));
#5343=IFCINDEXEDPOLYGONALFACE((72,53,30,36,35,44,29,54,76,71));
#5344=IFCINDEXEDPOLYGONALFACE((74,52,7,42,37,48,30,53,77,73));
#5345=IFCCARTESIANPOINTLIST3D(((0.00159527223592448,0.0415952722359414,2.12478252289349),(0.00159527223592448,0.0315952722359416,2.10746201481781),(0.00159527223592448,0.011595272235942,2.10746201481781),(0.00159527223592448,0.00159527223594225,2.12478252289349),(0.00159527223592448,0.011595272235942,2.14210303096918),(0.00159527223592448,0.0315952722359416,2.14210303096918),(0.279812752108679,0.00159527223594047,2.12478252289349),(0.275967791371329,0.0115952722359385,2.14210303096918),(0.275967791371329,0.0315952722359398,2.14210303096918),(0.279812752108679,0.0415952722359396,2.12478252289349),(0.00159527223592448,0.00659527223594125,2.13344277693134),(0.277890271740006,0.0065952722359377,2.13344277693134),(0.276929031555667,0.0090952722359372,2.13777290395026),(0.00159527223592448,0.0215952722359418,2.14210303096918),(0.275967791371329,0.02159527223594,2.14210303096918),(0.275967791371329,0.0265952722359408,2.14210303096918),(0.27837407244516,0.0378535443957944,2.13126338562072),(0.00159527223592448,0.0365952722359406,2.13344277693134),(0.00159527223592448,0.0340952722359411,2.13777290395026),(0.277170931908241,0.0347244083158671,2.13668320829495),(0.279093412267528,0.00346613618043712,2.12802295429941),(0.00159527223592448,0.00409527223594175,2.12911264991242),(0.00159527223592448,0.0165952722359428,2.14210303096918),(0.275967791371329,0.0165952722359393,2.14210303096918),(0.00159527223592448,0.00909527223594075,2.13777290395026),(0.00159527223592448,0.0265952722359408,2.14210303096918),(0.279093412276922,0.0397244083158661,2.12802295425711),(0.00159527223592448,0.0390952722359401,2.12911264991242),(0.283657712846036,0.0315952722359398,2.10746201481781),(0.283657712846036,0.0115952722359403,2.10746201481781),(0.00159527223592448,0.0379122777048302,2.11840338924161),(0.281735232477359,0.0365952722359406,2.11612226885565),(0.282696472661698,0.0340952722359411,2.11179214183673),(0.00159527223592448,0.0215952722359418,2.10746201481781),(0.283657712846036,0.02159527223594,2.10746201481781),(0.283657712846036,0.016595272235941,2.10746201481781),(0.281735232477359,0.00659527223593948,2.11612226885565),(0.00159527223592448,0.00659527223594125,2.11612226885565),(0.00159527223592448,0.00909527223594253,2.11179214183673),(0.00159527223592448,0.0347537749703868,2.11293270202971),(0.00159527223592448,0.00343676950149785,2.12159295606755),(0.280773992293021,0.00409527223593997,2.12045239587457),(0.00159527223592448,0.0265952722359408,2.10746201481781),(0.283657712846036,0.0265952722359408,2.10746201481781),(0.00159527223592448,0.0397537749703858,2.12159295606755),(0.280773992293021,0.0390952722359401,2.12045239587457),(0.00159527223592448,0.016595272235941,2.10746201481781),(0.282696472661698,0.00909527223593898,2.11179214183673),(3.80637217860437,0.0415952722359165,3.77165295568461),(3.80637217860437,0.0315952722359167,3.7907690246421),(3.80637217860437,0.0115952722359172,3.7907690246421),(3.80637217860437,0.00159527223591738,3.77165295568461),(3.80637217860437,0.0115952722359172,3.75253688672711),(3.80637217860437,0.0315952722359167,3.75253688672711),(0.278171244093855,0.0058645174297336,2.13217707247912),(3.80637217860437,0.00659527223591638,3.78121099016335),(3.80637217860437,0.00909527223591589,3.78599000740273),(3.80637217860437,0.0215952722359152,3.7907690246421),(3.80637217860437,0.026595272235916,3.79076902464211),(3.80637217860437,0.0365952722359157,3.78121099016336),(0.277890271740006,0.0365952722359406,2.13344277693134),(0.276929031555664,0.0340952722359411,2.13777290395026),(3.80637217860437,0.0165952722359162,3.7907690246421),(0.278991998101265,0.0394606496390431,2.12847979768631),(3.80637217860437,0.0390952722359152,3.77643197292398),(0.278991998101265,0.00372989483283703,2.12847979768631),(3.80637217860437,0.0040952722359151,3.77643197292398),(0.277069517732592,0.00872989483283604,2.13714005172415),(3.80637217860437,0.0340952722359162,3.78599000740273),(3.80637217860437,0.0373206591728863,3.76348157587666),(3.80637217860437,0.0215952722359152,3.75253688672711),(3.80637217860437,0.0165952722359162,3.75253688672711),(3.80637217860437,0.00659527223591638,3.76209492120586),(3.80637217860437,0.00373257876742805,3.76756726578064),(3.80637217860437,0.0344579657044015,3.75800923130188),(3.80637217860437,0.026595272235916,3.75253688672711),(3.80637217860437,0.00909527223591589,3.75731590396648),(3.80637217860437,0.0394579657044023,3.76756726578063)));
#5346=IFCPOLYGONALFACESET(#5345,.T.,(#5331,#5332,#5333,#5334,#5335,#5336,#5337,#5338,#5339,#5340,#5341,#5342,#5343,#5344),$);
#5347=IFCINDEXEDCOLOURMAP(#5346,1.,#5330,(1,1,1,1,1,1,1,1,1,1,1,1,1,1));
#5348=IFCSTYLEDITEM(#5346,(#1407),$);
#5349=IFCSHAPEREPRESENTATION(#24,'Body','Tessellation',(#5327,#5346));
#5350=IFCCARTESIANPOINT((-22.6859651214142,-8.99733470174056,1.34331074623551));
#5351=IFCPRODUCTDEFINITIONSHAPE($,$,(#5349));
#5352=IFCRAILING('04sjR4dpb6DOsPr6RR1X71',#18,'Railing:Holzhandlauf:496891',$,'Railing:Holzhandlauf',#5310,#5351,'496891',.NOTDEFINED.);
#5353=IFCPROPERTYSET('3CNa6JxB26Yyqb_cx9zIXj',#18,'Pset_EnvironmentalImpactIndicators',$,(#5121));
#5354=IFCPROPERTYSINGLEVALUE('Height',$,IFCPOSITIVELENGTHMEASURE(1.2192),$);
#5355=IFCPROPERTYSET('3uKilEy4XrUXv0_ZvsjmB2',#18,'Pset_RailingCommon',$,(#76,#5121,#5354));
#5356=IFCRELDEFINESBYPROPERTIES('2kREWOZ$XZBVN6fRK5Vdeh',#18,$,$,(#5352),#5353);
#5357=IFCRELDEFINESBYPROPERTIES('0wF6iomagE7WC8T1LfN4lA',#18,$,$,(#5352),#5355);
#5358=IFCAXIS2PLACEMENT3D(#3,$,$);
#5360=IFCAXIS2PLACEMENT3D(#5389,$,$);
#5361=IFCLOCALPLACEMENT(#2666,#5360);
#5362=IFCCOLOURRGBLIST(((0.835294117647059,0.643137254901961,0.403921568627451)));
#5363=IFCINDEXEDPOLYGONALFACE((42,41,46,53,4,30,15,14,27,5,19,18,24,6,25,20,33,1,50,43,52,34,2,44,37,48,3));
#5364=IFCINDEXEDPOLYGONALFACE((36,35,51,7,32,22,21,26,8,23,17,31,9,13,28,16,29,10,47,40,49,11,39,38,45,12));
#5365=IFCINDEXEDPOLYGONALFACE((14,15,30,4,10,29,16,28,13,9,5,27));
#5366=IFCINDEXEDPOLYGONALFACE((17,23,8,6,24,18,19,5,9,31));
#5367=IFCINDEXEDPOLYGONALFACE((20,25,6,8,26,21,22,32,7,1,33));
#5368=IFCINDEXEDPOLYGONALFACE((2,34,52,43,50,1,7,51,35,36,12));
#5369=IFCINDEXEDPOLYGONALFACE((41,42,3,11,49,40,47,10,4,53,46));
#5370=IFCINDEXEDPOLYGONALFACE((37,44,2,12,45,38,39,11,3,48));
#5371=IFCCARTESIANPOINTLIST3D(((0.0015952722359458,4.23341007610794,0.0247508557138503),(0.0115952722359438,4.23341007610794,0.0448041792451928),(0.0315952722359469,4.23341007610794,0.044804179245193),(0.0415952722359449,4.23341007610794,0.0247508557138507),(0.0315952722359469,4.23341007610794,0.00469753218250801),(0.0115952722359474,4.23341007610794,0.00469753218250779),(0.00159527223591738,0.0415952722359343,2.47060426649236),(0.0115952722359189,0.0415952722359343,2.45055094296102),(0.0315952722359185,0.0415952722359343,2.45055094296102),(0.0415952722359165,0.0415952722359343,2.47060426649236),(0.0315952722359185,0.0415952722359343,2.4906575900237),(0.0115952722359154,0.0415952722359343,2.4906575900237),(0.0347476428296787,0.0415952722359334,2.45687249370175),(0.0365952722359459,4.23341007610794,0.0147241939481799),(0.038171457532826,4.23341007610794,0.0178849693185481),(0.0381714575327976,0.0415952722359334,2.46373838009706),(0.021595272235917,0.0415952722359325,2.45055094296102),(0.0215952722359454,4.23341007610794,0.00469753218250779),(0.0265952722359515,4.23341007610794,0.00469753218250824),(0.0065952722359448,4.23341007610794,0.0147241939481784),(0.00659527223591638,0.0415952722359325,2.46057760472669),(0.0050190869390363,0.0415952722359325,2.46373838009706),(0.0165952722359179,0.0415952722359325,2.45055094296102),(0.0165952722359464,4.23341007610794,0.00469753218250735),(0.00909527223594964,4.23341007610794,0.00971086306534263),(0.00909527223591766,0.0415952722359325,2.45556427384385),(0.0340952722359482,4.23341007610794,0.00971086306534441),(0.0364595501812381,0.0415952722359334,2.4603054368994),(0.0398833648843571,0.0415952722359343,2.46717132329471),(0.0398833648843855,4.23341007610794,0.0213179125161995),(0.0265952722359195,0.0415952722359334,2.45055094296102),(0.00330717958747684,0.0415952722359325,2.46717132329471),(0.00409527223594708,4.23341007610794,0.0197375248310143),(0.00844290164218364,4.23341007610794,0.0384826285044559),(0.00659527223591638,0.0415952722359325,2.48063092825803),(0.00909527223591411,0.0415952722359325,2.48564425914087),(0.0215952722359454,4.23341007610794,0.0448041792451921),(0.0215952722359205,0.0415952722359325,2.4906575900237),(0.0265952722359195,0.0415952722359325,2.4906575900237),(0.0365952722359175,0.0415952722359325,2.48063092825803),(0.0365952722359424,4.23341007610794,0.0347775174795215),(0.0340952722359482,4.23341007610794,0.0397908483623568),(0.00501908693906472,4.23341007610794,0.0316167421091531),(0.0165952722359428,4.23341007610794,0.0448041792451921),(0.0165952722359179,0.0415952722359325,2.4906575900237),(0.038171457532826,4.23341007610794,0.0316167421091531),(0.0390952722359152,0.0415952722359325,2.47561759737519),(0.0265952722359515,4.23341007610794,0.0448041792451919),(0.0340952722359162,0.0415952722359325,2.48564425914087),(0.00330717958750526,4.23341007610794,0.0281837989115015),(0.0040952722359151,0.0415952722359325,2.47561759737519),(0.00673099429062418,4.23341007610794,0.0350496853068045),(0.0398833648843855,4.23341007610794,0.0281837989115019)));
#5372=IFCPOLYGONALFACESET(#5371,.T.,(#5363,#5364,#5365,#5366,#5367,#5368,#5369,#5370),$);
#5373=IFCINDEXEDCOLOURMAP(#5372,1.,#5362,(1,1,1,1,1,1,1,1));
#5374=IFCSTYLEDITEM(#5372,(#1407),$);
#5375=IFCCOLOURRGBLIST(((0.835294117647059,0.643137254901961,0.403921568627451)));
#5376=IFCINDEXEDPOLYGONALFACE((4,15,14,24,5,22,16,29,6,26,19,30,1,42,31,46,2,40,34,47,3,39,38,44));
#5377=IFCINDEXEDPOLYGONALFACE((33,32,43,7,21,20,27,8,18,17,23,9,25,13,28,10,45,37,48,11,36,35,41,12));
#5378=IFCINDEXEDPOLYGONALFACE((14,15,4,10,28,13,25,9,5,24));
#5379=IFCINDEXEDPOLYGONALFACE((18,8,6,29,16,22,5,9,23,17));
#5380=IFCINDEXEDPOLYGONALFACE((21,7,1,30,19,26,6,8,27,20));
#5381=IFCINDEXEDPOLYGONALFACE((31,42,1,7,43,32,33,12,2,46));
#5382=IFCINDEXEDPOLYGONALFACE((38,39,3,11,48,37,45,10,4,44));
#5383=IFCINDEXEDPOLYGONALFACE((34,40,2,12,41,35,36,11,3,47));
#5384=IFCCARTESIANPOINTLIST3D(((0.00159527223591738,0.00159527223593425,2.57990696242746),(0.00159527223591738,0.011595272235934,2.59999114703477),(0.00159527223591738,0.0315952722359336,2.59999114703477),(0.00159527223591738,0.0415952722359334,2.57990696242746),(0.00159527223591738,0.0315952722359336,2.55982277782015),(0.00159527223591738,0.011595272235934,2.55982277782015),(2.86669683259947,0.0015952722359156,4.26175225744985),(2.86669683259947,0.0115952722359154,4.24166807284254),(2.86669683259947,0.031595272235915,4.24166807284254),(2.86669683259947,0.0415952722359147,4.26175225744985),(2.86669683259947,0.031595272235915,4.28183644205716),(2.86669683259947,0.0115952722359154,4.28183644205716),(2.86669683259947,0.0365993534540721,4.25171836194008),(0.00159527223591738,0.0365952722359335,2.5698648701238),(0.00159527223591738,0.0390952722359339,2.57488591627563),(0.00159527223591738,0.0215952722359347,2.55982277782015),(2.86669683259947,0.0215952722359152,4.24166807284254),(2.86669683259947,0.0165952722359162,4.24166807284254),(0.00159527223591738,0.00659527223593415,2.5698648701238),(2.86669683259947,0.00659527223591549,4.25171016514619),(2.86669683259947,0.00409323162683695,4.25673530969497),(0.00159527223591738,0.0265952722359337,2.55982277782015),(2.86669683259947,0.0265952722359168,4.24166807284254),(0.00159527223591738,0.034095272235934,2.56484382397198),(2.86669683259947,0.0340973128449935,4.24669321739131),(0.00159527223591738,0.00909527223593454,2.56484382397198),(2.86669683259947,0.009095272235915,4.24668911899437),(2.86669683259947,0.0390973128449934,4.25673530969497),(0.00159527223591738,0.0165952722359339,2.55982277782015),(0.00159527223591738,0.00409527223593464,2.57488591627563),(0.00159527223591738,0.00659119101777605,2.58994085793723),(2.86669683259947,0.00659527223591549,4.2717943497535),(2.86669683259947,0.009095272235915,4.27681539590533),(0.00159527223591738,0.0215952722359338,2.59999114703477),(2.86669683259947,0.0215952722359152,4.28183644205716),(2.86669683259947,0.0265952722359151,4.28183644205716),(2.86669683259947,0.0365952722359149,4.2717943497535),(0.00159527223591738,0.0365952722359335,2.58994905473112),(0.00159527223591738,0.034095272235934,2.59497010088294),(0.00159527223591738,0.0165952722359339,2.59999114703477),(2.86669683259947,0.0165952722359153,4.28183644205716),(0.00159527223591738,0.0040932316268556,2.58492391018234),(2.86669683259947,0.00409527223591599,4.26677330360168),(0.00159527223591738,0.0390973128450129,2.58492391018234),(2.86669683259947,0.0390952722359144,4.26677330360168),(0.00159527223591738,0.00909323162685638,2.594966002486),(0.00159527223591738,0.0265952722359337,2.59999114703477),(2.86669683259947,0.0340952722359145,4.27681539590533)));
#5385=IFCPOLYGONALFACESET(#5384,.T.,(#5376,#5377,#5378,#5379,#5380,#5381,#5382,#5383),$);
#5386=IFCINDEXEDCOLOURMAP(#5385,1.,#5375,(1,1,1,1,1,1,1,1));
#5387=IFCSTYLEDITEM(#5385,(#1407),$);
#5388=IFCSHAPEREPRESENTATION(#24,'Body','Tessellation',(#5372,#5385));
#5389=IFCCARTESIANPOINT((-21.4101604652533,-7.53274729893014,1.01505652377118));
#5390=IFCPRODUCTDEFINITIONSHAPE($,$,(#5388));
#5391=IFCRAILING('20LeAmtxjFagTYkRE7cue9',#18,'Railing:Holzhandlauf:500945',$,'Railing:Holzhandlauf',#5361,#5390,'500945',.NOTDEFINED.);
#5392=IFCPROPERTYSET('1QxjcNvCwPgjQpVWS2Hqhk',#18,'Pset_EnvironmentalImpactIndicators',$,(#5121));
#5393=IFCPROPERTYSINGLEVALUE('Height',$,IFCPOSITIVELENGTHMEASURE(1.2192),$);
#5394=IFCPROPERTYSET('15ok4WwP1Tsj5EuQqtwJGj',#18,'Pset_RailingCommon',$,(#76,#5121,#5393));
#5395=IFCRELDEFINESBYPROPERTIES('1JzfruRR9SLP32DHCwSlAe',#18,$,$,(#5391),#5392);
#5396=IFCRELDEFINESBYPROPERTIES('2BmjOEpJ4uBHMkY0a$KUJq',#18,$,$,(#5391),#5394);
#5397=IFCAXIS2PLACEMENT3D(#3,$,$);
#5399=IFCAXIS2PLACEMENT3D(#5440,$,$);
#5400=IFCLOCALPLACEMENT(#2666,#5399);
#5401=IFCCOLOURRGBLIST(((0.835294117647059,0.643137254901961,0.403921568627451)));
#5402=IFCINDEXEDPOLYGONALFACE((19,18,24,1,33,32,44,2,40,34,47,3,42,37,48,4,21,11,26,5,22,14,27,6));
#5403=IFCINDEXEDPOLYGONALFACE((16,9,6,27,14,22,5,8,23,15));
#5404=IFCINDEXEDPOLYGONALFACE((18,19,6,9,28,17,25,10,1,24));
#5405=IFCINDEXEDPOLYGONALFACE((12,13,8,5,26,11,21,4,7,56,20));
#5406=IFCINDEXEDPOLYGONALFACE((2,44,32,33,1,10,75,46,65,31,76,45,29));
#5407=IFCINDEXEDPOLYGONALFACE((36,30,3,47,34,40,2,29,41,35));
#5408=IFCINDEXEDPOLYGONALFACE((48,37,42,3,30,43,38,39,72,7,4));
#5409=IFCINDEXEDPOLYGONALFACE((52,73,70,77,53,69,68,71,54,67,66,74,49,60,59,62,50,58,57,63,51,61,55,64));
#5410=IFCINDEXEDPOLYGONALFACE((55,61,51,8,13,12,20,56,7,52,64));
#5411=IFCINDEXEDPOLYGONALFACE((62,59,60,49,10,25,17,28,9,50));
#5412=IFCINDEXEDPOLYGONALFACE((15,23,8,51,63,57,58,50,9,16));
#5413=IFCINDEXEDPOLYGONALFACE((66,67,54,29,45,76,31,65,46,75,10,49,74));
#5414=IFCINDEXEDPOLYGONALFACE((52,7,72,39,38,43,30,53,77,70,73));
#5415=IFCINDEXEDPOLYGONALFACE((35,41,29,54,71,68,69,53,30,36));
#5416=IFCCARTESIANPOINTLIST3D(((0.0415952722359521,5.49215949618692,0.0236457782981663),(0.0315952722359505,5.49215949618692,0.00454947988195498),(0.0115952722359474,5.49215949618692,0.00454947988195475),(0.0015952722359529,5.49215949618692,0.0236457782981661),(0.0115952722359474,5.49215949618692,0.0427420767143774),(0.031595272235954,5.49215949618692,0.0427420767143774),(0.00159527223591738,0.277408014968664,2.44478499686834),(0.0115952722359154,0.281232786893197,2.46210550494403),(0.0315952722359185,0.281232786893197,2.46210550494403),(0.0415952722359165,0.277408014968662,2.44478499686835),(0.00738496456023796,5.49215949618692,0.034701947534433),(0.00659527223591638,0.279320400930931,2.45344525090619),(0.00909527223591411,0.280276593912063,2.45777537792511),(0.0215952722359525,5.49215949618692,0.0427420767143765),(0.021595272235917,0.281232786893197,2.46210550494403),(0.026595272235916,0.281232786893199,2.46210550494403),(0.0365952722359175,0.27932040093093,2.45344525090619),(0.036595272235953,5.49215949618692,0.0331939275062714),(0.0340952722359518,5.49215949618692,0.0379680021103241),(0.00449011864114723,0.278515227694321,2.44979901792231),(0.00449011839809543,5.49215949618692,0.0291738629162994),(0.0165952722359535,5.49215949618692,0.0427420767143765),(0.0165952722359179,0.281232786893197,2.46210550494403),(0.038700426073806,5.49215949618692,0.0291738629162999),(0.0390952722359152,0.278364207949796,2.44911512388727),(0.00949011839809444,5.49215949618692,0.0387220121244047),(0.0265952722359515,5.49215949618692,0.0427420767143765),(0.0340952722359162,0.280276593912063,2.45777537792511),(0.0315952722359185,0.273583243044131,2.42746448879266),(0.0115952722359154,0.273583243044131,2.42746448879266),(0.0358104749128962,0.275195461929643,2.43476543399338),(0.0365952722359495,5.49215949618692,0.0140976290900603),(0.0387028738169093,5.49215949618692,0.0181223679633105),(0.0215952722359525,5.49215949618692,0.00454947988195475),(0.021595272235917,0.273583243044133,2.42746448879266),(0.0165952722359179,0.273583243044133,2.42746448879266),(0.00659527223595191,5.49215949618692,0.014097629090061),(0.00659527223591638,0.275495629006397,2.4361247428305),(0.00448767089742219,0.276301738449154,2.43977521543087),(0.0265952722359515,5.49215949618692,0.00454947988195453),(0.026595272235916,0.273583243044129,2.42746448879266),(0.00909527223594964,5.49215949618692,0.00932355448600841),(0.00909527223591411,0.274539436025265,2.43179461581158),(0.0340952722359482,5.49215949618692,0.00932355448600708),(0.0337028735744092,0.274389352486887,2.43111496139302),(0.0387028735744082,0.276301738449153,2.43977521543086),(0.0165952722359535,5.49215949618692,0.0045494798819552),(0.00409527223595063,5.49215949618692,0.0188717036941135),(0.0415952722359165,0.0415952722359414,2.44478499686834),(0.0315952722359185,0.0415952722359414,2.46210550494403),(0.0115952722359154,0.0415952722359414,2.46210550494403),(0.00159527223591738,0.0415952722359414,2.44478499686834),(0.0115952722359154,0.0415952722359414,2.42746448879266),(0.0315952722359185,0.0415952722359414,2.42746448879266),(0.00592873834693819,0.0415952722359414,2.45229078034551),(0.0040952722359151,0.278364207949798,2.44911512388727),(0.021595272235917,0.0415952722359414,2.46210550494403),(0.026595272235916,0.0415952722359414,2.46210550494403),(0.0365952722359175,0.0415952722359414,2.45344525090619),(0.0394285391804132,0.0415952722359414,2.44853788860692),(0.00876200529142324,0.0415952722359414,2.45719814264477),(0.0340952722359162,0.0415952722359414,2.45777537792511),(0.0165952722359179,0.0415952722359414,2.46210550494403),(0.00376200529142423,0.0415952722359414,2.44853788860693),(0.0371807104557149,0.275719545773059,2.43713875157188),(0.0365952722359175,0.0415952722359414,2.4361247428305),(0.0340952722359162,0.0415952722359414,2.43179461581158),(0.021595272235917,0.0415952722359414,2.42746448879266),(0.0165952722359179,0.0415952722359414,2.42746448879266),(0.00659527223591283,0.0415952722359414,2.4361247428305),(0.026595272235916,0.0415952722359414,2.42746448879266),(0.00380255312601463,0.276563780370862,2.44096187422012),(0.0040952722359151,0.0415952722359414,2.44045486984942),(0.0390952722359152,0.0415952722359414,2.44045486984942),(0.0393879913458122,0.276563780370861,2.44096187422011),(0.0343879913458132,0.274651394408595,2.43230162018227),(0.00909527223591411,0.0415952722359414,2.43179461581158)));
#5417=IFCPOLYGONALFACESET(#5416,.T.,(#5402,#5403,#5404,#5405,#5406,#5407,#5408,#5409,#5410,#5411,#5412,#5413,#5414,#5415),$);
#5418=IFCINDEXEDCOLOURMAP(#5417,1.,#5401,(1,1,1,1,1,1,1,1,1,1,1,1,1,1));
#5419=IFCSTYLEDITEM(#5417,(#1407),$);
#5420=IFCCOLOURRGBLIST(((0.835294117647059,0.643137254901961,0.403921568627451)));
#5421=IFCINDEXEDPOLYGONALFACE((5,23,14,26,6,19,18,28,1,45,31,40,2,43,34,47,3,39,38,41,4,22,11,25));
#5422=IFCINDEXEDPOLYGONALFACE((16,9,6,26,14,23,5,8,24,15));
#5423=IFCINDEXEDPOLYGONALFACE((22,4,7,21,67,55,12,63,13,8,5,25,11));
#5424=IFCINDEXEDPOLYGONALFACE((27,10,1,28,18,19,6,9,62,20,61,17,65));
#5425=IFCINDEXEDPOLYGONALFACE((2,40,31,45,1,10,46,32,33,29));
#5426=IFCINDEXEDPOLYGONALFACE((38,39,3,30,48,37,42,7,4,41));
#5427=IFCINDEXEDPOLYGONALFACE((34,43,2,29,44,35,36,30,3,47));
#5428=IFCINDEXEDPOLYGONALFACE((57,56,68,52,74,73,77,53,72,71,76,54,75,70,78,49,66,60,69,50,59,58,64,51));
#5429=IFCINDEXEDPOLYGONALFACE((8,13,63,12,55,67,21,7,52,68,56,57,51));
#5430=IFCINDEXEDPOLYGONALFACE((60,66,49,10,27,65,17,61,20,62,9,50,69));
#5431=IFCINDEXEDPOLYGONALFACE((15,24,8,51,64,58,59,50,9,16));
#5432=IFCINDEXEDPOLYGONALFACE((54,29,33,32,46,10,49,78,70,75));
#5433=IFCINDEXEDPOLYGONALFACE((72,53,30,36,35,44,29,54,76,71));
#5434=IFCINDEXEDPOLYGONALFACE((74,52,7,42,37,48,30,53,77,73));
#5435=IFCCARTESIANPOINTLIST3D(((0.00159527223591738,0.0415952722359414,2.44478499686835),(0.00159527223591738,0.0315952722359416,2.42746448879266),(0.00159527223591738,0.011595272235942,2.42746448879266),(0.00159527223591738,0.00159527223594225,2.44478499686835),(0.00159527223591738,0.011595272235942,2.46210550494403),(0.00159527223591738,0.0315952722359416,2.46210550494403),(0.28182709458887,0.00159527223594047,2.44478499686835),(0.277941644253023,0.0115952722359403,2.46210550494403),(0.277941644253023,0.0315952722359398,2.46210550494403),(0.28182709458887,0.0415952722359396,2.44478499686834),(0.00159527223591738,0.00659527223594303,2.45344525090619),(0.279884369420948,0.00659527223593948,2.45344525090619),(0.278913006836987,0.00909527223594075,2.45777537792511),(0.00159527223591738,0.0215952722359418,2.46210550494403),(0.277941644253023,0.02159527223594,2.46210550494403),(0.277941644253023,0.026595272235939,2.46210550494403),(0.280383715235661,0.0378804406760214,2.45121927387168),(0.00159527223591738,0.0365952722359424,2.45344525090619),(0.00159527223591738,0.0340952722359411,2.45777537792511),(0.279162679744342,0.0347378564559815,2.45666238940786),(0.281105404902927,0.00345268803993193,2.44800213541164),(0.00159527223591738,0.00409527223594353,2.44911512388727),(0.00159527223591738,0.0165952722359428,2.46210550494403),(0.277941644253023,0.0165952722359393,2.46210550494403),(0.00159527223591738,0.00909527223594253,2.45777537792511),(0.00159527223591738,0.0265952722359426,2.46210550494403),(0.281105404912267,0.0397378564559805,2.44800213537001),(0.00159527223591738,0.0390952722359419,2.44911512388727),(0.285712544924717,0.0315952722359416,2.42746448879266),(0.285712544924717,0.0115952722359385,2.42746448879266),(0.00159527223591738,0.0379389391567759,2.43845204220584),(0.283769819756792,0.0365952722359406,2.4361247428305),(0.284741182340753,0.0340952722359411,2.43179461581158),(0.00159527223591738,0.0215952722359418,2.42746448879266),(0.285712544924717,0.02159527223594,2.42746448879266),(0.285712544924717,0.0165952722359393,2.42746448879266),(0.283769819756792,0.00659527223593948,2.4361247428305),(0.00159527223591738,0.00659527223594303,2.4361247428305),(0.00159527223591738,0.00909527223594253,2.43179461581158),(0.00159527223591738,0.0347671056963588,2.43295826549925),(0.00159527223591738,0.00342343877552409,2.44161851953709),(0.282798457172831,0.00409527223593997,2.44045486984942),(0.00159527223591738,0.0265952722359426,2.42746448879266),(0.285712544924717,0.0265952722359408,2.42746448879266),(0.00159527223591738,0.0397671056963596,2.44161851953709),(0.282798457172831,0.0390952722359401,2.44045486984943),(0.00159527223592093,0.0165952722359428,2.42746448879266),(0.284741182340753,0.00909527223593898,2.43179461581158),(4.12544625267844,0.0415952722359147,4.26061376355441),(4.12544625267844,0.031595272235915,4.27976986256697),(4.12544625267844,0.0115952722359154,4.27976986256697),(4.12544625267844,0.0015952722359156,4.26061376355441),(4.12544625267844,0.0115952722359154,4.24145766454186),(4.12544625267844,0.031595272235915,4.24145766454186),(0.280308046519455,0.00550485269151935,2.45155658885369),(4.12544625267844,0.00659527223591461,4.27019181306069),(4.12544625267844,0.00909527223591411,4.27498083781383),(4.12544625267844,0.0215952722359152,4.27976986256697),(4.12544625267844,0.0265952722359142,4.27976986256697),(4.12544625267844,0.0365952722359157,4.27019181306069),(0.279884369420948,0.0365952722359406,2.45344525090619),(0.278913006836987,0.0340952722359411,2.45777537792511),(0.279124845386239,0.00855006246372803,2.45683104689886),(4.12544625267844,0.0165952722359144,4.27976986256697),(0.281067570554161,0.0396404820081511,2.44817079286102),(4.12544625267844,0.0390952722359135,4.26540278830755),(0.281067570554161,0.0035500624637308,2.44817079286102),(4.12544625267844,0.00409527223591333,4.26540278830755),(4.12544625267844,0.0340952722359162,4.27498083781383),(4.12544625267844,0.037681133688757,4.25311580099859),(4.12544625267844,0.0215952722359152,4.24145766454185),(4.12544625267844,0.0165952722359144,4.24145766454185),(4.12544625267844,0.00659527223591461,4.25103571404813),(4.12544625267845,0.0035523415094918,4.2568647822765),(4.12544625267844,0.034638202962336,4.24728673277022),(4.12544625267844,0.0265952722359142,4.24145766454185),(4.12544625267844,0.00909527223591411,4.24624668929499),(4.12544625267844,0.039638202962335,4.2568647822765)));
#5436=IFCPOLYGONALFACESET(#5435,.T.,(#5421,#5422,#5423,#5424,#5425,#5426,#5427,#5428,#5429,#5430,#5431,#5432,#5433,#5434),$);
#5437=IFCINDEXEDCOLOURMAP(#5436,1.,#5420,(1,1,1,1,1,1,1,1,1,1,1,1,1,1));
#5438=IFCSTYLEDITEM(#5436,(#1407),$);
#5439=IFCSHAPEREPRESENTATION(#24,'Body','Tessellation',(#5417,#5436));
#5440=IFCCARTESIANPOINT((-22.6689098853323,-8.79149671900911,1.01726667860255));
#5441=IFCPRODUCTDEFINITIONSHAPE($,$,(#5439));
#5442=IFCRAILING('20LeAmtxjFagTYkRE7cueD',#18,'Railing:Holzhandlauf:500949',$,'Railing:Holzhandlauf',#5400,#5441,'500949',.NOTDEFINED.);
#5443=IFCPROPERTYSET('1PlV0MdkNS_QJUYIzIbDfV',#18,'Pset_EnvironmentalImpactIndicators',$,(#5121));
#5444=IFCPROPERTYSINGLEVALUE('Height',$,IFCPOSITIVELENGTHMEASURE(1.2192),$);
#5445=IFCPROPERTYSET('1p8qg7CdNMHuHCR9AoAjPk',#18,'Pset_RailingCommon',$,(#76,#5121,#5444));
#5446=IFCRELDEFINESBYPROPERTIES('2dK_Wjuc35X89pwsM4dsJn',#18,$,$,(#5442),#5443);
#5447=IFCRELDEFINESBYPROPERTIES('1FP6M6wl67IPAt0zQ7lVZP',#18,$,$,(#5442),#5445);
#5448=IFCCARTESIANPOINTLIST2D(((21.7569755485943,10.7531498923766),(-28.3832242413298,10.7531498923767)));
#5449=IFCINDEXEDPOLYCURVE(#5448,$,.F.);
#5450=IFCGRIDAXIS('E',#5449,.T.);
#5451=IFCGEOMETRICCURVESET((#5449));
#5452=IFCCARTESIANPOINTLIST2D(((21.7569755485943,5.75314989237659),(-28.3832242413298,5.75314989237675)));
#5453=IFCINDEXEDPOLYCURVE(#5452,$,.F.);
#5454=IFCGRIDAXIS('F',#5453,.T.);
#5455=IFCGEOMETRICCURVESET((#5453));
#5456=IFCCARTESIANPOINTLIST2D(((21.7569755485943,0.753149892376589),(-28.3832242413298,0.753149892376749)));
#5457=IFCINDEXEDPOLYCURVE(#5456,$,.F.);
#5458=IFCGRIDAXIS('G',#5457,.T.);
#5459=IFCGEOMETRICCURVESET((#5457));
#5460=IFCCARTESIANPOINTLIST2D(((21.7569755485943,-4.24685010762341),(-28.3832242413298,-4.24685010762325)));
#5461=IFCINDEXEDPOLYCURVE(#5460,$,.F.);
#5462=IFCGRIDAXIS('H',#5461,.T.);
#5463=IFCGEOMETRICCURVESET((#5461));
#5464=IFCCARTESIANPOINTLIST2D(((21.7569755485943,-9.24685010762341),(-28.3832242413299,-9.24685010762325)));
#5465=IFCINDEXEDPOLYCURVE(#5464,$,.F.);
#5466=IFCGRIDAXIS('I',#5465,.T.);
#5467=IFCGEOMETRICCURVESET((#5465));
#5468=IFCCARTESIANPOINTLIST2D(((21.7569755485944,15.7531498923766),(-28.3832242413298,15.7531498923768)));
#5469=IFCINDEXEDPOLYCURVE(#5468,$,.F.);
#5470=IFCGRIDAXIS('D',#5469,.T.);
#5471=IFCGEOMETRICCURVESET((#5469));
#5472=IFCCARTESIANPOINTLIST2D(((21.7569755485944,20.7531498923766),(-28.3832242413298,20.7531498923768)));
#5473=IFCINDEXEDPOLYCURVE(#5472,$,.F.);
#5474=IFCGRIDAXIS('C',#5473,.T.);
#5475=IFCGEOMETRICCURVESET((#5473));
#5476=IFCCARTESIANPOINTLIST2D(((21.7569755485944,25.7531498923766),(-28.3832242413297,25.7531498923768)));
#5477=IFCINDEXEDPOLYCURVE(#5476,$,.F.);
#5478=IFCGRIDAXIS('B',#5477,.T.);
#5479=IFCGEOMETRICCURVESET((#5477));
#5480=IFCCARTESIANPOINTLIST2D(((21.7569755485944,29.7531498923766),(-28.3832242413297,29.7531498923768)));
#5481=IFCINDEXEDPOLYCURVE(#5480,$,.F.);
#5482=IFCGRIDAXIS('A',#5481,.T.);
#5483=IFCGEOMETRICCURVESET((#5481));
#5484=IFCCARTESIANPOINTLIST2D(((21.7569755485944,24.7531498923766),(-28.3832242413297,24.7531498923768)));
#5485=IFCINDEXEDPOLYCURVE(#5484,$,.F.);
#5486=IFCGRIDAXIS('M',#5485,.T.);
#5487=IFCGEOMETRICCURVESET((#5485));
#5488=IFCCARTESIANPOINTLIST2D(((-7.99405917105965,33.9623573704853),(-7.99405917105965,-12.0298325887046)));
#5489=IFCINDEXEDPOLYCURVE(#5488,$,.F.);
#5490=IFCGRIDAXIS('4',#5489,.T.);
#5491=IFCGEOMETRICCURVESET((#5489));
#5492=IFCCARTESIANPOINTLIST2D(((-12.9940591710596,33.9623573704853),(-12.9940591710596,-12.0298325887046)));
#5493=IFCINDEXEDPOLYCURVE(#5492,$,.F.);
#5494=IFCGRIDAXIS('3',#5493,.T.);
#5495=IFCGEOMETRICCURVESET((#5493));
#5496=IFCCARTESIANPOINTLIST2D(((-17.9940591710596,33.9623573704853),(-17.9940591710596,-12.0298325887046)));
#5497=IFCINDEXEDPOLYCURVE(#5496,$,.F.);
#5498=IFCGRIDAXIS('2',#5497,.T.);
#5499=IFCGEOMETRICCURVESET((#5497));
#5500=IFCCARTESIANPOINTLIST2D(((7.00594082894036,33.9623573704853),(7.00594082894036,-12.0298325887046)));
#5501=IFCINDEXEDPOLYCURVE(#5500,$,.F.);
#5502=IFCGRIDAXIS('7',#5501,.T.);
#5503=IFCGEOMETRICCURVESET((#5501));
#5504=IFCCARTESIANPOINTLIST2D(((2.00594082894035,33.9623573704853),(2.00594082894035,-12.0298325887046)));
#5505=IFCINDEXEDPOLYCURVE(#5504,$,.F.);
#5506=IFCGRIDAXIS('6',#5505,.T.);
#5507=IFCGEOMETRICCURVESET((#5505));
#5508=IFCCARTESIANPOINTLIST2D(((12.0059408289404,33.9623573704853),(12.0059408289404,-12.0298325887046)));
#5509=IFCINDEXEDPOLYCURVE(#5508,$,.F.);
#5510=IFCGRIDAXIS('8',#5509,.T.);
#5511=IFCGEOMETRICCURVESET((#5509));
#5512=IFCCARTESIANPOINTLIST2D(((-22.9940591710596,33.9623573704853),(-22.9940591710596,-12.0298325887046)));
#5513=IFCINDEXEDPOLYCURVE(#5512,$,.F.);
#5514=IFCGRIDAXIS('1',#5513,.T.);
#5515=IFCGEOMETRICCURVESET((#5513));
#5516=IFCCARTESIANPOINTLIST2D(((17.0059408289403,33.9623573704853),(17.0059408289403,-12.0298325887046)));
#5517=IFCINDEXEDPOLYCURVE(#5516,$,.F.);
#5518=IFCGRIDAXIS('9',#5517,.T.);
#5519=IFCGEOMETRICCURVESET((#5517));
#5520=IFCCARTESIANPOINTLIST2D(((-18.9940591710596,33.9623573704853),(-18.9940591710596,-12.0298325887046)));
#5521=IFCINDEXEDPOLYCURVE(#5520,$,.F.);
#5522=IFCGRIDAXIS('J',#5521,.T.);
#5523=IFCGEOMETRICCURVESET((#5521));
#5524=IFCCARTESIANPOINTLIST2D(((-3.99405917105965,33.9623573704853),(-3.99405917105965,-12.0298325887046)));
#5525=IFCINDEXEDPOLYCURVE(#5524,$,.F.);
#5526=IFCGRIDAXIS('K',#5525,.T.);
#5527=IFCGEOMETRICCURVESET((#5525));
#5528=IFCCARTESIANPOINTLIST2D(((-2.9940591710597,-12.0298325887046),(-2.99405917105963,33.9623573704853)));
#5529=IFCINDEXEDPOLYCURVE(#5528,$,.F.);
#5530=IFCGRIDAXIS('5',#5529,.T.);
#5531=IFCGEOMETRICCURVESET((#5529));
#5532=IFCSHAPEREPRESENTATION(#26,'FootPrint','GeometricCurveSet',(#5451,#5455,#5459,#5463,#5467,#5471,#5475,#5479,#5483,#5487,#5491,#5495,#5499,#5503,#5507,#5511,#5515,#5519,#5523,#5527,#5531));
#5533=IFCPRODUCTDEFINITIONSHAPE($,$,(#5532));
#5534=IFCLOCALPLACEMENT(#30,#37);
#5535=IFCGRID('2vVYk8VWENmwp2otf5sJ1q',#18,'Default Grid',$,$,#5534,#5533,(#5450,#5454,#5458,#5462,#5466,#5470,#5474,#5478,#5482,#5486),(#5490,#5494,#5498,#5502,#5506,#5510,#5514,#5518,#5522,#5526),(#5530),$);
#5536=IFCCARTESIANPOINTLIST2D(((21.7569755485943,10.7531498923766),(-28.3832242413298,10.7531498923767)));
#5537=IFCINDEXEDPOLYCURVE(#5536,$,.F.);
#5538=IFCGRIDAXIS('E',#5537,.T.);
#5539=IFCGEOMETRICCURVESET((#5537));
#5540=IFCCARTESIANPOINTLIST2D(((21.7569755485943,5.75314989237659),(-28.3832242413298,5.75314989237675)));
#5541=IFCINDEXEDPOLYCURVE(#5540,$,.F.);
#5542=IFCGRIDAXIS('F',#5541,.T.);
#5543=IFCGEOMETRICCURVESET((#5541));
#5544=IFCCARTESIANPOINTLIST2D(((21.7569755485943,0.753149892376589),(-28.3832242413298,0.753149892376749)));
#5545=IFCINDEXEDPOLYCURVE(#5544,$,.F.);
#5546=IFCGRIDAXIS('G',#5545,.T.);
#5547=IFCGEOMETRICCURVESET((#5545));
#5548=IFCCARTESIANPOINTLIST2D(((21.7569755485943,-4.24685010762341),(-28.3832242413298,-4.24685010762325)));
#5549=IFCINDEXEDPOLYCURVE(#5548,$,.F.);
#5550=IFCGRIDAXIS('H',#5549,.T.);
#5551=IFCGEOMETRICCURVESET((#5549));
#5552=IFCCARTESIANPOINTLIST2D(((21.7569755485943,-9.24685010762341),(-28.3832242413299,-9.24685010762325)));
#5553=IFCINDEXEDPOLYCURVE(#5552,$,.F.);
#5554=IFCGRIDAXIS('I',#5553,.T.);
#5555=IFCGEOMETRICCURVESET((#5553));
#5556=IFCCARTESIANPOINTLIST2D(((21.7569755485944,15.7531498923766),(-28.3832242413298,15.7531498923768)));
#5557=IFCINDEXEDPOLYCURVE(#5556,$,.F.);
#5558=IFCGRIDAXIS('D',#5557,.T.);
#5559=IFCGEOMETRICCURVESET((#5557));
#5560=IFCCARTESIANPOINTLIST2D(((21.7569755485944,20.7531498923766),(-28.3832242413298,20.7531498923768)));
#5561=IFCINDEXEDPOLYCURVE(#5560,$,.F.);
#5562=IFCGRIDAXIS('C',#5561,.T.);
#5563=IFCGEOMETRICCURVESET((#5561));
#5564=IFCCARTESIANPOINTLIST2D(((21.7569755485944,25.7531498923766),(-28.3832242413297,25.7531498923768)));
#5565=IFCINDEXEDPOLYCURVE(#5564,$,.F.);
#5566=IFCGRIDAXIS('B',#5565,.T.);
#5567=IFCGEOMETRICCURVESET((#5565));
#5568=IFCCARTESIANPOINTLIST2D(((21.7569755485944,29.7531498923766),(-28.3832242413297,29.7531498923768)));
#5569=IFCINDEXEDPOLYCURVE(#5568,$,.F.);
#5570=IFCGRIDAXIS('A',#5569,.T.);
#5571=IFCGEOMETRICCURVESET((#5569));
#5572=IFCCARTESIANPOINTLIST2D(((21.7569755485944,24.7531498923766),(-28.3832242413297,24.7531498923768)));
#5573=IFCINDEXEDPOLYCURVE(#5572,$,.F.);
#5574=IFCGRIDAXIS('M',#5573,.T.);
#5575=IFCGEOMETRICCURVESET((#5573));
#5576=IFCCARTESIANPOINTLIST2D(((-7.99405917105965,33.9623573704853),(-7.99405917105965,-12.0298325887046)));
#5577=IFCINDEXEDPOLYCURVE(#5576,$,.F.);
#5578=IFCGRIDAXIS('4',#5577,.T.);
#5579=IFCGEOMETRICCURVESET((#5577));
#5580=IFCCARTESIANPOINTLIST2D(((-12.9940591710596,33.9623573704853),(-12.9940591710596,-12.0298325887046)));
#5581=IFCINDEXEDPOLYCURVE(#5580,$,.F.);
#5582=IFCGRIDAXIS('3',#5581,.T.);
#5583=IFCGEOMETRICCURVESET((#5581));
#5584=IFCCARTESIANPOINTLIST2D(((-17.9940591710596,33.9623573704853),(-17.9940591710596,-12.0298325887046)));
#5585=IFCINDEXEDPOLYCURVE(#5584,$,.F.);
#5586=IFCGRIDAXIS('2',#5585,.T.);
#5587=IFCGEOMETRICCURVESET((#5585));
#5588=IFCCARTESIANPOINTLIST2D(((7.00594082894036,33.9623573704853),(7.00594082894036,-12.0298325887046)));
#5589=IFCINDEXEDPOLYCURVE(#5588,$,.F.);
#5590=IFCGRIDAXIS('7',#5589,.T.);
#5591=IFCGEOMETRICCURVESET((#5589));
#5592=IFCCARTESIANPOINTLIST2D(((2.00594082894035,33.9623573704853),(2.00594082894035,-12.0298325887046)));
#5593=IFCINDEXEDPOLYCURVE(#5592,$,.F.);
#5594=IFCGRIDAXIS('6',#5593,.T.);
#5595=IFCGEOMETRICCURVESET((#5593));
#5596=IFCCARTESIANPOINTLIST2D(((12.0059408289404,33.9623573704853),(12.0059408289404,-12.0298325887046)));
#5597=IFCINDEXEDPOLYCURVE(#5596,$,.F.);
#5598=IFCGRIDAXIS('8',#5597,.T.);
#5599=IFCGEOMETRICCURVESET((#5597));
#5600=IFCCARTESIANPOINTLIST2D(((-22.9940591710596,33.9623573704853),(-22.9940591710596,-12.0298325887046)));
#5601=IFCINDEXEDPOLYCURVE(#5600,$,.F.);
#5602=IFCGRIDAXIS('1',#5601,.T.);
#5603=IFCGEOMETRICCURVESET((#5601));
#5604=IFCCARTESIANPOINTLIST2D(((17.0059408289403,33.9623573704853),(17.0059408289403,-12.0298325887046)));
#5605=IFCINDEXEDPOLYCURVE(#5604,$,.F.);
#5606=IFCGRIDAXIS('9',#5605,.T.);
#5607=IFCGEOMETRICCURVESET((#5605));
#5608=IFCCARTESIANPOINTLIST2D(((-18.9940591710596,33.9623573704853),(-18.9940591710596,-12.0298325887046)));
#5609=IFCINDEXEDPOLYCURVE(#5608,$,.F.);
#5610=IFCGRIDAXIS('J',#5609,.T.);
#5611=IFCGEOMETRICCURVESET((#5609));
#5612=IFCCARTESIANPOINTLIST2D(((-3.99405917105965,33.9623573704853),(-3.99405917105965,-12.0298325887046)));
#5613=IFCINDEXEDPOLYCURVE(#5612,$,.F.);
#5614=IFCGRIDAXIS('K',#5613,.T.);
#5615=IFCGEOMETRICCURVESET((#5613));
#5616=IFCCARTESIANPOINTLIST2D(((-2.9940591710597,-12.0298325887046),(-2.99405917105963,33.9623573704853)));
#5617=IFCINDEXEDPOLYCURVE(#5616,$,.F.);
#5618=IFCGRIDAXIS('5',#5617,.T.);
#5619=IFCGEOMETRICCURVESET((#5617));
#5620=IFCSHAPEREPRESENTATION(#26,'FootPrint','GeometricCurveSet',(#5539,#5543,#5547,#5551,#5555,#5559,#5563,#5567,#5571,#5575,#5579,#5583,#5587,#5591,#5595,#5599,#5603,#5607,#5611,#5615,#5619));
#5621=IFCPRODUCTDEFINITIONSHAPE($,$,(#5620));
#5622=IFCLOCALPLACEMENT(#30,#41);
#5623=IFCGRID('0FESNm46w8mbiRpi_MPOXa',#18,'Default Grid',$,$,#5622,#5621,(#5538,#5542,#5546,#5550,#5554,#5558,#5562,#5566,#5570,#5574),(#5578,#5582,#5586,#5590,#5594,#5598,#5602,#5606,#5610,#5614),(#5618),$);
#5624=IFCCARTESIANPOINTLIST2D(((-7.99405917105965,33.9623573704853),(-7.99405917105965,-12.0298325887046)));
#5625=IFCINDEXEDPOLYCURVE(#5624,$,.F.);
#5626=IFCGRIDAXIS('4',#5625,.T.);
#5627=IFCGEOMETRICCURVESET((#5625));
#5628=IFCCARTESIANPOINTLIST2D(((-12.9940591710596,33.9623573704853),(-12.9940591710596,-12.0298325887046)));
#5629=IFCINDEXEDPOLYCURVE(#5628,$,.F.);
#5630=IFCGRIDAXIS('3',#5629,.T.);
#5631=IFCGEOMETRICCURVESET((#5629));
#5632=IFCCARTESIANPOINTLIST2D(((-17.9940591710596,33.9623573704853),(-17.9940591710596,-12.0298325887046)));
#5633=IFCINDEXEDPOLYCURVE(#5632,$,.F.);
#5634=IFCGRIDAXIS('2',#5633,.T.);
#5635=IFCGEOMETRICCURVESET((#5633));
#5636=IFCCARTESIANPOINTLIST2D(((7.00594082894036,33.9623573704853),(7.00594082894036,-12.0298325887046)));
#5637=IFCINDEXEDPOLYCURVE(#5636,$,.F.);
#5638=IFCGRIDAXIS('7',#5637,.T.);
#5639=IFCGEOMETRICCURVESET((#5637));
#5640=IFCCARTESIANPOINTLIST2D(((2.00594082894035,33.9623573704853),(2.00594082894035,-12.0298325887046)));
#5641=IFCINDEXEDPOLYCURVE(#5640,$,.F.);
#5642=IFCGRIDAXIS('6',#5641,.T.);
#5643=IFCGEOMETRICCURVESET((#5641));
#5644=IFCCARTESIANPOINTLIST2D(((12.0059408289404,33.9623573704853),(12.0059408289404,-12.0298325887046)));
#5645=IFCINDEXEDPOLYCURVE(#5644,$,.F.);
#5646=IFCGRIDAXIS('8',#5645,.T.);
#5647=IFCGEOMETRICCURVESET((#5645));
#5648=IFCCARTESIANPOINTLIST2D(((-22.9940591710596,33.9623573704853),(-22.9940591710596,-12.0298325887046)));
#5649=IFCINDEXEDPOLYCURVE(#5648,$,.F.);
#5650=IFCGRIDAXIS('1',#5649,.T.);
#5651=IFCGEOMETRICCURVESET((#5649));
#5652=IFCCARTESIANPOINTLIST2D(((17.0059408289403,33.9623573704853),(17.0059408289403,-12.0298325887046)));
#5653=IFCINDEXEDPOLYCURVE(#5652,$,.F.);
#5654=IFCGRIDAXIS('9',#5653,.T.);
#5655=IFCGEOMETRICCURVESET((#5653));
#5656=IFCCARTESIANPOINTLIST2D(((-18.9940591710596,33.9623573704853),(-18.9940591710596,-12.0298325887046)));
#5657=IFCINDEXEDPOLYCURVE(#5656,$,.F.);
#5658=IFCGRIDAXIS('J',#5657,.T.);
#5659=IFCGEOMETRICCURVESET((#5657));
#5660=IFCCARTESIANPOINTLIST2D(((-3.99405917105965,33.9623573704853),(-3.99405917105965,-12.0298325887046)));
#5661=IFCINDEXEDPOLYCURVE(#5660,$,.F.);
#5662=IFCGRIDAXIS('K',#5661,.T.);
#5663=IFCGEOMETRICCURVESET((#5661));
#5664=IFCCARTESIANPOINTLIST2D(((-2.9940591710597,-12.0298325887046),(-2.99405917105963,33.9623573704853)));
#5665=IFCINDEXEDPOLYCURVE(#5664,$,.F.);
#5666=IFCGRIDAXIS('5',#5665,.T.);
#5667=IFCGEOMETRICCURVESET((#5665));
#5668=IFCSHAPEREPRESENTATION(#26,'FootPrint','GeometricCurveSet',(#5627,#5631,#5635,#5639,#5643,#5647,#5651,#5655,#5659,#5663,#5667));
#5669=IFCPRODUCTDEFINITIONSHAPE($,$,(#5668));
#5670=IFCLOCALPLACEMENT(#30,#34);
#5671=IFCGRID('1dSAd$YWVTLAuq4dLbc3QD',#18,'Default Grid',$,$,#5670,#5669,(#5626,#5630,#5634,#5638,#5642,#5646,#5650,#5654,#5658,#5662),(#5666),$,$);
#5672=IFCCARTESIANPOINTLIST2D(((-7.99405917105965,33.9623573704853),(-7.99405917105965,-12.0298325887046)));
#5673=IFCINDEXEDPOLYCURVE(#5672,$,.F.);
#5674=IFCGRIDAXIS('4',#5673,.T.);
#5675=IFCGEOMETRICCURVESET((#5673));
#5676=IFCCARTESIANPOINTLIST2D(((-12.9940591710596,33.9623573704853),(-12.9940591710596,-12.0298325887046)));
#5677=IFCINDEXEDPOLYCURVE(#5676,$,.F.);
#5678=IFCGRIDAXIS('3',#5677,.T.);
#5679=IFCGEOMETRICCURVESET((#5677));
#5680=IFCCARTESIANPOINTLIST2D(((-17.9940591710596,33.9623573704853),(-17.9940591710596,-12.0298325887046)));
#5681=IFCINDEXEDPOLYCURVE(#5680,$,.F.);
#5682=IFCGRIDAXIS('2',#5681,.T.);
#5683=IFCGEOMETRICCURVESET((#5681));
#5684=IFCCARTESIANPOINTLIST2D(((7.00594082894036,33.9623573704853),(7.00594082894036,-12.0298325887046)));
#5685=IFCINDEXEDPOLYCURVE(#5684,$,.F.);
#5686=IFCGRIDAXIS('7',#5685,.T.);
#5687=IFCGEOMETRICCURVESET((#5685));
#5688=IFCCARTESIANPOINTLIST2D(((2.00594082894035,33.9623573704853),(2.00594082894035,-12.0298325887046)));
#5689=IFCINDEXEDPOLYCURVE(#5688,$,.F.);
#5690=IFCGRIDAXIS('6',#5689,.T.);
#5691=IFCGEOMETRICCURVESET((#5689));
#5692=IFCCARTESIANPOINTLIST2D(((12.0059408289404,33.9623573704853),(12.0059408289404,-12.0298325887046)));
#5693=IFCINDEXEDPOLYCURVE(#5692,$,.F.);
#5694=IFCGRIDAXIS('8',#5693,.T.);
#5695=IFCGEOMETRICCURVESET((#5693));
#5696=IFCCARTESIANPOINTLIST2D(((-22.9940591710596,33.9623573704853),(-22.9940591710596,-12.0298325887046)));
#5697=IFCINDEXEDPOLYCURVE(#5696,$,.F.);
#5698=IFCGRIDAXIS('1',#5697,.T.);
#5699=IFCGEOMETRICCURVESET((#5697));
#5700=IFCCARTESIANPOINTLIST2D(((17.0059408289403,33.9623573704853),(17.0059408289403,-12.0298325887046)));
#5701=IFCINDEXEDPOLYCURVE(#5700,$,.F.);
#5702=IFCGRIDAXIS('9',#5701,.T.);
#5703=IFCGEOMETRICCURVESET((#5701));
#5704=IFCCARTESIANPOINTLIST2D(((-18.9940591710596,33.9623573704853),(-18.9940591710596,-12.0298325887046)));
#5705=IFCINDEXEDPOLYCURVE(#5704,$,.F.);
#5706=IFCGRIDAXIS('J',#5705,.T.);
#5707=IFCGEOMETRICCURVESET((#5705));
#5708=IFCCARTESIANPOINTLIST2D(((-3.99405917105965,33.9623573704853),(-3.99405917105965,-12.0298325887046)));
#5709=IFCINDEXEDPOLYCURVE(#5708,$,.F.);
#5710=IFCGRIDAXIS('K',#5709,.T.);
#5711=IFCGEOMETRICCURVESET((#5709));
#5712=IFCCARTESIANPOINTLIST2D(((-2.9940591710597,-12.0298325887046),(-2.99405917105963,33.9623573704853)));
#5713=IFCINDEXEDPOLYCURVE(#5712,$,.F.);
#5714=IFCGRIDAXIS('5',#5713,.T.);
#5715=IFCGEOMETRICCURVESET((#5713));
#5716=IFCSHAPEREPRESENTATION(#26,'FootPrint','GeometricCurveSet',(#5675,#5679,#5683,#5687,#5691,#5695,#5699,#5703,#5707,#5711,#5715));
#5717=IFCPRODUCTDEFINITIONSHAPE($,$,(#5716));
#5718=IFCLOCALPLACEMENT(#30,#45);
#5719=IFCGRID('1AKwaP_wThkyE2d1cyacEm',#18,'Default Grid',$,$,#5718,#5717,(#5674,#5678,#5682,#5686,#5690,#5694,#5698,#5702,#5706,#5710),(#5714),$,$);
#5720=IFCCARTESIANPOINTLIST2D(((-7.99405917105965,33.9623573704853),(-7.99405917105965,-12.0298325887046)));
#5721=IFCINDEXEDPOLYCURVE(#5720,$,.F.);
#5722=IFCGRIDAXIS('4',#5721,.T.);
#5723=IFCGEOMETRICCURVESET((#5721));
#5724=IFCCARTESIANPOINTLIST2D(((-12.9940591710596,33.9623573704853),(-12.9940591710596,-12.0298325887046)));
#5725=IFCINDEXEDPOLYCURVE(#5724,$,.F.);
#5726=IFCGRIDAXIS('3',#5725,.T.);
#5727=IFCGEOMETRICCURVESET((#5725));
#5728=IFCCARTESIANPOINTLIST2D(((-17.9940591710596,33.9623573704853),(-17.9940591710596,-12.0298325887046)));
#5729=IFCINDEXEDPOLYCURVE(#5728,$,.F.);
#5730=IFCGRIDAXIS('2',#5729,.T.);
#5731=IFCGEOMETRICCURVESET((#5729));
#5732=IFCCARTESIANPOINTLIST2D(((7.00594082894036,33.9623573704853),(7.00594082894036,-12.0298325887046)));
#5733=IFCINDEXEDPOLYCURVE(#5732,$,.F.);
#5734=IFCGRIDAXIS('7',#5733,.T.);
#5735=IFCGEOMETRICCURVESET((#5733));
#5736=IFCCARTESIANPOINTLIST2D(((2.00594082894035,33.9623573704853),(2.00594082894035,-12.0298325887046)));
#5737=IFCINDEXEDPOLYCURVE(#5736,$,.F.);
#5738=IFCGRIDAXIS('6',#5737,.T.);
#5739=IFCGEOMETRICCURVESET((#5737));
#5740=IFCCARTESIANPOINTLIST2D(((12.0059408289404,33.9623573704853),(12.0059408289404,-12.0298325887046)));
#5741=IFCINDEXEDPOLYCURVE(#5740,$,.F.);
#5742=IFCGRIDAXIS('8',#5741,.T.);
#5743=IFCGEOMETRICCURVESET((#5741));
#5744=IFCCARTESIANPOINTLIST2D(((-22.9940591710596,33.9623573704853),(-22.9940591710596,-12.0298325887046)));
#5745=IFCINDEXEDPOLYCURVE(#5744,$,.F.);
#5746=IFCGRIDAXIS('1',#5745,.T.);
#5747=IFCGEOMETRICCURVESET((#5745));
#5748=IFCCARTESIANPOINTLIST2D(((17.0059408289403,33.9623573704853),(17.0059408289403,-12.0298325887046)));
#5749=IFCINDEXEDPOLYCURVE(#5748,$,.F.);
#5750=IFCGRIDAXIS('9',#5749,.T.);
#5751=IFCGEOMETRICCURVESET((#5749));
#5752=IFCCARTESIANPOINTLIST2D(((-18.9940591710596,33.9623573704853),(-18.9940591710596,-12.0298325887046)));
#5753=IFCINDEXEDPOLYCURVE(#5752,$,.F.);
#5754=IFCGRIDAXIS('J',#5753,.T.);
#5755=IFCGEOMETRICCURVESET((#5753));
#5756=IFCCARTESIANPOINTLIST2D(((-3.99405917105965,33.9623573704853),(-3.99405917105965,-12.0298325887046)));
#5757=IFCINDEXEDPOLYCURVE(#5756,$,.F.);
#5758=IFCGRIDAXIS('K',#5757,.T.);
#5759=IFCGEOMETRICCURVESET((#5757));
#5760=IFCCARTESIANPOINTLIST2D(((-2.9940591710597,-12.0298325887046),(-2.99405917105963,33.9623573704853)));
#5761=IFCINDEXEDPOLYCURVE(#5760,$,.F.);
#5762=IFCGRIDAXIS('5',#5761,.T.);
#5763=IFCGEOMETRICCURVESET((#5761));
#5764=IFCSHAPEREPRESENTATION(#26,'FootPrint','GeometricCurveSet',(#5723,#5727,#5731,#5735,#5739,#5743,#5747,#5751,#5755,#5759,#5763));
#5765=IFCPRODUCTDEFINITIONSHAPE($,$,(#5764));
#5766=IFCLOCALPLACEMENT(#30,#49);
#5767=IFCGRID('3cLDVjdHwe_b2XKI1ExDSH',#18,'Default Grid',$,$,#5766,#5765,(#5722,#5726,#5730,#5734,#5738,#5742,#5746,#5750,#5754,#5758),(#5762),$,$);
#5768=IFCRELAGGREGATES('0WD49vXOIPBJrvXsERjQcE',#18,$,$,#1251,(#1443,#1461,#1476,#1488,#1501,#1514,#5119,#5172));
#5769=IFCRELAGGREGATES('0VQpokjx8B9ThbEx3fcXGp',#18,$,$,#1628,(#1823,#1835,#1849,#1861,#1874,#1887,#5211,#5262));
#5770=IFCRELAGGREGATES('3yujIrluPSGkT7id1YRoTs',#18,$,$,#2011,(#2185,#2198,#2212,#2225,#2238,#2251,#5301,#5352));
#5771=IFCRELAGGREGATES('2aICyeqc1ukYJwXS3utQiX',#18,$,$,#2667,(#2862,#2875,#2889,#2902,#2915,#2928,#5391,#5442));
#5772=IFCPROPERTYSINGLEVALUE('Reference',$,IFCIDENTIFIER('Ebene'),$);
#5773=IFCPROPERTYSINGLEVALUE('AboveGround',$,IFCLOGICAL(.F.),$);
#5774=IFCPROPERTYSET('2by_D7PyhOm7LSS6yvrYTy',#18,'Pset_BuildingStoreyCommon',$,(#5772,#5773));
#5775=IFCRELDEFINESBYPROPERTIES('3r1RIda2hWYOKWJCqJLSts',#18,$,$,(#36),#5774);
#5776=IFCRELCONTAINEDINSPATIALSTRUCTURE('1nC356ilb3OeWYbPwo7Kqi',#18,$,$,(#5671),#36);
#5777=IFCPROPERTYSET('2HWxm134IyaSnh8MBN5jk6',#18,'Pset_BuildingStoreyCommon',$,(#5772,#5773));
#5778=IFCRELDEFINESBYPROPERTIES('07S9J0WJaiPj8_ajVOOb7a',#18,$,$,(#39),#5777);
#5779=IFCRELCONTAINEDINSPATIALSTRUCTURE('13LV5dTeP3CAox54$56C1Z',#18,$,$,(#131,#160,#175,#189,#215,#231,#257,#272,#286,#300,#314,#328,#342,#356,#370,#384,#398,#412,#426,#440,#454,#468,#482,#496,#510,#524,#538,#552,#566,#628,#691,#772,#832,#905,#991,#1046,#1121,#1163,#1164,#1197,#1628,#2615,#2657,#2667,#3013,#3050,#3593,#3609,#3624,#3639,#3801,#3818,#3834,#3850,#3866,#3882,#3898,#3914,#3930,#3946,#3962,#4503,#4519,#4966,#4981,#5076,#5535),#39);
#5780=IFCPROPERTYSET('1K$EBgaOvTrgCDDnebEWtw',#18,'Pset_BuildingStoreyCommon',$,(#5772,#5773));
#5781=IFCRELDEFINESBYPROPERTIES('24CZ8lBHx7iefDaZ2ZG8a5',#18,$,$,(#43),#5780);
#5782=IFCRELCONTAINEDINSPATIALSTRUCTURE('0kWfSd9l1F5hqE2TMsDduT',#18,$,$,(#1251,#1596,#1618,#2011,#2575,#4534,#4550,#4566,#4582,#4598,#4614,#4630,#4646,#4662,#4678,#4694,#4710,#4726,#4742,#4758,#4774,#4790,#4996,#5012,#5028,#5044,#5060,#5623),#43);
#5783=IFCPROPERTYSET('3h5UAL833s$jHkUaco4f3t',#18,'Pset_BuildingStoreyCommon',$,(#5772,#5773));
#5784=IFCRELDEFINESBYPROPERTIES('0uEtCgkXiIMQn_58CETGMN',#18,$,$,(#47),#5783);
#5785=IFCRELCONTAINEDINSPATIALSTRUCTURE('3N$RrPsovAHgl0emXh8NAI',#18,$,$,(#1957,#1979,#2001,#2335,#2336,#2375,#2411,#2433,#2456,#2478,#2500,#2531,#2553,#4806,#4822,#4838,#4854,#4870,#4886,#4902,#4918,#4934,#4950,#5719),#47);
#5786=IFCPROPERTYSET('2lqPSFHVNtBDcaAinLmZpH',#18,'Pset_BuildingStoreyCommon',$,(#5772,#5773));
#5787=IFCRELDEFINESBYPROPERTIES('0DCEE8Gblt_O1YMh1oKgYd',#18,$,$,(#51),#5786);
#5788=IFCRELCONTAINEDINSPATIALSTRUCTURE('1nC356ilb3OeWYbPwo7K_W',#18,$,$,(#1233,#1234,#5767),#51);
#5789=IFCRELAGGREGATES('2EcyZDvlcgvO0Ye_bXA6xI',#18,$,$,#27,(#54));
#5790=IFCRELAGGREGATES('3peAG_DzXHiA1JPx4VgRiN',#18,$,$,#54,(#32));
#5791=IFCRELAGGREGATES('13LV5dTeP3CAox54p56C1Z',#18,$,$,#39,(#73,#94));
#5792=IFCRELAGGREGATES('3ArnKS23b6KfTZD9DLuN09',#18,$,$,#32,(#36,#39,#43,#47,#51));
#5793=IFCPROPERTYSINGLEVALUE('NumberOfStoreys',$,IFCINTEGER(5),$);
#5794=IFCPROPERTYSINGLEVALUE('IsLandmarked',$,IFCLOGICAL(.F.),$);
#5795=IFCPROPERTYSET('2G6odJlT4r_4$rkszJB1jO',#18,'Pset_BuildingCommon',$,(#55,#5793,#5794));
#5796=IFCPROPERTYSET('2tiY0UMwufpdzKN6HX5AUl',#18,'Pset_BuildingElementProxyCommon',$,(#55,#76));
#5797=IFCPROPERTYSET('3WC_nOz$7mp11pqLPy_NtR',#18,'Pset_BuildingStoreyCommon',$,(#55,#5773));
#5798=IFCPROPERTYSET('23P$c0dgQrrGE261aK5TBR',#18,'Pset_BuildingSystemCommon',$,(#55));
#5799=IFCRELDEFINESBYPROPERTIES('0UibQmrYNL4$rbUBLwGb5B',#18,$,$,(#32),#5795);
#5800=IFCRELDEFINESBYPROPERTIES('2JQ6YTAnmbALuhsVOzSrvY',#18,$,$,(#32),#5796);
#5801=IFCRELDEFINESBYPROPERTIES('0D8$TRhZAXiVWku2iKTwtV',#18,$,$,(#32),#5797);
#5802=IFCRELDEFINESBYPROPERTIES('0Nc9_fLKr59hrfekzdWLi8',#18,$,$,(#32),#5798);
#5803=IFCRELASSOCIATESMATERIAL('3H1Ib3Uy6Vj_nP5eztDhBs',#18,$,$,(#3575),#3586);
#5804=IFCRELASSOCIATESMATERIAL('1rCf9WRn2Sim5d0pbFlnGe',#18,$,$,(#3593),#3597);
#5805=IFCRELASSOCIATESMATERIAL('0mU1GNZlSGu_NIVCKMZ7rC',#18,$,$,(#3609),#3613);
#5806=IFCRELASSOCIATESMATERIAL('2WYXZdZ$PxXO8L1l74Aj7H',#18,$,$,(#3624),#3628);
#5807=IFCRELASSOCIATESMATERIAL('1yiVKtYpAwHV35I5IInrKS',#18,$,$,(#3639),#3643);
#5808=IFCRELASSOCIATESMATERIAL('3N353oKKZSMunekO7PMWMV',#18,$,$,(#3775),#3794);
#5809=IFCRELASSOCIATESMATERIAL('0cc2LEV1oCsEfHE0DnZ4er',#18,$,$,(#3801),#3806);
#5810=IFCRELASSOCIATESMATERIAL('1K89TbIihGEUHwTWvdQMvZ',#18,$,$,(#3818),#3823);
#5811=IFCRELASSOCIATESMATERIAL('0kuLdf0Ioo7OWpUF5QkJZH',#18,$,$,(#3834),#3839);
#5812=IFCRELASSOCIATESMATERIAL('3PHNb0D7QHdi2tp724ZhD3',#18,$,$,(#3850),#3855);
#5813=IFCRELASSOCIATESMATERIAL('3GpFoaCfIaLQt3wIR2xYVJ',#18,$,$,(#3866),#3871);
#5814=IFCRELASSOCIATESMATERIAL('0Eid4fNAYOTmMtGMdULnCo',#18,$,$,(#3882),#3887);
#5815=IFCRELASSOCIATESMATERIAL('123Ur8sQYHI0yM2Z$xPxby',#18,$,$,(#3898),#3903);
#5816=IFCRELASSOCIATESMATERIAL('3juKNoaAo3ySXM6BNrV$1J',#18,$,$,(#3914),#3919);
#5817=IFCRELASSOCIATESMATERIAL('2pUEA0tSWmPAdPUhBAa3J_',#18,$,$,(#3930),#3935);
#5818=IFCRELASSOCIATESMATERIAL('0XrkUuUj7BbHjpp5tK0ohh',#18,$,$,(#3946),#3951);
#5819=IFCRELASSOCIATESMATERIAL('32GtGCFH8TPXW7Fj$YtmSB',#18,$,$,(#3962),#3967);
#5820=IFCRELASSOCIATESMATERIAL('0bM6TATHp1qDdDqXLOOTD3',#18,$,$,(#4486),#4496);
#5821=IFCRELASSOCIATESMATERIAL('3iyLzpBU1tvcgaGSlKCy4R',#18,$,$,(#4503),#4507);
#5822=IFCRELASSOCIATESMATERIAL('33RSmnVuUuyoqgVe2MeOI7',#18,$,$,(#4519),#4523);
#5823=IFCRELASSOCIATESMATERIAL('2$1ElpkeZNY9svNerG8eW4',#18,$,$,(#4534),#4539);
#5824=IFCRELASSOCIATESMATERIAL('3tvXHAhTCjZGdpOD14sMOM',#18,$,$,(#4550),#4555);
#5825=IFCRELASSOCIATESMATERIAL('02INMN1O4rpR2CAqckQNs0',#18,$,$,(#4566),#4571);
#5826=IFCRELASSOCIATESMATERIAL('1jIZ12fGcfV$Hdau$G21tE',#18,$,$,(#4582),#4587);
#5827=IFCRELASSOCIATESMATERIAL('2PZx26g99dbAU1HZvn4fXl',#18,$,$,(#4598),#4603);
#5828=IFCRELASSOCIATESMATERIAL('3HCwWCX79WA8Zj$_XpG2di',#18,$,$,(#4614),#4619);
#5829=IFCRELASSOCIATESMATERIAL('3JLJGWMJBrUikH1RicvPsC',#18,$,$,(#4630),#4635);
#5830=IFCRELASSOCIATESMATERIAL('3YiuYoedrRa2JtWpTyAr39',#18,$,$,(#4646),#4651);
#5831=IFCRELASSOCIATESMATERIAL('3gHFPs8oriv8plbUa2Vaco',#18,$,$,(#4662),#4667);
#5832=IFCRELASSOCIATESMATERIAL('20WcGtXd$PlVwyxJn0cTDB',#18,$,$,(#4678),#4683);
#5833=IFCRELASSOCIATESMATERIAL('2tdO8NhAb4zAIxRqr6K35m',#18,$,$,(#4694),#4699);
#5834=IFCRELASSOCIATESMATERIAL('0UmJFMn8h5tbj7uxVhTYBY',#18,$,$,(#4710),#4715);
#5835=IFCRELASSOCIATESMATERIAL('3VN2QDwi$nKlv9y_Is$SKe',#18,$,$,(#4726),#4731);
#5836=IFCRELASSOCIATESMATERIAL('0f1JDS7LB2R6qoPUSQVTv3',#18,$,$,(#4742),#4747);
#5837=IFCRELASSOCIATESMATERIAL('0PWT5yDfgnUAtWgmockWv8',#18,$,$,(#4758),#4763);
#5838=IFCRELASSOCIATESMATERIAL('3toB9y_Kjhm4H_2pzkIkpR',#18,$,$,(#4774),#4779);
#5839=IFCRELASSOCIATESMATERIAL('1fYL4ToE7TgoisLYCqwe$T',#18,$,$,(#4790),#4795);
#5840=IFCRELASSOCIATESMATERIAL('21xwmDilyY_ZXZ5l57oEE9',#18,$,$,(#4806),#4811);
#5841=IFCRELASSOCIATESMATERIAL('1qYxEgL94clZu0SLcxHK0$',#18,$,$,(#4822),#4827);
#5842=IFCRELASSOCIATESMATERIAL('2$CNwjFU5g6pphabAeh_3t',#18,$,$,(#4838),#4843);
#5843=IFCRELASSOCIATESMATERIAL('2uKN6NkvlmyhH4m0DUDB4b',#18,$,$,(#4854),#4859);
#5844=IFCRELASSOCIATESMATERIAL('3bvGJMRdVylYq4Fzsho9Ee',#18,$,$,(#4870),#4875);
#5845=IFCRELASSOCIATESMATERIAL('1X5_ZGM6oFWwnXxqgEIQax',#18,$,$,(#4886),#4891);
#5846=IFCRELASSOCIATESMATERIAL('3wLe_XMwRh8pt6DKz9u2_6',#18,$,$,(#4902),#4907);
#5847=IFCRELASSOCIATESMATERIAL('0G9wgeBBJa9X_WdTMxFRKP',#18,$,$,(#4918),#4923);
#5848=IFCRELASSOCIATESMATERIAL('0l3wsp$tSnEQa2eQO_MfIR',#18,$,$,(#4934),#4939);
#5849=IFCRELASSOCIATESMATERIAL('2uRYzIThpdKI9oHDqZT1mX',#18,$,$,(#4950),#4955);
#5850=IFCRELASSOCIATESMATERIAL('2OusDp9m2DzdQY38vXfnEd',#18,$,$,(#4966),#4970);
#5851=IFCRELASSOCIATESMATERIAL('1AYn7Lz5pyl_7PXsfi8v17',#18,$,$,(#4981),#4985);
#5852=IFCRELASSOCIATESMATERIAL('1iN3rpTHZtJIK1Z9MqhL4q',#18,$,$,(#4996),#5001);
#5853=IFCRELASSOCIATESMATERIAL('3eSK2xUYiYKG9Ib41Qc2UR',#18,$,$,(#5012),#5017);
#5854=IFCRELASSOCIATESMATERIAL('396trGE_xQ6D8Rt62X9WNa',#18,$,$,(#5028),#5033);
#5855=IFCRELASSOCIATESMATERIAL('0hor1TDBWxmSBp8umioFzp',#18,$,$,(#5044),#5049);
#5856=IFCRELASSOCIATESMATERIAL('0dciDXynplusGIiyjhUwkr',#18,$,$,(#5060),#5065);
#5857=IFCRELASSOCIATESMATERIAL('1N3ZnYyU$hMO29xS5I0JNY',#18,$,$,(#5076),#5081);
#5858=IFCRELASSOCIATESMATERIAL('2_bggmzP6xoFRDl7NbNK5x',#18,$,$,(#122,#131,#153,#160,#175,#189,#208,#215,#231,#250,#257,#272,#286,#300,#314,#328,#342,#356,#370,#384,#398,#412,#426,#440,#454,#468,#482,#496,#510,#524,#538,#552,#566),#123);
#5859=IFCRELASSOCIATESMATERIAL('1eWAxi2fMcQOwuzLbyZVRG',#18,$,$,(#628,#691,#772,#832,#905,#991,#1046,#1121),#629);
#5860=IFCRELASSOCIATESMATERIAL('18TyrXB2pbr62eb9rikZBv',#18,$,$,(#1163,#1165,#1197,#1233,#1596,#1618,#1957,#1979,#2001,#2335,#2575),#1166);
#5861=IFCRELASSOCIATESMATERIAL('2o6jcXcMjrktBQU1VQJy$a',#18,$,$,(#1443,#1823,#2185,#2862,#5119,#5172,#5211,#5262,#5301,#5352,#5391,#5442),#1445);
#5862=IFCRELASSOCIATESMATERIAL('1otLBRxTeSZAMEA220TsuW',#18,$,$,(#1461,#1476,#1488,#1501,#1514,#1835,#1849,#1861,#1874,#1887,#2198,#2212,#2225,#2238,#2251,#2875,#2889,#2902,#2915,#2928),#1462);
#5863=IFCRELASSOCIATESMATERIAL('0SNWYQWHsV19oKfWvmrwX_',#18,$,$,(#2375,#2411,#2433,#2456,#2478,#2500,#2531,#2553),#2376);
#5864=IFCRELASSOCIATESMATERIAL('2eDwH4xcg$9AaIT$AzqTjd',#18,$,$,(#2615,#2657,#3013,#3050),#2616);
#5865=IFCRELDEFINESBYTYPE('3mxHbRyhvWwUjXwA2RzUHx',#18,$,$,(#73),#74);
#5866=IFCRELDEFINESBYTYPE('3wG6ocGs9K_z1_JsaZWT8n',#18,$,$,(#94),#95);
#5867=IFCRELDEFINESBYTYPE('0WCFL2jB8kKH6Our73yJ$U',#18,$,$,(#131,#189),#122);
#5868=IFCRELDEFINESBYTYPE('3jrgFcTrOIcVisN8DRrVL5',#18,$,$,(#160,#175,#412,#426,#440,#454,#468,#482,#496,#510,#524,#538,#552,#566),#153);
#5869=IFCRELDEFINESBYTYPE('1O7EegdsitQz6cGLFjJR03',#18,$,$,(#215,#231,#272,#286,#300,#314,#328,#342,#356,#370,#398),#208);
#5870=IFCRELDEFINESBYTYPE('1PW_4VoozOR5W4F$0fhlpM',#18,$,$,(#257,#384),#250);
#5871=IFCRELDEFINESBYTYPE('0oSISWAds6MJTwrA2YIGyz',#18,$,$,(#628,#691,#772,#832,#905,#991,#1046,#1121),#630);
#5872=IFCRELDEFINESBYTYPE('3KTZGja6ah3Dz5d8L0xMu9',#18,$,$,(#1163,#1164,#1197,#1233,#1234,#1596,#1618,#1957,#1979,#2001,#2335,#2336,#2575),#1165);
#5873=IFCRELDEFINESBYTYPE('1jNdJ58Jx8MSZa51ifaLJi',#18,$,$,(#1251,#1628,#2011,#2667),#1252);
#5874=IFCRELDEFINESBYTYPE('2SIWJZhEpMHE82iGwqN0U3',#18,$,$,(#1443,#1823,#2185,#2862),#1444);
#5875=IFCRELDEFINESBYTYPE('3VWkcIZjANIj554ala1gNZ',#18,$,$,(#1461,#1476,#1488,#1501,#1514,#1835,#1849,#1861,#1874,#1887,#2198,#2212,#2225,#2238,#2251,#2875,#2889,#2902,#2915,#2928),#1460);
#5876=IFCRELDEFINESBYTYPE('1Fwie2z9M6tLJ38rpX9K9t',#18,$,$,(#2375,#2411,#2433,#2456,#2478,#2500,#2531,#2553),#2377);
#5877=IFCRELDEFINESBYTYPE('0SUQwy0i5Lryy$JWFMU38E',#18,$,$,(#2615,#2657,#3013,#3050),#2617);
#5878=IFCRELDEFINESBYTYPE('0v0nKqCV4jRw4Ry4Y3My4G',#18,$,$,(#3593,#3609,#3624,#3639),#3575);
#5879=IFCRELDEFINESBYTYPE('1HCqOWDkO8LoU82bApFWoV',#18,$,$,(#3801,#3818,#3834,#3850,#3866,#3882,#3898,#3914,#3930,#3946,#3962,#4534,#4550,#4566,#4582,#4598,#4614,#4630,#4646,#4662,#4678,#4694,#4710,#4726,#4742,#4758,#4774,#4790,#4806,#4822,#4838,#4854,#4870,#4886,#4902,#4918,#4934,#4950,#4996,#5012,#5028,#5044,#5060,#5076),#3775);
#5880=IFCRELDEFINESBYTYPE('2GwvaNTAC3SCmrJ4S9QbhQ',#18,$,$,(#4503,#4519,#4966,#4981),#4486);
#5881=IFCRELDEFINESBYTYPE('2g0QqnTJ1xuCGL3bKsdD75',#18,$,$,(#5119,#5172,#5211,#5262,#5301,#5352,#5391,#5442),#5120);
#5882=IFCPRESENTATIONLAYERASSIGNMENT('A-AREA-____-OTLN',$,(#71,#92),$);
#5883=IFCPRESENTATIONLAYERASSIGNMENT('S-COLS-____-OTLN',$,(#119,#126,#150,#155,#170,#184,#205,#210,#226,#247,#252,#267,#281,#295,#309,#323,#337,#351,#365,#379,#393,#407,#421,#435,#449,#463,#477,#491,#505,#519,#533,#547,#561),$);
#5884=IFCPRESENTATIONLAYERASSIGNMENT('A-WALL-____-OTLN',$,(#579,#626,#649,#689,#704,#770,#786,#830,#845,#903,#918,#989,#1004,#1044,#1059,#1119,#2588,#2613,#2633,#2655,#2989,#3011,#3026,#3048),$);
#5885=IFCPRESENTATIONLAYERASSIGNMENT('A-FLOR-____-OTLN',$,(#1142,#1151,#1192,#1215,#1224,#1591,#1613,#1952,#1974,#1996,#2317,#2326,#2570),$);
#5886=IFCPRESENTATIONLAYERASSIGNMENT('S-STRS-____-OTLN',$,(#1433,#1437,#1441,#1458,#1474,#1486,#1499,#1512,#1813,#1817,#1821,#1833,#1847,#1859,#1872,#1885,#2175,#2179,#2183,#2196,#2210,#2223,#2236,#2249,#2852,#2856,#2860,#2873,#2887,#2900,#2913,#2926),$);
#5887=IFCPRESENTATIONLAYERASSIGNMENT('I-WALL-____-OTLN',$,(#2356,#2373,#2402,#2409,#2424,#2431,#2446,#2454,#2469,#2476,#2491,#2498,#2513,#2529,#2544,#2551),$);
#5888=IFCPRESENTATIONLAYERASSIGNMENT('A-DOOR-____-OTLN',$,(#3570,#3578,#3581,#3584,#3588,#3604,#3619,#3634,#4481,#4488,#4491,#4494,#4498,#4514,#4961,#4976),$);
#5889=IFCPRESENTATIONLAYERASSIGNMENT('A-GLAZ-____-OTLN',$,(#3771,#3780,#3783,#3786,#3789,#3792,#3796,#3813,#3829,#3845,#3861,#3877,#3893,#3909,#3925,#3941,#3957,#4529,#4545,#4561,#4577,#4593,#4609,#4625,#4641,#4657,#4673,#4689,#4705,#4721,#4737,#4753,#4769,#4785,#4801,#4817,#4833,#4849,#4865,#4881,#4897,#4913,#4929,#4945,#4991,#5007,#5023,#5039,#5055,#5071),$);
#5890=IFCPRESENTATIONLAYERASSIGNMENT('A-FLOR-HRAL-OTLN',$,(#5116,#5169,#5208,#5259,#5298,#5349,#5388,#5439),$);
#5891=IFCPRESENTATIONLAYERASSIGNMENT('S-GRID-____-OTLN',$,(#5532,#5620,#5668,#5716,#5764),$);
#5892=IFCCARTESIANPOINTLIST2D(((0.,2.00999999999999),(0.,0.),(1.26,0.),(1.26,2.00999999999999),(0.,2.00999999999999)));
#5893=IFCINDEXEDPOLYCURVE(#5892,$,.F.);
#5894=IFCARBITRARYCLOSEDPROFILEDEF(.AREA.,$,#5893);
#5895=IFCAXIS2PLACEMENT3D(#3,#7,#9);
#5896=IFCEXTRUDEDAREASOLID(#5894,#5895,#9,0.2);
#5897=IFCSHAPEREPRESENTATION(#24,'Body','SweptSolid',(#5896));
#5898=IFCPRODUCTDEFINITIONSHAPE($,$,(#5897));
#5899=IFCCARTESIANPOINT((1.1,-0.100000000000002,5.4));
#5900=IFCAXIS2PLACEMENT3D(#5899,$,$);
#5901=IFCLOCALPLACEMENT(#576,#5900);
#5902=IFCOPENINGELEMENT('1_00vBep5mRNvhS8RItN$7',#18,'Fenster 2-flg - Variabel:Fenster 2-flg - Variabel:504388:1',$,$,#5901,#5898,'504388',.OPENING.);
#5903=IFCRELVOIDSELEMENT('20LeAmtxjFagTYkQU7cvoS',#18,$,$,#628,#5902);
#5904=IFCRELFILLSELEMENT('38ggnZp_Gpq1nlqA_$Zk7E',#18,$,$,#5902,#4790);
#5905=IFCCARTESIANPOINT((2.00999999999999,0.199999999999997,0.));
#5906=IFCAXIS2PLACEMENT3D(#5905,#9,#6);
#5907=IFCLOCALPLACEMENT(#5901,#5906);
#5908=IFCCARTESIANPOINTLIST2D(((0.,2.01),(0.,-2.7482841087069E-32),(1.26,-2.7482841087069E-32),(1.26,2.01),(0.,2.01)));
#5909=IFCINDEXEDPOLYCURVE(#5908,$,.F.);
#5910=IFCARBITRARYCLOSEDPROFILEDEF(.AREA.,$,#5909);
#5911=IFCAXIS2PLACEMENT3D(#3,#7,#9);
#5912=IFCEXTRUDEDAREASOLID(#5910,#5911,#9,0.2);
#5913=IFCSHAPEREPRESENTATION(#24,'Body','SweptSolid',(#5912));
#5914=IFCPRODUCTDEFINITIONSHAPE($,$,(#5913));
#5915=IFCCARTESIANPOINT((1.495,-0.100000000000003,9.8));
#5916=IFCAXIS2PLACEMENT3D(#5915,$,$);
#5917=IFCLOCALPLACEMENT(#576,#5916);
#5918=IFCOPENINGELEMENT('1kTvXVZnVg5adDCMcJUhQy',#18,'Fenster 2-flg - Variabel:Fenster 2-flg - Variabel:504992:1',$,$,#5917,#5914,'504992',.OPENING.);
#5919=IFCRELVOIDSELEMENT('20LeAmtxjFagTYkQU7cvfu',#18,$,$,#628,#5918);
#5920=IFCRELFILLSELEMENT('1HUJZhiQxfemt3sux3nWQ3',#18,$,$,#5918,#4886);
#5921=IFCCARTESIANPOINT((2.01,0.199999999999998,0.));
#5922=IFCAXIS2PLACEMENT3D(#5921,#9,#6);
#5923=IFCLOCALPLACEMENT(#5917,#5922);
#5924=IFCCARTESIANPOINTLIST2D(((0.,2.00999999999999),(0.,0.),(1.26,0.),(1.26,2.00999999999999),(0.,2.00999999999999)));
#5925=IFCINDEXEDPOLYCURVE(#5924,$,.F.);
#5926=IFCARBITRARYCLOSEDPROFILEDEF(.AREA.,$,#5925);
#5927=IFCAXIS2PLACEMENT3D(#3,#8,#9);
#5928=IFCEXTRUDEDAREASOLID(#5926,#5927,#9,0.2);
#5929=IFCSHAPEREPRESENTATION(#24,'Body','SweptSolid',(#5928));
#5930=IFCPRODUCTDEFINITIONSHAPE($,$,(#5929));
#5931=IFCCARTESIANPOINT((8.12499999999999,0.0999999999999839,1.));
#5932=IFCAXIS2PLACEMENT3D(#5931,$,$);
#5933=IFCLOCALPLACEMENT(#701,#5932);
#5934=IFCOPENINGELEMENT('2P7Ko7cBtn0eVyBo5sfXur',#18,'Fenster 2-flg - Variabel:Fenster 2-flg - Variabel:501887:1',$,$,#5933,#5930,'501887',.OPENING.);
#5935=IFCRELVOIDSELEMENT('20LeAmtxjFagTYkQU7cuQd',#18,$,$,#772,#5934);
#5936=IFCRELFILLSELEMENT('0dJDVFnRrf80IXDSargmbR',#18,$,$,#5934,#3801);
#5937=IFCCARTESIANPOINT((-2.00999999999999,-0.199999999999996,0.));
#5938=IFCAXIS2PLACEMENT3D(#5937,$,$);
#5939=IFCLOCALPLACEMENT(#5933,#5938);
#5940=IFCCARTESIANPOINTLIST2D(((0.,2.01),(0.,0.),(1.26,0.),(1.26,2.01),(0.,2.01)));
#5941=IFCINDEXEDPOLYCURVE(#5940,$,.F.);
#5942=IFCARBITRARYCLOSEDPROFILEDEF(.AREA.,$,#5941);
#5943=IFCAXIS2PLACEMENT3D(#3,#8,#9);
#5944=IFCEXTRUDEDAREASOLID(#5942,#5943,#9,0.2);
#5945=IFCSHAPEREPRESENTATION(#24,'Body','SweptSolid',(#5944));
#5946=IFCPRODUCTDEFINITIONSHAPE($,$,(#5945));
#5947=IFCCARTESIANPOINT((12.135,0.0999999999999729,1.));
#5948=IFCAXIS2PLACEMENT3D(#5947,$,$);
#5949=IFCLOCALPLACEMENT(#701,#5948);
#5950=IFCOPENINGELEMENT('36Jk5scOrzXtu9yAsZg3Ka',#18,'Fenster 2-flg - Variabel:Fenster 2-flg - Variabel:501943:1',$,$,#5949,#5946,'501943',.OPENING.);
#5951=IFCRELVOIDSELEMENT('20LeAmtxjFagTYkQU7cuPl',#18,$,$,#772,#5950);
#5952=IFCRELFILLSELEMENT('31Fk6fwRvI$ZJLgW71X90G',#18,$,$,#5950,#3818);
#5953=IFCCARTESIANPOINT((-2.00999999999999,-0.199999999999989,0.));
#5954=IFCAXIS2PLACEMENT3D(#5953,$,$);
#5955=IFCLOCALPLACEMENT(#5949,#5954);
#5956=IFCCARTESIANPOINTLIST2D(((0.,2.01),(0.,0.),(1.26,0.),(1.26,2.01),(0.,2.01)));
#5957=IFCINDEXEDPOLYCURVE(#5956,$,.F.);
#5958=IFCARBITRARYCLOSEDPROFILEDEF(.AREA.,$,#5957);
#5959=IFCAXIS2PLACEMENT3D(#3,#8,#9);
#5960=IFCEXTRUDEDAREASOLID(#5958,#5959,#9,0.2);
#5961=IFCSHAPEREPRESENTATION(#24,'Body','SweptSolid',(#5960));
#5962=IFCPRODUCTDEFINITIONSHAPE($,$,(#5961));
#5963=IFCCARTESIANPOINT((17.145,0.0999999999999689,1.));
#5964=IFCAXIS2PLACEMENT3D(#5963,$,$);
#5965=IFCLOCALPLACEMENT(#701,#5964);
#5966=IFCOPENINGELEMENT('1ZK2lBOWbr5bwVrnlygNhO',#18,'Fenster 2-flg - Variabel:Fenster 2-flg - Variabel:501976:1',$,$,#5965,#5962,'501976',.OPENING.);
#5967=IFCRELVOIDSELEMENT('20LeAmtxjFagTYkQU7cuO0',#18,$,$,#772,#5966);
#5968=IFCRELFILLSELEMENT('3kre0m6liWaDPYGGvQF5Hu',#18,$,$,#5966,#3834);
#5969=IFCCARTESIANPOINT((-2.00999999999999,-0.199999999999996,0.));
#5970=IFCAXIS2PLACEMENT3D(#5969,$,$);
#5971=IFCLOCALPLACEMENT(#5965,#5970);
#5972=IFCCARTESIANPOINTLIST2D(((0.,2.01),(0.,-2.81875293200707E-32),(1.26,-2.81875293200707E-32),(1.26,2.01),(0.,2.01)));
#5973=IFCINDEXEDPOLYCURVE(#5972,$,.F.);
#5974=IFCARBITRARYCLOSEDPROFILEDEF(.AREA.,$,#5973);
#5975=IFCAXIS2PLACEMENT3D(#3,#8,#9);
#5976=IFCEXTRUDEDAREASOLID(#5974,#5975,#9,0.2);
#5977=IFCSHAPEREPRESENTATION(#24,'Body','SweptSolid',(#5976));
#5978=IFCPRODUCTDEFINITIONSHAPE($,$,(#5977));
#5979=IFCCARTESIANPOINT((22.755,0.0999999999999552,1.));
#5980=IFCAXIS2PLACEMENT3D(#5979,$,$);
#5981=IFCLOCALPLACEMENT(#701,#5980);
#5982=IFCOPENINGELEMENT('2emKZiuhxB65vvme$FlUj2',#18,'Fenster 2-flg - Variabel:Fenster 2-flg - Variabel:502035:1',$,$,#5981,#5978,'502035',.OPENING.);
#5983=IFCRELVOIDSELEMENT('20LeAmtxjFagTYkQU7cuVB',#18,$,$,#772,#5982);
#5984=IFCRELFILLSELEMENT('2m318PWL0uB3lOt5emK_ua',#18,$,$,#5982,#3850);
#5985=IFCCARTESIANPOINT((-2.01,-0.199999999999989,0.));
#5986=IFCAXIS2PLACEMENT3D(#5985,$,$);
#5987=IFCLOCALPLACEMENT(#5981,#5986);
#5988=IFCCARTESIANPOINTLIST2D(((0.,2.00999999999999),(0.,0.),(1.26,0.),(1.26,2.00999999999999),(0.,2.00999999999999)));
#5989=IFCINDEXEDPOLYCURVE(#5988,$,.F.);
#5990=IFCARBITRARYCLOSEDPROFILEDEF(.AREA.,$,#5989);
#5991=IFCAXIS2PLACEMENT3D(#3,#8,#9);
#5992=IFCEXTRUDEDAREASOLID(#5990,#5991,#9,0.2);
#5993=IFCSHAPEREPRESENTATION(#24,'Body','SweptSolid',(#5992));
#5994=IFCPRODUCTDEFINITIONSHAPE($,$,(#5993));
#5995=IFCCARTESIANPOINT((27.665,0.0999999999999514,1.));
#5996=IFCAXIS2PLACEMENT3D(#5995,$,$);
#5997=IFCLOCALPLACEMENT(#701,#5996);
#5998=IFCOPENINGELEMENT('2El8KCbRnO274nd$jT2KLz',#18,'Fenster 2-flg - Variabel:Fenster 2-flg - Variabel:502106:1',$,$,#5997,#5994,'502106',.OPENING.);
#5999=IFCRELVOIDSELEMENT('20LeAmtxjFagTYkQU7cuU2',#18,$,$,#772,#5998);
#6000=IFCRELFILLSELEMENT('0gN$C4czE9dlZGELI7hBOo',#18,$,$,#5998,#3866);
#6001=IFCCARTESIANPOINT((-2.00999999999999,-0.199999999999996,0.));
#6002=IFCAXIS2PLACEMENT3D(#6001,$,$);
#6003=IFCLOCALPLACEMENT(#5997,#6002);
#6004=IFCCARTESIANPOINTLIST2D(((0.,2.00999999999999),(0.,0.),(1.26,0.),(1.26,2.00999999999999),(0.,2.00999999999999)));
#6005=IFCINDEXEDPOLYCURVE(#6004,$,.F.);
#6006=IFCARBITRARYCLOSEDPROFILEDEF(.AREA.,$,#6005);
#6007=IFCAXIS2PLACEMENT3D(#3,#8,#9);
#6008=IFCEXTRUDEDAREASOLID(#6006,#6007,#9,0.2);
#6009=IFCSHAPEREPRESENTATION(#24,'Body','SweptSolid',(#6008));
#6010=IFCPRODUCTDEFINITIONSHAPE($,$,(#6009));
#6011=IFCCARTESIANPOINT((32.275,0.0999999999999393,1.));
#6012=IFCAXIS2PLACEMENT3D(#6011,$,$);
#6013=IFCLOCALPLACEMENT(#701,#6012);
#6014=IFCOPENINGELEMENT('2RcBJX95A0mMGaUMCPQ48X',#18,'Fenster 2-flg - Variabel:Fenster 2-flg - Variabel:502179:1',$,$,#6013,#6010,'502179',.OPENING.);
#6015=IFCRELVOIDSELEMENT('20LeAmtxjFagTYkQU7cuTx',#18,$,$,#772,#6014);
#6016=IFCRELFILLSELEMENT('1mfs9POAHrVGU_gpiqSCfQ',#18,$,$,#6014,#3882);
#6017=IFCCARTESIANPOINT((-2.00999999999999,-0.199999999999992,0.));
#6018=IFCAXIS2PLACEMENT3D(#6017,$,$);
#6019=IFCLOCALPLACEMENT(#6013,#6018);
#6020=IFCCARTESIANPOINTLIST2D(((0.,2.00999999999999),(0.,0.),(1.26,0.),(1.26,2.00999999999999),(0.,2.00999999999999)));
#6021=IFCINDEXEDPOLYCURVE(#6020,$,.F.);
#6022=IFCARBITRARYCLOSEDPROFILEDEF(.AREA.,$,#6021);
#6023=IFCAXIS2PLACEMENT3D(#3,#8,#9);
#6024=IFCEXTRUDEDAREASOLID(#6022,#6023,#9,0.2);
#6025=IFCSHAPEREPRESENTATION(#24,'Body','SweptSolid',(#6024));
#6026=IFCPRODUCTDEFINITIONSHAPE($,$,(#6025));
#6027=IFCCARTESIANPOINT((32.075,0.0999999999999396,5.4));
#6028=IFCAXIS2PLACEMENT3D(#6027,$,$);
#6029=IFCLOCALPLACEMENT(#701,#6028);
#6030=IFCOPENINGELEMENT('2rpwv5Sd4PRO9tyhJhOWwl',#18,'Fenster 2-flg - Variabel:Fenster 2-flg - Variabel:503870:1',$,$,#6029,#6026,'503870',.OPENING.);
#6031=IFCRELVOIDSELEMENT('20LeAmtxjFagTYkQU7cvxc',#18,$,$,#772,#6030);
#6032=IFCRELFILLSELEMENT('20mJp_RU1IKZcobqlKw$uD',#18,$,$,#6030,#4598);
#6033=IFCCARTESIANPOINT((-2.00999999999999,-0.199999999999992,0.));
#6034=IFCAXIS2PLACEMENT3D(#6033,$,$);
#6035=IFCLOCALPLACEMENT(#6029,#6034);
#6036=IFCCARTESIANPOINTLIST2D(((0.,2.00999999999999),(0.,0.),(1.26,0.),(1.26,2.00999999999999),(0.,2.00999999999999)));
#6037=IFCINDEXEDPOLYCURVE(#6036,$,.F.);
#6038=IFCARBITRARYCLOSEDPROFILEDEF(.AREA.,$,#6037);
#6039=IFCAXIS2PLACEMENT3D(#3,#8,#9);
#6040=IFCEXTRUDEDAREASOLID(#6038,#6039,#9,0.2);
#6041=IFCSHAPEREPRESENTATION(#24,'Body','SweptSolid',(#6040));
#6042=IFCPRODUCTDEFINITIONSHAPE($,$,(#6041));
#6043=IFCCARTESIANPOINT((27.415,0.0999999999999518,5.4));
#6044=IFCAXIS2PLACEMENT3D(#6043,$,$);
#6045=IFCLOCALPLACEMENT(#701,#6044);
#6046=IFCOPENINGELEMENT('08kMnxVFj6CYzVzJgXqWJv',#18,'Fenster 2-flg - Variabel:Fenster 2-flg - Variabel:503921:1',$,$,#6045,#6042,'503921',.OPENING.);
#6047=IFCRELVOIDSELEMENT('20LeAmtxjFagTYkQU7cvwf',#18,$,$,#772,#6046);
#6048=IFCRELFILLSELEMENT('0zl6wdsEe0cZG3QKuQqyT0',#18,$,$,#6046,#4614);
#6049=IFCCARTESIANPOINT((-2.00999999999999,-0.199999999999996,0.));
#6050=IFCAXIS2PLACEMENT3D(#6049,$,$);
#6051=IFCLOCALPLACEMENT(#6045,#6050);
#6052=IFCCARTESIANPOINTLIST2D(((0.,2.00999999999999),(0.,0.),(1.26,0.),(1.26,2.00999999999999),(0.,2.00999999999999)));
#6053=IFCINDEXEDPOLYCURVE(#6052,$,.F.);
#6054=IFCARBITRARYCLOSEDPROFILEDEF(.AREA.,$,#6053);
#6055=IFCAXIS2PLACEMENT3D(#3,#8,#9);
#6056=IFCEXTRUDEDAREASOLID(#6054,#6055,#9,0.2);
#6057=IFCSHAPEREPRESENTATION(#24,'Body','SweptSolid',(#6056));
#6058=IFCPRODUCTDEFINITIONSHAPE($,$,(#6057));
#6059=IFCCARTESIANPOINT((22.055,0.0999999999999564,5.4));
#6060=IFCAXIS2PLACEMENT3D(#6059,$,$);
#6061=IFCLOCALPLACEMENT(#701,#6060);
#6062=IFCOPENINGELEMENT('3dcfgojrcg_yamUImdUMmF',#18,'Fenster 2-flg - Variabel:Fenster 2-flg - Variabel:503978:1',$,$,#6061,#6058,'503978',.OPENING.);
#6063=IFCRELVOIDSELEMENT('20LeAmtxjFagTYkQU7cvvo',#18,$,$,#772,#6062);
#6064=IFCRELFILLSELEMENT('2tP4HrUx0ubOiBii5ddXvv',#18,$,$,#6062,#4630);
#6065=IFCCARTESIANPOINT((-2.00999999999999,-0.199999999999989,0.));
#6066=IFCAXIS2PLACEMENT3D(#6065,$,$);
#6067=IFCLOCALPLACEMENT(#6061,#6066);
#6068=IFCCARTESIANPOINTLIST2D(((0.,2.01),(0.,0.),(1.26,0.),(1.26,2.01),(0.,2.01)));
#6069=IFCINDEXEDPOLYCURVE(#6068,$,.F.);
#6070=IFCARBITRARYCLOSEDPROFILEDEF(.AREA.,$,#6069);
#6071=IFCAXIS2PLACEMENT3D(#3,#8,#9);
#6072=IFCEXTRUDEDAREASOLID(#6070,#6071,#9,0.2);
#6073=IFCSHAPEREPRESENTATION(#24,'Body','SweptSolid',(#6072));
#6074=IFCPRODUCTDEFINITIONSHAPE($,$,(#6073));
#6075=IFCCARTESIANPOINT((17.345,0.0999999999999685,5.4));
#6076=IFCAXIS2PLACEMENT3D(#6075,$,$);
#6077=IFCLOCALPLACEMENT(#701,#6076);
#6078=IFCOPENINGELEMENT('3Fb0uUPgA6iiI_K0yPH8ef',#18,'Fenster 2-flg - Variabel:Fenster 2-flg - Variabel:504007:1',$,$,#6077,#6074,'504007',.OPENING.);
#6079=IFCRELVOIDSELEMENT('20LeAmtxjFagTYkQU7cvuV',#18,$,$,#772,#6078);
#6080=IFCRELFILLSELEMENT('0lKJMElB5YXG1Y$zfhP4rr',#18,$,$,#6078,#4646);
#6081=IFCCARTESIANPOINT((-2.00999999999999,-0.199999999999996,0.));
#6082=IFCAXIS2PLACEMENT3D(#6081,$,$);
#6083=IFCLOCALPLACEMENT(#6077,#6082);
#6084=IFCCARTESIANPOINTLIST2D(((0.,2.01),(0.,0.),(1.26,0.),(1.26,2.01),(0.,2.01)));
#6085=IFCINDEXEDPOLYCURVE(#6084,$,.F.);
#6086=IFCARBITRARYCLOSEDPROFILEDEF(.AREA.,$,#6085);
#6087=IFCAXIS2PLACEMENT3D(#3,#8,#9);
#6088=IFCEXTRUDEDAREASOLID(#6086,#6087,#9,0.2);
#6089=IFCSHAPEREPRESENTATION(#24,'Body','SweptSolid',(#6088));
#6090=IFCPRODUCTDEFINITIONSHAPE($,$,(#6089));
#6091=IFCCARTESIANPOINT((12.235,0.0999999999999727,5.4));
#6092=IFCAXIS2PLACEMENT3D(#6091,$,$);
#6093=IFCLOCALPLACEMENT(#701,#6092);
#6094=IFCOPENINGELEMENT('23yZXtT5rcTFHKlPa2xF89',#18,'Fenster 2-flg - Variabel:Fenster 2-flg - Variabel:504107:1',$,$,#6093,#6090,'504107',.OPENING.);
#6095=IFCRELVOIDSELEMENT('20LeAmtxjFagTYkQU7cv$p',#18,$,$,#772,#6094);
#6096=IFCRELFILLSELEMENT('30uUyaqe0DWRFM94v3l9W3',#18,$,$,#6094,#4678);
#6097=IFCCARTESIANPOINT((-2.00999999999999,-0.199999999999989,0.));
#6098=IFCAXIS2PLACEMENT3D(#6097,$,$);
#6099=IFCLOCALPLACEMENT(#6093,#6098);
#6100=IFCCARTESIANPOINTLIST2D(((0.,2.00999999999999),(0.,0.),(1.26,0.),(1.26,2.00999999999999),(0.,2.00999999999999)));
#6101=IFCINDEXEDPOLYCURVE(#6100,$,.F.);
#6102=IFCARBITRARYCLOSEDPROFILEDEF(.AREA.,$,#6101);
#6103=IFCAXIS2PLACEMENT3D(#3,#8,#9);
#6104=IFCEXTRUDEDAREASOLID(#6102,#6103,#9,0.2);
#6105=IFCSHAPEREPRESENTATION(#24,'Body','SweptSolid',(#6104));
#6106=IFCPRODUCTDEFINITIONSHAPE($,$,(#6105));
#6107=IFCCARTESIANPOINT((8.225,0.0999999999999837,5.4));
#6108=IFCAXIS2PLACEMENT3D(#6107,$,$);
#6109=IFCLOCALPLACEMENT(#701,#6108);
#6110=IFCOPENINGELEMENT('1yaxz5EZhWA6p5FI68krPv',#18,'Fenster 2-flg - Variabel:Fenster 2-flg - Variabel:504150:1',$,$,#6109,#6106,'504150',.OPENING.);
#6111=IFCRELVOIDSELEMENT('20LeAmtxjFagTYkQU7cv_E',#18,$,$,#772,#6110);
#6112=IFCRELFILLSELEMENT('2uabKhj5M18ENxnoZqeYt9',#18,$,$,#6110,#4694);
#6113=IFCCARTESIANPOINT((-2.00999999999999,-0.199999999999996,0.));
#6114=IFCAXIS2PLACEMENT3D(#6113,$,$);
#6115=IFCLOCALPLACEMENT(#6109,#6114);
#6116=IFCCARTESIANPOINTLIST2D(((0.,2.01),(0.,-2.7482841087069E-32),(1.26,-2.7482841087069E-32),(1.26,2.01),(0.,2.01)));
#6117=IFCINDEXEDPOLYCURVE(#6116,$,.F.);
#6118=IFCARBITRARYCLOSEDPROFILEDEF(.AREA.,$,#6117);
#6119=IFCAXIS2PLACEMENT3D(#3,#8,#9);
#6120=IFCEXTRUDEDAREASOLID(#6118,#6119,#9,0.2);
#6121=IFCSHAPEREPRESENTATION(#24,'Body','SweptSolid',(#6120));
#6122=IFCPRODUCTDEFINITIONSHAPE($,$,(#6121));
#6123=IFCCARTESIANPOINT((3.505,0.099999999999995,9.8));
#6124=IFCAXIS2PLACEMENT3D(#6123,$,$);
#6125=IFCLOCALPLACEMENT(#783,#6124);
#6126=IFCOPENINGELEMENT('2z_NdCHDs7wUL6z7EJ$$rL',#18,'Fenster 2-flg - Variabel:Fenster 2-flg - Variabel:504925:1',$,$,#6125,#6122,'504925',.OPENING.);
#6127=IFCRELVOIDSELEMENT('20LeAmtxjFagTYkQU7cvg5',#18,$,$,#832,#6126);
#6128=IFCRELFILLSELEMENT('3UkBYky__Fqrf4BM7FNg6b',#18,$,$,#6126,#4870);
#6129=IFCCARTESIANPOINT((-2.01,-0.199999999999998,0.));
#6130=IFCAXIS2PLACEMENT3D(#6129,$,$);
#6131=IFCLOCALPLACEMENT(#6125,#6130);
#6132=IFCCARTESIANPOINTLIST2D(((0.,2.01),(0.,-2.7482841087069E-32),(1.26,-2.7482841087069E-32),(1.26,2.01),(0.,2.01)));
#6133=IFCINDEXEDPOLYCURVE(#6132,$,.F.);
#6134=IFCARBITRARYCLOSEDPROFILEDEF(.AREA.,$,#6133);
#6135=IFCAXIS2PLACEMENT3D(#3,#8,#9);
#6136=IFCEXTRUDEDAREASOLID(#6134,#6135,#9,0.2);
#6137=IFCSHAPEREPRESENTATION(#24,'Body','SweptSolid',(#6136));
#6138=IFCPRODUCTDEFINITIONSHAPE($,$,(#6137));
#6139=IFCCARTESIANPOINT((3.505,0.099999999999995,5.4));
#6140=IFCAXIS2PLACEMENT3D(#6139,$,$);
#6141=IFCLOCALPLACEMENT(#783,#6140);
#6142=IFCOPENINGELEMENT('2DbQBjWH8xk7ZYPNMsGDsb',#18,'Fenster 2-flg - Variabel:Fenster 2-flg - Variabel:506090:1',$,$,#6141,#6138,'506090',.OPENING.);
#6143=IFCRELVOIDSELEMENT('3$2VM3JKb4Xw__akKbRvLR',#18,$,$,#832,#6142);
#6144=IFCRELFILLSELEMENT('1At6JtoiHnBnOq3u3TdutA',#18,$,$,#6142,#4996);
#6145=IFCCARTESIANPOINT((-2.01,-0.199999999999998,0.));
#6146=IFCAXIS2PLACEMENT3D(#6145,$,$);
#6147=IFCLOCALPLACEMENT(#6141,#6146);
#6148=IFCCARTESIANPOINTLIST2D(((0.,1.885),(0.,-1.20924500783103E-30),(2.35999999999998,-1.20924500783103E-30),(2.35999999999998,1.885),(0.,1.885)));
#6149=IFCINDEXEDPOLYCURVE(#6148,$,.F.);
#6150=IFCARBITRARYCLOSEDPROFILEDEF(.AREA.,$,#6149);
#6151=IFCAXIS2PLACEMENT3D(#3,#8,#9);
#6152=IFCEXTRUDEDAREASOLID(#6150,#6151,#9,0.2);
#6153=IFCSHAPEREPRESENTATION(#24,'Body','SweptSolid',(#6152));
#6154=IFCPRODUCTDEFINITIONSHAPE($,$,(#6153));
#6155=IFCCARTESIANPOINT((12.6,0.0999999999999598,0.));
#6156=IFCAXIS2PLACEMENT3D(#6155,$,$);
#6157=IFCLOCALPLACEMENT(#842,#6156);
#6158=IFCOPENINGELEMENT('1juo3URP1SaRfXK6RgHRkT',#18,'Drehfl\X2\00FC\X0\gel 2-flg - Stahlzarge:1.885 x 2.26:505510:1',$,$,#6157,#6154,'505510',.OPENING.);
#6159=IFCRELVOIDSELEMENT('3$2VM3JKb4Xw__akKbRviN',#18,$,$,#905,#6158);
#6160=IFCRELFILLSELEMENT('3YzrhTBS28dL3Gzpd0vKpS',#18,$,$,#6158,#4981);
#6161=IFCAXIS2PLACEMENT3D(#3,#9,#6);
#6162=IFCLOCALPLACEMENT(#6157,#6161);
#6163=IFCCARTESIANPOINTLIST2D(((0.,2.01),(0.,0.),(1.26,0.),(1.26,2.01),(0.,2.01)));
#6164=IFCINDEXEDPOLYCURVE(#6163,$,.F.);
#6165=IFCARBITRARYCLOSEDPROFILEDEF(.AREA.,$,#6164);
#6166=IFCAXIS2PLACEMENT3D(#3,#8,#9);
#6167=IFCEXTRUDEDAREASOLID(#6165,#6166,#9,0.2);
#6168=IFCSHAPEREPRESENTATION(#24,'Body','SweptSolid',(#6167));
#6169=IFCPRODUCTDEFINITIONSHAPE($,$,(#6168));
#6170=IFCCARTESIANPOINT((12.5,0.0999999999999596,5.4));
#6171=IFCAXIS2PLACEMENT3D(#6170,$,$);
#6172=IFCLOCALPLACEMENT(#842,#6171);
#6173=IFCOPENINGELEMENT('1HRvdOMh8kWnGT5BlTK1rK',#18,'Fenster 2-flg - Variabel:Fenster 2-flg - Variabel:503578:1',$,$,#6172,#6169,'503578',.OPENING.);
#6174=IFCRELVOIDSELEMENT('20LeAmtxjFagTYkQU7cu72',#18,$,$,#905,#6173);
#6175=IFCRELFILLSELEMENT('10aYl2bsZRzoPxyP86wmxE',#18,$,$,#6173,#4550);
#6176=IFCCARTESIANPOINT((-2.01,-0.199999999999994,0.));
#6177=IFCAXIS2PLACEMENT3D(#6176,$,$);
#6178=IFCLOCALPLACEMENT(#6172,#6177);
#6179=IFCCARTESIANPOINTLIST2D(((0.,2.01),(0.,0.),(1.26,0.),(1.26,2.01),(0.,2.01)));
#6180=IFCINDEXEDPOLYCURVE(#6179,$,.F.);
#6181=IFCARBITRARYCLOSEDPROFILEDEF(.AREA.,$,#6180);
#6182=IFCAXIS2PLACEMENT3D(#3,#8,#9);
#6183=IFCEXTRUDEDAREASOLID(#6181,#6182,#9,0.2);
#6184=IFCSHAPEREPRESENTATION(#24,'Body','SweptSolid',(#6183));
#6185=IFCPRODUCTDEFINITIONSHAPE($,$,(#6184));
#6186=IFCCARTESIANPOINT((7.29000000000002,0.0999999999999765,5.4));
#6187=IFCAXIS2PLACEMENT3D(#6186,$,$);
#6188=IFCLOCALPLACEMENT(#842,#6187);
#6189=IFCOPENINGELEMENT('2aR0_XRqnJpZmeCOyDRLnG',#18,'Fenster 2-flg - Variabel:Fenster 2-flg - Variabel:503673:1',$,$,#6188,#6185,'503673',.OPENING.);
#6190=IFCRELVOIDSELEMENT('20LeAmtxjFagTYkQU7cu6X',#18,$,$,#905,#6189);
#6191=IFCRELFILLSELEMENT('0Mzyx268YQjcGmVgSnziQw',#18,$,$,#6189,#4566);
#6192=IFCCARTESIANPOINT((-2.01,-0.199999999999994,0.));
#6193=IFCAXIS2PLACEMENT3D(#6192,$,$);
#6194=IFCLOCALPLACEMENT(#6188,#6193);
#6195=IFCCARTESIANPOINTLIST2D(((0.,2.01),(0.,0.),(1.26,0.),(1.26,2.01),(0.,2.01)));
#6196=IFCINDEXEDPOLYCURVE(#6195,$,.F.);
#6197=IFCARBITRARYCLOSEDPROFILEDEF(.AREA.,$,#6196);
#6198=IFCAXIS2PLACEMENT3D(#3,#8,#9);
#6199=IFCEXTRUDEDAREASOLID(#6197,#6198,#9,0.2);
#6200=IFCSHAPEREPRESENTATION(#24,'Body','SweptSolid',(#6199));
#6201=IFCPRODUCTDEFINITIONSHAPE($,$,(#6200));
#6202=IFCCARTESIANPOINT((7.41,0.0999999999999761,9.8));
#6203=IFCAXIS2PLACEMENT3D(#6202,$,$);
#6204=IFCLOCALPLACEMENT(#842,#6203);
#6205=IFCOPENINGELEMENT('1JL0AKQsjUruQqI4RhovdZ',#18,'Fenster 2-flg - Variabel:Fenster 2-flg - Variabel:504637:1',$,$,#6204,#6201,'504637',.OPENING.);
#6206=IFCRELVOIDSELEMENT('20LeAmtxjFagTYkQU7cvtb',#18,$,$,#905,#6205);
#6207=IFCRELFILLSELEMENT('3zMLgiADhQwQevUP_Adxfs',#18,$,$,#6205,#4806);
#6208=IFCCARTESIANPOINT((-2.01,-0.199999999999994,0.));
#6209=IFCAXIS2PLACEMENT3D(#6208,$,$);
#6210=IFCLOCALPLACEMENT(#6204,#6209);
#6211=IFCCARTESIANPOINTLIST2D(((0.,2.01),(0.,0.),(1.26,0.),(1.26,2.01),(0.,2.01)));
#6212=IFCINDEXEDPOLYCURVE(#6211,$,.F.);
#6213=IFCARBITRARYCLOSEDPROFILEDEF(.AREA.,$,#6212);
#6214=IFCAXIS2PLACEMENT3D(#3,#8,#9);
#6215=IFCEXTRUDEDAREASOLID(#6213,#6214,#9,0.2);
#6216=IFCSHAPEREPRESENTATION(#24,'Body','SweptSolid',(#6215));
#6217=IFCPRODUCTDEFINITIONSHAPE($,$,(#6216));
#6218=IFCCARTESIANPOINT((12.6,0.0999999999999593,9.8));
#6219=IFCAXIS2PLACEMENT3D(#6218,$,$);
#6220=IFCLOCALPLACEMENT(#842,#6219);
#6221=IFCOPENINGELEMENT('09V4SOPGuoZIJ4IsZ2kp8m',#18,'Fenster 2-flg - Variabel:Fenster 2-flg - Variabel:504702:1',$,$,#6220,#6217,'504702',.OPENING.);
#6222=IFCRELVOIDSELEMENT('20LeAmtxjFagTYkQU7cvsc',#18,$,$,#905,#6221);
#6223=IFCRELFILLSELEMENT('0K8de_JoLSnUVlVnisSM4V',#18,$,$,#6221,#4822);
#6224=IFCCARTESIANPOINT((-2.01,-0.199999999999994,0.));
#6225=IFCAXIS2PLACEMENT3D(#6224,$,$);
#6226=IFCLOCALPLACEMENT(#6220,#6225);
#6227=IFCCARTESIANPOINTLIST2D(((0.,2.01),(0.,0.),(1.26,0.),(1.26,2.01),(0.,2.01)));
#6228=IFCINDEXEDPOLYCURVE(#6227,$,.F.);
#6229=IFCARBITRARYCLOSEDPROFILEDEF(.AREA.,$,#6228);
#6230=IFCAXIS2PLACEMENT3D(#3,#8,#9);
#6231=IFCEXTRUDEDAREASOLID(#6229,#6230,#9,0.2);
#6232=IFCSHAPEREPRESENTATION(#24,'Body','SweptSolid',(#6231));
#6233=IFCPRODUCTDEFINITIONSHAPE($,$,(#6232));
#6234=IFCCARTESIANPOINT((3.01000000000001,0.0999999999999905,5.4));
#6235=IFCAXIS2PLACEMENT3D(#6234,$,$);
#6236=IFCLOCALPLACEMENT(#842,#6235);
#6237=IFCOPENINGELEMENT('0ubqLvPCl0KSqpSH5edk9Q',#18,'Fenster 2-flg - Variabel:Fenster 2-flg - Variabel:506248:1',$,$,#6236,#6233,'506248',.OPENING.);
#6238=IFCRELVOIDSELEMENT('3$2VM3JKb4Xw__akKbRvGv',#18,$,$,#905,#6237);
#6239=IFCRELFILLSELEMENT('2Q4jKutuevm0fxvvXHDywH',#18,$,$,#6237,#5028);
#6240=IFCCARTESIANPOINT((-2.01,-0.199999999999994,0.));
#6241=IFCAXIS2PLACEMENT3D(#6240,$,$);
#6242=IFCLOCALPLACEMENT(#6236,#6241);
#6243=IFCCARTESIANPOINTLIST2D(((0.,1.885),(0.,0.),(2.35999999999998,0.),(2.35999999999998,1.885),(0.,1.885)));
#6244=IFCINDEXEDPOLYCURVE(#6243,$,.F.);
#6245=IFCARBITRARYCLOSEDPROFILEDEF(.AREA.,$,#6244);
#6246=IFCAXIS2PLACEMENT3D(#3,#8,#9);
#6247=IFCEXTRUDEDAREASOLID(#6245,#6246,#9,0.2);
#6248=IFCSHAPEREPRESENTATION(#24,'Body','SweptSolid',(#6247));
#6249=IFCPRODUCTDEFINITIONSHAPE($,$,(#6248));
#6250=IFCCARTESIANPOINT((19.1475,0.0999999999999968,0.));
#6251=IFCAXIS2PLACEMENT3D(#6250,$,$);
#6252=IFCLOCALPLACEMENT(#915,#6251);
#6253=IFCOPENINGELEMENT('2hDWAh4JhbgGFgK2qKhU9l',#18,'Drehfl\X2\00FC\X0\gel 2-flg - Stahlzarge:1.885 x 2.26:503145:1',$,$,#6252,#6249,'503145',.OPENING.);
#6254=IFCRELVOIDSELEMENT('20LeAmtxjFagTYkQU7cuEn',#18,$,$,#991,#6253);
#6255=IFCRELFILLSELEMENT('1GoQXG2LXr5936n9ZlnZ7K',#18,$,$,#6253,#4503);
#6256=IFCAXIS2PLACEMENT3D(#3,#9,#6);
#6257=IFCLOCALPLACEMENT(#6252,#6256);
#6258=IFCCARTESIANPOINTLIST2D(((0.,1.885),(0.,0.),(2.35999999999998,0.),(2.35999999999998,1.885),(0.,1.885)));
#6259=IFCINDEXEDPOLYCURVE(#6258,$,.F.);
#6260=IFCARBITRARYCLOSEDPROFILEDEF(.AREA.,$,#6259);
#6261=IFCAXIS2PLACEMENT3D(#3,#8,#9);
#6262=IFCEXTRUDEDAREASOLID(#6260,#6261,#9,0.2);
#6263=IFCSHAPEREPRESENTATION(#24,'Body','SweptSolid',(#6262));
#6264=IFCPRODUCTDEFINITIONSHAPE($,$,(#6263));
#6265=IFCCARTESIANPOINT((13.795,0.0999999999999989,0.));
#6266=IFCAXIS2PLACEMENT3D(#6265,$,$);
#6267=IFCLOCALPLACEMENT(#915,#6266);
#6268=IFCOPENINGELEMENT('2r6P4awz3VypuQjEeW$wEP',#18,'Drehfl\X2\00FC\X0\gel 2-flg - Stahlzarge:1.885 x 2.26:503431:1',$,$,#6267,#6264,'503431',.OPENING.);
#6269=IFCRELVOIDSELEMENT('20LeAmtxjFagTYkQU7cu1V',#18,$,$,#991,#6268);
#6270=IFCRELFILLSELEMENT('26Mq3h8dV4TRZ5XPpSUu33',#18,$,$,#6268,#4519);
#6271=IFCAXIS2PLACEMENT3D(#3,#9,#6);
#6272=IFCLOCALPLACEMENT(#6267,#6271);
#6273=IFCCARTESIANPOINTLIST2D(((0.,2.00999999999999),(0.,0.),(1.26,0.),(1.26,2.00999999999999),(0.,2.00999999999999)));
#6274=IFCINDEXEDPOLYCURVE(#6273,$,.F.);
#6275=IFCARBITRARYCLOSEDPROFILEDEF(.AREA.,$,#6274);
#6276=IFCAXIS2PLACEMENT3D(#3,#8,#9);
#6277=IFCEXTRUDEDAREASOLID(#6275,#6276,#9,0.2);
#6278=IFCSHAPEREPRESENTATION(#24,'Body','SweptSolid',(#6277));
#6279=IFCPRODUCTDEFINITIONSHAPE($,$,(#6278));
#6280=IFCCARTESIANPOINT((24.3,0.0999999999999944,1.));
#6281=IFCAXIS2PLACEMENT3D(#6280,$,$);
#6282=IFCLOCALPLACEMENT(#915,#6281);
#6283=IFCOPENINGELEMENT('16fkv9$lM6afwXvUHvTlWl',#18,'Fenster 2-flg - Variabel:Fenster 2-flg - Variabel:502468:1',$,$,#6282,#6279,'502468',.OPENING.);
#6284=IFCRELVOIDSELEMENT('20LeAmtxjFagTYkQU7cuGS',#18,$,$,#991,#6283);
#6285=IFCRELFILLSELEMENT('3bQASfG_oUZXpeFgFKTSuB',#18,$,$,#6283,#3898);
#6286=IFCCARTESIANPOINT((-2.00999999999999,-0.200000000000003,0.));
#6287=IFCAXIS2PLACEMENT3D(#6286,$,$);
#6288=IFCLOCALPLACEMENT(#6282,#6287);
#6289=IFCCARTESIANPOINTLIST2D(((0.,2.00999999999999),(0.,0.),(1.26,0.),(1.26,2.00999999999999),(0.,2.00999999999999)));
#6290=IFCINDEXEDPOLYCURVE(#6289,$,.F.);
#6291=IFCARBITRARYCLOSEDPROFILEDEF(.AREA.,$,#6290);
#6292=IFCAXIS2PLACEMENT3D(#3,#8,#9);
#6293=IFCEXTRUDEDAREASOLID(#6291,#6292,#9,0.2);
#6294=IFCSHAPEREPRESENTATION(#24,'Body','SweptSolid',(#6293));
#6295=IFCPRODUCTDEFINITIONSHAPE($,$,(#6294));
#6296=IFCCARTESIANPOINT((24.2575,0.0999999999999944,5.4));
#6297=IFCAXIS2PLACEMENT3D(#6296,$,$);
#6298=IFCLOCALPLACEMENT(#915,#6297);
#6299=IFCOPENINGELEMENT('0s8fUvdnUX41TJsq$5B5Eg',#18,'Fenster 2-flg - Variabel:Fenster 2-flg - Variabel:504034:1',$,$,#6298,#6295,'504034',.OPENING.);
#6300=IFCRELVOIDSELEMENT('20LeAmtxjFagTYkQU7cvuw',#18,$,$,#991,#6299);
#6301=IFCRELFILLSELEMENT('1BSVOuhxJComVtEJmulAfK',#18,$,$,#6299,#4662);
#6302=IFCCARTESIANPOINT((-2.00999999999999,-0.200000000000003,0.));
#6303=IFCAXIS2PLACEMENT3D(#6302,$,$);
#6304=IFCLOCALPLACEMENT(#6298,#6303);
#6305=IFCCARTESIANPOINTLIST2D(((0.,2.00999999999999),(0.,0.),(1.26,0.),(1.26,2.00999999999999),(0.,2.00999999999999)));
#6306=IFCINDEXEDPOLYCURVE(#6305,$,.F.);
#6307=IFCARBITRARYCLOSEDPROFILEDEF(.AREA.,$,#6306);
#6308=IFCAXIS2PLACEMENT3D(#3,#8,#9);
#6309=IFCEXTRUDEDAREASOLID(#6307,#6308,#9,0.2);
#6310=IFCSHAPEREPRESENTATION(#24,'Body','SweptSolid',(#6309));
#6311=IFCPRODUCTDEFINITIONSHAPE($,$,(#6310));
#6312=IFCCARTESIANPOINT((28.4,0.099999999999993,5.4));
#6313=IFCAXIS2PLACEMENT3D(#6312,$,$);
#6314=IFCLOCALPLACEMENT(#915,#6313);
#6315=IFCOPENINGELEMENT('3Y4QtIeoBuFMcnyWJEikf8',#18,'Fenster 2-flg - Variabel:Fenster 2-flg - Variabel:504189:1',$,$,#6314,#6311,'504189',.OPENING.);
#6316=IFCRELVOIDSELEMENT('20LeAmtxjFagTYkQU7cv_b',#18,$,$,#991,#6315);
#6317=IFCRELFILLSELEMENT('2Y4YyT3McNFQWe4K8fBFar',#18,$,$,#6315,#4710);
#6318=IFCCARTESIANPOINT((-2.00999999999999,-0.200000000000003,0.));
#6319=IFCAXIS2PLACEMENT3D(#6318,$,$);
#6320=IFCLOCALPLACEMENT(#6314,#6319);
#6321=IFCCARTESIANPOINTLIST2D(((0.,2.01),(0.,-5.66656517259154E-33),(1.26,-5.66656517259154E-33),(1.26,2.01),(0.,2.01)));
#6322=IFCINDEXEDPOLYCURVE(#6321,$,.F.);
#6323=IFCARBITRARYCLOSEDPROFILEDEF(.AREA.,$,#6322);
#6324=IFCAXIS2PLACEMENT3D(#3,#8,#9);
#6325=IFCEXTRUDEDAREASOLID(#6323,#6324,#9,0.2);
#6326=IFCSHAPEREPRESENTATION(#24,'Body','SweptSolid',(#6325));
#6327=IFCPRODUCTDEFINITIONSHAPE($,$,(#6326));
#6328=IFCCARTESIANPOINT((8.90999999999999,0.0999999999999995,5.4));
#6329=IFCAXIS2PLACEMENT3D(#6328,$,$);
#6330=IFCLOCALPLACEMENT(#915,#6329);
#6331=IFCOPENINGELEMENT('36z5iIm4jXnbF3V9Abo1SI',#18,'Fenster 2-flg - Variabel:Fenster 2-flg - Variabel:506339:1',$,$,#6330,#6327,'506339',.OPENING.);
#6332=IFCRELVOIDSELEMENT('3$2VM3JKb4Xw__akKbRvHI',#18,$,$,#991,#6331);
#6333=IFCRELFILLSELEMENT('0p0gh4ESJtq0Xxl9qN_5YP',#18,$,$,#6331,#5044);
#6334=IFCCARTESIANPOINT((-2.01,-0.199999999999999,0.));
#6335=IFCAXIS2PLACEMENT3D(#6334,$,$);
#6336=IFCLOCALPLACEMENT(#6330,#6335);
#6337=IFCCARTESIANPOINTLIST2D(((0.,2.01),(0.,-5.66656517259154E-33),(1.26,-5.66656517259154E-33),(1.26,2.01),(0.,2.01)));
#6338=IFCINDEXEDPOLYCURVE(#6337,$,.F.);
#6339=IFCARBITRARYCLOSEDPROFILEDEF(.AREA.,$,#6338);
#6340=IFCAXIS2PLACEMENT3D(#3,#8,#9);
#6341=IFCEXTRUDEDAREASOLID(#6339,#6340,#9,0.2);
#6342=IFCSHAPEREPRESENTATION(#24,'Body','SweptSolid',(#6341));
#6343=IFCPRODUCTDEFINITIONSHAPE($,$,(#6342));
#6344=IFCCARTESIANPOINT((3.60999999999999,0.100000000000001,5.4));
#6345=IFCAXIS2PLACEMENT3D(#6344,$,$);
#6346=IFCLOCALPLACEMENT(#915,#6345);
#6347=IFCOPENINGELEMENT('2B5GFSLQnrl4VMZAVEGeNN',#18,'Fenster 2-flg - Variabel:Fenster 2-flg - Variabel:506566:1',$,$,#6346,#6343,'506566',.OPENING.);
#6348=IFCRELVOIDSELEMENT('3$2VM3JKb4Xw__akKbRvTt',#18,$,$,#991,#6347);
#6349=IFCRELFILLSELEMENT('1pxbkP_XCA5xAGu1cs4Wkz',#18,$,$,#6347,#5060);
#6350=IFCCARTESIANPOINT((-2.01,-0.199999999999999,0.));
#6351=IFCAXIS2PLACEMENT3D(#6350,$,$);
#6352=IFCLOCALPLACEMENT(#6346,#6351);
#6353=IFCCARTESIANPOINTLIST2D(((0.,2.01),(0.,-5.66656517259154E-33),(1.26,-5.66656517259154E-33),(1.26,2.01),(0.,2.01)));
#6354=IFCINDEXEDPOLYCURVE(#6353,$,.F.);
#6355=IFCARBITRARYCLOSEDPROFILEDEF(.AREA.,$,#6354);
#6356=IFCAXIS2PLACEMENT3D(#3,#8,#9);
#6357=IFCEXTRUDEDAREASOLID(#6355,#6356,#9,0.2);
#6358=IFCSHAPEREPRESENTATION(#24,'Body','SweptSolid',(#6357));
#6359=IFCPRODUCTDEFINITIONSHAPE($,$,(#6358));
#6360=IFCCARTESIANPOINT((9.20999999999999,0.0999999999999994,1.));
#6361=IFCAXIS2PLACEMENT3D(#6360,$,$);
#6362=IFCLOCALPLACEMENT(#915,#6361);
#6363=IFCOPENINGELEMENT('0vDrrW8Pa9pUP4NvRuwkHj',#18,'Fenster 2-flg - Variabel:Fenster 2-flg - Variabel:506883:1',$,$,#6362,#6359,'506883',.OPENING.);
#6364=IFCRELVOIDSELEMENT('3$2VM3JKb4Xw__akKbRv6o',#18,$,$,#991,#6363);
#6365=IFCRELFILLSELEMENT('0Pk0ze4HEHhN7nGaXlX7vt',#18,$,$,#6363,#5076);
#6366=IFCCARTESIANPOINT((-2.01,-0.199999999999999,0.));
#6367=IFCAXIS2PLACEMENT3D(#6366,$,$);
#6368=IFCLOCALPLACEMENT(#6362,#6367);
#6369=IFCCARTESIANPOINTLIST2D(((0.,2.01),(0.,-7.25547004698621E-30),(1.26,-7.25547004698621E-30),(1.26,2.01),(0.,2.01)));
#6370=IFCINDEXEDPOLYCURVE(#6369,$,.F.);
#6371=IFCARBITRARYCLOSEDPROFILEDEF(.AREA.,$,#6370);
#6372=IFCAXIS2PLACEMENT3D(#3,#7,#9);
#6373=IFCEXTRUDEDAREASOLID(#6371,#6372,#9,0.2);
#6374=IFCSHAPEREPRESENTATION(#24,'Body','SweptSolid',(#6373));
#6375=IFCPRODUCTDEFINITIONSHAPE($,$,(#6374));
#6376=IFCCARTESIANPOINT((2.3,-0.100000000000008,1.));
#6377=IFCAXIS2PLACEMENT3D(#6376,$,$);
#6378=IFCLOCALPLACEMENT(#1056,#6377);
#6379=IFCOPENINGELEMENT('0DbE5oWflb43tlma7qgvTn',#18,'Fenster 2-flg - Variabel:Fenster 2-flg - Variabel:502549:1',$,$,#6378,#6375,'502549',.OPENING.);
#6380=IFCRELVOIDSELEMENT('20LeAmtxjFagTYkQU7cuND',#18,$,$,#1121,#6379);
#6381=IFCRELFILLSELEMENT('3lmyLCO26f14ssOFrGM$$n',#18,$,$,#6379,#3914);
#6382=IFCCARTESIANPOINT((2.01,0.199999999999996,0.));
#6383=IFCAXIS2PLACEMENT3D(#6382,#9,#6);
#6384=IFCLOCALPLACEMENT(#6378,#6383);
#6385=IFCCARTESIANPOINTLIST2D(((0.,2.01),(0.,-7.25547004698621E-30),(1.26,-7.25547004698621E-30),(1.26,2.01),(0.,2.01)));
#6386=IFCINDEXEDPOLYCURVE(#6385,$,.F.);
#6387=IFCARBITRARYCLOSEDPROFILEDEF(.AREA.,$,#6386);
#6388=IFCAXIS2PLACEMENT3D(#3,#7,#9);
#6389=IFCEXTRUDEDAREASOLID(#6387,#6388,#9,0.2);
#6390=IFCSHAPEREPRESENTATION(#24,'Body','SweptSolid',(#6389));
#6391=IFCPRODUCTDEFINITIONSHAPE($,$,(#6390));
#6392=IFCCARTESIANPOINT((7.41,-0.100000000000025,1.));
#6393=IFCAXIS2PLACEMENT3D(#6392,$,$);
#6394=IFCLOCALPLACEMENT(#1056,#6393);
#6395=IFCOPENINGELEMENT('32UnvKg8Ad$j8cXWCTKiW$',#18,'Fenster 2-flg - Variabel:Fenster 2-flg - Variabel:502668:1',$,$,#6394,#6391,'502668',.OPENING.);
#6396=IFCRELVOIDSELEMENT('20LeAmtxjFagTYkQU7cuLK',#18,$,$,#1121,#6395);
#6397=IFCRELFILLSELEMENT('34EELJ_neee3yiSdxgi$cx',#18,$,$,#6395,#3930);
#6398=IFCCARTESIANPOINT((2.01,0.199999999999996,0.));
#6399=IFCAXIS2PLACEMENT3D(#6398,#9,#6);
#6400=IFCLOCALPLACEMENT(#6394,#6399);
#6401=IFCCARTESIANPOINTLIST2D(((0.,2.01),(0.,-7.20172582441594E-30),(1.26,-7.20172582441594E-30),(1.26,2.01),(0.,2.01)));
#6402=IFCINDEXEDPOLYCURVE(#6401,$,.F.);
#6403=IFCARBITRARYCLOSEDPROFILEDEF(.AREA.,$,#6402);
#6404=IFCAXIS2PLACEMENT3D(#3,#7,#9);
#6405=IFCEXTRUDEDAREASOLID(#6403,#6404,#9,0.2);
#6406=IFCSHAPEREPRESENTATION(#24,'Body','SweptSolid',(#6405));
#6407=IFCPRODUCTDEFINITIONSHAPE($,$,(#6406));
#6408=IFCCARTESIANPOINT((2.1,-0.100000000000008,5.4));
#6409=IFCAXIS2PLACEMENT3D(#6408,$,$);
#6410=IFCLOCALPLACEMENT(#1056,#6409);
#6411=IFCOPENINGELEMENT('0WhP1wRrm$HFXgYhvU$_Ml',#18,'Fenster 2-flg - Variabel:Fenster 2-flg - Variabel:504283:1',$,$,#6410,#6407,'504283',.OPENING.);
#6412=IFCRELVOIDSELEMENT('20LeAmtxjFagTYkQU7cvy3',#18,$,$,#1121,#6411);
#6413=IFCRELFILLSELEMENT('1ERcmhONYaSf3kK190U7FF',#18,$,$,#6411,#4742);
#6414=IFCCARTESIANPOINT((2.01,0.199999999999996,0.));
#6415=IFCAXIS2PLACEMENT3D(#6414,#9,#6);
#6416=IFCLOCALPLACEMENT(#6410,#6415);
#6417=IFCCARTESIANPOINTLIST2D(((0.,2.01),(0.,-7.20172582441594E-30),(1.26,-7.20172582441594E-30),(1.26,2.01),(0.,2.01)));
#6418=IFCINDEXEDPOLYCURVE(#6417,$,.F.);
#6419=IFCARBITRARYCLOSEDPROFILEDEF(.AREA.,$,#6418);
#6420=IFCAXIS2PLACEMENT3D(#3,#7,#9);
#6421=IFCEXTRUDEDAREASOLID(#6419,#6420,#9,0.2);
#6422=IFCSHAPEREPRESENTATION(#24,'Body','SweptSolid',(#6421));
#6423=IFCPRODUCTDEFINITIONSHAPE($,$,(#6422));
#6424=IFCCARTESIANPOINT((7.71,-0.100000000000026,5.4));
#6425=IFCAXIS2PLACEMENT3D(#6424,$,$);
#6426=IFCLOCALPLACEMENT(#1056,#6425);
#6427=IFCOPENINGELEMENT('1sOho9XW$erqwzKO31tdUo',#18,'Fenster 2-flg - Variabel:Fenster 2-flg - Variabel:504314:1',$,$,#6426,#6423,'504314',.OPENING.);
#6428=IFCRELVOIDSELEMENT('20LeAmtxjFagTYkQU7cvyY',#18,$,$,#1121,#6427);
#6429=IFCRELFILLSELEMENT('2BNHX1af55xLmBqOTLzLdn',#18,$,$,#6427,#4758);
#6430=IFCCARTESIANPOINT((2.01,0.199999999999996,0.));
#6431=IFCAXIS2PLACEMENT3D(#6430,#9,#6);
#6432=IFCLOCALPLACEMENT(#6426,#6431);
#6433=IFCCARTESIANPOINTLIST2D(((0.,2.01),(0.,-7.25547004698621E-30),(1.26,-7.25547004698621E-30),(1.26,2.01),(0.,2.01)));
#6434=IFCINDEXEDPOLYCURVE(#6433,$,.F.);
#6435=IFCARBITRARYCLOSEDPROFILEDEF(.AREA.,$,#6434);
#6436=IFCAXIS2PLACEMENT3D(#3,#7,#9);
#6437=IFCEXTRUDEDAREASOLID(#6435,#6436,#9,0.2);
#6438=IFCSHAPEREPRESENTATION(#24,'Body','SweptSolid',(#6437));
#6439=IFCPRODUCTDEFINITIONSHAPE($,$,(#6438));
#6440=IFCCARTESIANPOINT((7.48999999999998,-0.100000000000025,9.8));
#6441=IFCAXIS2PLACEMENT3D(#6440,$,$);
#6442=IFCLOCALPLACEMENT(#1056,#6441);
#6443=IFCOPENINGELEMENT('1XusqAxeU9qZDSimD8MQXw',#18,'Fenster 2-flg - Variabel:Fenster 2-flg - Variabel:505093:1',$,$,#6442,#6439,'505093',.OPENING.);
#6444=IFCRELVOIDSELEMENT('20LeAmtxjFagTYkQU7cvlT',#18,$,$,#1121,#6443);
#6445=IFCRELFILLSELEMENT('1KONQWYqSySC7EirPVLW7U',#18,$,$,#6443,#4902);
#6446=IFCCARTESIANPOINT((2.01,0.199999999999996,0.));
#6447=IFCAXIS2PLACEMENT3D(#6446,#9,#6);
#6448=IFCLOCALPLACEMENT(#6442,#6447);
#6449=IFCCARTESIANPOINTLIST2D(((0.,2.01),(0.,-7.25547004698621E-30),(1.26,-7.25547004698621E-30),(1.26,2.01),(0.,2.01)));
#6450=IFCINDEXEDPOLYCURVE(#6449,$,.F.);
#6451=IFCARBITRARYCLOSEDPROFILEDEF(.AREA.,$,#6450);
#6452=IFCAXIS2PLACEMENT3D(#3,#7,#9);
#6453=IFCEXTRUDEDAREASOLID(#6451,#6452,#9,0.2);
#6454=IFCSHAPEREPRESENTATION(#24,'Body','SweptSolid',(#6453));
#6455=IFCPRODUCTDEFINITIONSHAPE($,$,(#6454));
#6456=IFCCARTESIANPOINT((1.9,-0.100000000000007,9.8));
#6457=IFCAXIS2PLACEMENT3D(#6456,$,$);
#6458=IFCLOCALPLACEMENT(#1056,#6457);
#6459=IFCOPENINGELEMENT('0MDKIVxp72taafvMUeerYC',#18,'Fenster 2-flg - Variabel:Fenster 2-flg - Variabel:505209:1',$,$,#6458,#6455,'505209',.OPENING.);
#6460=IFCRELVOIDSELEMENT('20LeAmtxjFagTYkQU7cvkX',#18,$,$,#1121,#6459);
#6461=IFCRELFILLSELEMENT('3BifjJlkwV2mOCOU7liJV9',#18,$,$,#6459,#4934);
#6462=IFCCARTESIANPOINT((2.01,0.199999999999996,0.));
#6463=IFCAXIS2PLACEMENT3D(#6462,#9,#6);
#6464=IFCLOCALPLACEMENT(#6458,#6463);
#6465=IFCCARTESIANPOINTLIST2D(((0.,2.01),(0.,-1.48657185880054E-30),(2.35999999999998,-1.48657185880054E-30),(2.35999999999998,2.01),(0.,2.01)));
#6466=IFCINDEXEDPOLYCURVE(#6465,$,.F.);
#6467=IFCARBITRARYCLOSEDPROFILEDEF(.AREA.,$,#6466);
#6468=IFCAXIS2PLACEMENT3D(#3,#7,#9);
#6469=IFCEXTRUDEDAREASOLID(#6467,#6468,#9,0.12);
#6470=IFCSHAPEREPRESENTATION(#24,'Body','SweptSolid',(#6469));
#6471=IFCPRODUCTDEFINITIONSHAPE($,$,(#6470));
#6472=IFCCARTESIANPOINT((1.19500000000001,-0.0600000000000024,0.));
#6473=IFCAXIS2PLACEMENT3D(#6472,$,$);
#6474=IFCLOCALPLACEMENT(#2585,#6473);
#6475=IFCOPENINGELEMENT('2X1ZoGfPCd0KkicPtEkpDS',#18,'Drehfl\X2\00FC\X0\gel 2-flg - Variabel:Drehfl\X2\00FC\X0\gel 2-flg - Variabel:501510:1',$,$,#6474,#6471,'501510',.OPENING.);
#6476=IFCRELVOIDSELEMENT('20LeAmtxjFagTYkQU7cudU',#18,$,$,#2615,#6475);
#6477=IFCRELFILLSELEMENT('2Z0lEVm_aIuLcyuozzywUu',#18,$,$,#6475,#3624);
#6478=IFCAXIS2PLACEMENT3D(#3,$,$);
#6479=IFCLOCALPLACEMENT(#6474,#6478);
#6480=IFCCARTESIANPOINTLIST2D(((0.,2.01),(0.,-1.48657185880055E-30),(2.35999999999998,-1.48657185880055E-30),(2.35999999999998,2.01),(0.,2.01)));
#6481=IFCINDEXEDPOLYCURVE(#6480,$,.F.);
#6482=IFCARBITRARYCLOSEDPROFILEDEF(.AREA.,$,#6481);
#6483=IFCAXIS2PLACEMENT3D(#3,#7,#9);
#6484=IFCEXTRUDEDAREASOLID(#6482,#6483,#9,0.12);
#6485=IFCSHAPEREPRESENTATION(#24,'Body','SweptSolid',(#6484));
#6486=IFCPRODUCTDEFINITIONSHAPE($,$,(#6485));
#6487=IFCCARTESIANPOINT((1.195,-0.0600000000000024,0.));
#6488=IFCAXIS2PLACEMENT3D(#6487,$,$);
#6489=IFCLOCALPLACEMENT(#2630,#6488);
#6490=IFCOPENINGELEMENT('2tIIXmfMFNeU7Q$5W0EXtc',#18,'Drehfl\X2\00FC\X0\gel 2-flg - Variabel:Drehfl\X2\00FC\X0\gel 2-flg - Variabel:501638:1',$,$,#6489,#6486,'501638',.OPENING.);
#6491=IFCRELVOIDSELEMENT('20LeAmtxjFagTYkQU7cubU',#18,$,$,#2657,#6490);
#6492=IFCRELFILLSELEMENT('1JRCFuX0ntI882LNkCDahD',#18,$,$,#6490,#3639);
#6493=IFCAXIS2PLACEMENT3D(#3,$,$);
#6494=IFCLOCALPLACEMENT(#6489,#6493);
#6495=IFCCARTESIANPOINTLIST2D(((0.,2.01),(0.,-3.7506319759576E-30),(2.35999999999998,-3.7506319759576E-30),(2.35999999999998,2.01),(0.,2.01)));
#6496=IFCINDEXEDPOLYCURVE(#6495,$,.F.);
#6497=IFCARBITRARYCLOSEDPROFILEDEF(.AREA.,$,#6496);
#6498=IFCAXIS2PLACEMENT3D(#3,#8,#9);
#6499=IFCEXTRUDEDAREASOLID(#6497,#6498,#9,0.12);
#6500=IFCSHAPEREPRESENTATION(#24,'Body','SweptSolid',(#6499));
#6501=IFCPRODUCTDEFINITIONSHAPE($,$,(#6500));
#6502=IFCCARTESIANPOINT((2.70498527530074,0.0599999999999873,0.));
#6503=IFCAXIS2PLACEMENT3D(#6502,$,$);
#6504=IFCLOCALPLACEMENT(#2986,#6503);
#6505=IFCOPENINGELEMENT('1Wkk4BQB99$Ula3xwU6nr8',#18,'Drehfl\X2\00FC\X0\gel 2-flg - Variabel:Drehfl\X2\00FC\X0\gel 2-flg - Variabel:501434:1',$,$,#6504,#6501,'501434',.OPENING.);
#6506=IFCRELVOIDSELEMENT('20LeAmtxjFagTYkQU7cuXY',#18,$,$,#3013,#6505);
#6507=IFCRELFILLSELEMENT('3eFzaj5UL7gXD$an3yAJ0R',#18,$,$,#6505,#3609);
#6508=IFCAXIS2PLACEMENT3D(#3,#9,#6);
#6509=IFCLOCALPLACEMENT(#6504,#6508);
#6510=IFCCARTESIANPOINTLIST2D(((0.,2.01),(0.,-5.45615227463871E-32),(2.35999999999998,-5.45615227463871E-32),(2.35999999999998,2.01),(0.,2.01)));
#6511=IFCINDEXEDPOLYCURVE(#6510,$,.F.);
#6512=IFCARBITRARYCLOSEDPROFILEDEF(.AREA.,$,#6511);
#6513=IFCAXIS2PLACEMENT3D(#3,#7,#9);
#6514=IFCEXTRUDEDAREASOLID(#6512,#6513,#9,0.12);
#6515=IFCSHAPEREPRESENTATION(#24,'Body','SweptSolid',(#6514));
#6516=IFCPRODUCTDEFINITIONSHAPE($,$,(#6515));
#6517=IFCCARTESIANPOINT((0.694999999999989,-0.0600000000000022,0.));
#6518=IFCAXIS2PLACEMENT3D(#6517,$,$);
#6519=IFCLOCALPLACEMENT(#3023,#6518);
#6520=IFCOPENINGELEMENT('16G$k8fE1c$RfQGSjQBSV6',#18,'Drehfl\X2\00FC\X0\gel 2-flg - Variabel:Drehfl\X2\00FC\X0\gel 2-flg - Variabel:501395:1',$,$,#6519,#6516,'501395',.OPENING.);
#6521=IFCRELVOIDSELEMENT('20LeAmtxjFagTYkQU7cuXB',#18,$,$,#3050,#6520);
#6522=IFCRELFILLSELEMENT('3lTYoXQEoEixLnVk$fv1UD',#18,$,$,#6520,#3593);
#6523=IFCAXIS2PLACEMENT3D(#3,$,$);
#6524=IFCLOCALPLACEMENT(#6519,#6523);
#6525=IFCCARTESIANPOINTLIST2D(((0.,2.01),(0.,0.),(1.26,0.),(1.26,2.01),(0.,2.01)));
#6526=IFCINDEXEDPOLYCURVE(#6525,$,.F.);
#6527=IFCARBITRARYCLOSEDPROFILEDEF(.AREA.,$,#6526);
#6528=IFCAXIS2PLACEMENT3D(#3,#8,#9);
#6529=IFCEXTRUDEDAREASOLID(#6527,#6528,#9,0.2);
#6530=IFCSHAPEREPRESENTATION(#24,'Body','SweptSolid',(#6529));
#6531=IFCPRODUCTDEFINITIONSHAPE($,$,(#6530));
#6532=IFCCARTESIANPOINT((4.6675,0.0999999999999829,1.));
#6533=IFCAXIS2PLACEMENT3D(#6532,$,$);
#6534=IFCLOCALPLACEMENT(#1001,#6533);
#6535=IFCOPENINGELEMENT('1Mf5cb7FuWEsN69mifl3BT',#18,'Fenster 2-flg - Variabel:Fenster 2-flg - Variabel:502709:1',$,$,#6534,#6531,'502709',.OPENING.);
#6536=IFCRELVOIDSELEMENT('20LeAmtxjFagTYkQU7cuLj',#18,$,$,#1046,#6535);
#6537=IFCRELFILLSELEMENT('2vytHDSAoUhI8rbkV0SM4t',#18,$,$,#6535,#3946);
#6538=IFCCARTESIANPOINT((-2.00999999999999,-0.199999999999992,0.));
#6539=IFCAXIS2PLACEMENT3D(#6538,$,$);
#6540=IFCLOCALPLACEMENT(#6534,#6539);
#6541=IFCCARTESIANPOINTLIST2D(((0.,2.01),(0.,0.),(1.26,0.),(1.26,2.01),(0.,2.01)));
#6542=IFCINDEXEDPOLYCURVE(#6541,$,.F.);
#6543=IFCARBITRARYCLOSEDPROFILEDEF(.AREA.,$,#6542);
#6544=IFCAXIS2PLACEMENT3D(#3,#8,#9);
#6545=IFCEXTRUDEDAREASOLID(#6543,#6544,#9,0.2);
#6546=IFCSHAPEREPRESENTATION(#24,'Body','SweptSolid',(#6545));
#6547=IFCPRODUCTDEFINITIONSHAPE($,$,(#6546));
#6548=IFCCARTESIANPOINT((9.5775,0.099999999999968,1.));
#6549=IFCAXIS2PLACEMENT3D(#6548,$,$);
#6550=IFCLOCALPLACEMENT(#1001,#6549);
#6551=IFCOPENINGELEMENT('3zVg8mLeBOUVCoHKBw8H8n',#18,'Fenster 2-flg - Variabel:Fenster 2-flg - Variabel:502802:1',$,$,#6550,#6547,'502802',.OPENING.);
#6552=IFCRELVOIDSELEMENT('20LeAmtxjFagTYkQU7cuBA',#18,$,$,#1046,#6551);
#6553=IFCRELFILLSELEMENT('3NozOB_qDpQ8va0Vg5PGoz',#18,$,$,#6551,#3962);
#6554=IFCCARTESIANPOINT((-2.00999999999999,-0.199999999999992,0.));
#6555=IFCAXIS2PLACEMENT3D(#6554,$,$);
#6556=IFCLOCALPLACEMENT(#6550,#6555);
#6557=IFCCARTESIANPOINTLIST2D(((0.,2.01),(0.,0.),(1.26,0.),(1.26,2.01),(0.,2.01)));
#6558=IFCINDEXEDPOLYCURVE(#6557,$,.F.);
#6559=IFCARBITRARYCLOSEDPROFILEDEF(.AREA.,$,#6558);
#6560=IFCAXIS2PLACEMENT3D(#3,#8,#9);
#6561=IFCEXTRUDEDAREASOLID(#6559,#6560,#9,0.2);
#6562=IFCSHAPEREPRESENTATION(#24,'Body','SweptSolid',(#6561));
#6563=IFCPRODUCTDEFINITIONSHAPE($,$,(#6562));
#6564=IFCCARTESIANPOINT((4.3675,0.0999999999999849,5.4));
#6565=IFCAXIS2PLACEMENT3D(#6564,$,$);
#6566=IFCLOCALPLACEMENT(#1001,#6565);
#6567=IFCOPENINGELEMENT('17BkN30K4bBNoI6m1fxnK4',#18,'Fenster 2-flg - Variabel:Fenster 2-flg - Variabel:503489:1',$,$,#6566,#6563,'503489',.OPENING.);
#6568=IFCRELVOIDSELEMENT('20LeAmtxjFagTYkQU7cu0P',#18,$,$,#1046,#6567);
#6569=IFCRELFILLSELEMENT('3gH6JSGZnuTnmSqliDBl1z',#18,$,$,#6567,#4534);
#6570=IFCCARTESIANPOINT((-2.00999999999999,-0.199999999999994,0.));
#6571=IFCAXIS2PLACEMENT3D(#6570,$,$);
#6572=IFCLOCALPLACEMENT(#6566,#6571);
#6573=IFCCARTESIANPOINTLIST2D(((0.,2.01),(0.,0.),(1.26,0.),(1.26,2.01),(0.,2.01)));
#6574=IFCINDEXEDPOLYCURVE(#6573,$,.F.);
#6575=IFCARBITRARYCLOSEDPROFILEDEF(.AREA.,$,#6574);
#6576=IFCAXIS2PLACEMENT3D(#3,#8,#9);
#6577=IFCEXTRUDEDAREASOLID(#6575,#6576,#9,0.2);
#6578=IFCSHAPEREPRESENTATION(#24,'Body','SweptSolid',(#6577));
#6579=IFCPRODUCTDEFINITIONSHAPE($,$,(#6578));
#6580=IFCCARTESIANPOINT((9.7775,0.0999999999999674,5.4));
#6581=IFCAXIS2PLACEMENT3D(#6580,$,$);
#6582=IFCLOCALPLACEMENT(#1001,#6581);
#6583=IFCOPENINGELEMENT('0qqkcP5JPMgUyZX5zYIZz4',#18,'Fenster 2-flg - Variabel:Fenster 2-flg - Variabel:503712:1',$,$,#6582,#6579,'503712',.OPENING.);
#6584=IFCRELVOIDSELEMENT('20LeAmtxjFagTYkQU7cu5u',#18,$,$,#1046,#6583);
#6585=IFCRELFILLSELEMENT('0qFSSWMd$jOAkVHyynPMd4',#18,$,$,#6583,#4582);
#6586=IFCCARTESIANPOINT((-2.00999999999999,-0.199999999999994,0.));
#6587=IFCAXIS2PLACEMENT3D(#6586,$,$);
#6588=IFCLOCALPLACEMENT(#6582,#6587);
#6589=IFCCARTESIANPOINTLIST2D(((0.,2.01),(0.,-7.25547004698621E-30),(1.26,-7.25547004698621E-30),(1.26,2.01),(0.,2.01)));
#6590=IFCINDEXEDPOLYCURVE(#6589,$,.F.);
#6591=IFCARBITRARYCLOSEDPROFILEDEF(.AREA.,$,#6590);
#6592=IFCAXIS2PLACEMENT3D(#3,#7,#9);
#6593=IFCEXTRUDEDAREASOLID(#6591,#6592,#9,0.2);
#6594=IFCSHAPEREPRESENTATION(#24,'Body','SweptSolid',(#6593));
#6595=IFCPRODUCTDEFINITIONSHAPE($,$,(#6594));
#6596=IFCCARTESIANPOINT((10.69,-0.100000000000035,5.4));
#6597=IFCAXIS2PLACEMENT3D(#6596,$,$);
#6598=IFCLOCALPLACEMENT(#646,#6597);
#6599=IFCOPENINGELEMENT('0ZAf9qmZfclAQurHgHlH0u',#18,'Fenster 2-flg - Variabel:Fenster 2-flg - Variabel:504230:1',$,$,#6598,#6595,'504230',.OPENING.);
#6600=IFCRELVOIDSELEMENT('20LeAmtxjFagTYkQU7cvz_',#18,$,$,#691,#6599);
#6601=IFCRELFILLSELEMENT('2U_UHDDljgvAsUtl8KAMqn',#18,$,$,#6599,#4726);
#6602=IFCCARTESIANPOINT((2.00999999999999,0.199999999999996,0.));
#6603=IFCAXIS2PLACEMENT3D(#6602,#9,#6);
#6604=IFCLOCALPLACEMENT(#6598,#6603);
#6605=IFCCARTESIANPOINTLIST2D(((0.,2.01),(0.,-7.20172582441594E-30),(1.26,-7.20172582441594E-30),(1.26,2.01),(0.,2.01)));
#6606=IFCINDEXEDPOLYCURVE(#6605,$,.F.);
#6607=IFCARBITRARYCLOSEDPROFILEDEF(.AREA.,$,#6606);
#6608=IFCAXIS2PLACEMENT3D(#3,#7,#9);
#6609=IFCEXTRUDEDAREASOLID(#6607,#6608,#9,0.2);
#6610=IFCSHAPEREPRESENTATION(#24,'Body','SweptSolid',(#6609));
#6611=IFCPRODUCTDEFINITIONSHAPE($,$,(#6610));
#6612=IFCCARTESIANPOINT((4.77999999999997,-0.100000000000017,5.4));
#6613=IFCAXIS2PLACEMENT3D(#6612,$,$);
#6614=IFCLOCALPLACEMENT(#646,#6613);
#6615=IFCOPENINGELEMENT('2lenX6Fvzqk$kNHC40B6yP',#18,'Fenster 2-flg - Variabel:Fenster 2-flg - Variabel:504357:1',$,$,#6614,#6611,'504357',.OPENING.);
#6616=IFCRELVOIDSELEMENT('20LeAmtxjFagTYkQU7cvpz',#18,$,$,#691,#6615);
#6617=IFCRELFILLSELEMENT('0w3ao4x1GBceDywVj7dOjw',#18,$,$,#6615,#4774);
#6618=IFCCARTESIANPOINT((2.00999999999999,0.199999999999996,0.));
#6619=IFCAXIS2PLACEMENT3D(#6618,#9,#6);
#6620=IFCLOCALPLACEMENT(#6614,#6619);
#6621=IFCCARTESIANPOINTLIST2D(((0.,2.01),(0.,0.),(1.26,0.),(1.26,2.01),(0.,2.01)));
#6622=IFCINDEXEDPOLYCURVE(#6621,$,.F.);
#6623=IFCARBITRARYCLOSEDPROFILEDEF(.AREA.,$,#6622);
#6624=IFCAXIS2PLACEMENT3D(#3,#8,#9);
#6625=IFCEXTRUDEDAREASOLID(#6623,#6624,#9,0.2);
#6626=IFCSHAPEREPRESENTATION(#24,'Body','SweptSolid',(#6625));
#6627=IFCPRODUCTDEFINITIONSHAPE($,$,(#6626));
#6628=IFCCARTESIANPOINT((4.3675,0.0999999999999849,9.8));
#6629=IFCAXIS2PLACEMENT3D(#6628,$,$);
#6630=IFCLOCALPLACEMENT(#1001,#6629);
#6631=IFCOPENINGELEMENT('1zqNw2or9a3xknVqVr2iv1',#18,'Fenster 2-flg - Variabel:Fenster 2-flg - Variabel:504781:1',$,$,#6630,#6627,'504781',.OPENING.);
#6632=IFCRELVOIDSELEMENT('20LeAmtxjFagTYkQU7cvqL',#18,$,$,#1046,#6631);
#6633=IFCRELFILLSELEMENT('1eGtDTj5uz2varJdjBY31K',#18,$,$,#6631,#4838);
#6634=IFCCARTESIANPOINT((-2.00999999999999,-0.199999999999994,0.));
#6635=IFCAXIS2PLACEMENT3D(#6634,$,$);
#6636=IFCLOCALPLACEMENT(#6630,#6635);
#6637=IFCCARTESIANPOINTLIST2D(((0.,2.01),(0.,0.),(1.26,0.),(1.26,2.01),(0.,2.01)));
#6638=IFCINDEXEDPOLYCURVE(#6637,$,.F.);
#6639=IFCARBITRARYCLOSEDPROFILEDEF(.AREA.,$,#6638);
#6640=IFCAXIS2PLACEMENT3D(#3,#8,#9);
#6641=IFCEXTRUDEDAREASOLID(#6639,#6640,#9,0.2);
#6642=IFCSHAPEREPRESENTATION(#24,'Body','SweptSolid',(#6641));
#6643=IFCPRODUCTDEFINITIONSHAPE($,$,(#6642));
#6644=IFCCARTESIANPOINT((9.7775,0.0999999999999674,9.8));
#6645=IFCAXIS2PLACEMENT3D(#6644,$,$);
#6646=IFCLOCALPLACEMENT(#1001,#6645);
#6647=IFCOPENINGELEMENT('3bGTzrSyem_OzVEUsK9lsf',#18,'Fenster 2-flg - Variabel:Fenster 2-flg - Variabel:504808:1',$,$,#6646,#6643,'504808',.OPENING.);
#6648=IFCRELVOIDSELEMENT('20LeAmtxjFagTYkQU7cvqm',#18,$,$,#1046,#6647);
#6649=IFCRELFILLSELEMENT('0MEvusz9237SPd$ba4Qqnm',#18,$,$,#6647,#4854);
#6650=IFCCARTESIANPOINT((-2.00999999999999,-0.199999999999994,0.));
#6651=IFCAXIS2PLACEMENT3D(#6650,$,$);
#6652=IFCLOCALPLACEMENT(#6646,#6651);
#6653=IFCCARTESIANPOINTLIST2D(((0.,2.01),(0.,-7.20172582441594E-30),(1.26,-7.20172582441594E-30),(1.26,2.01),(0.,2.01)));
#6654=IFCINDEXEDPOLYCURVE(#6653,$,.F.);
#6655=IFCARBITRARYCLOSEDPROFILEDEF(.AREA.,$,#6654);
#6656=IFCAXIS2PLACEMENT3D(#3,#7,#9);
#6657=IFCEXTRUDEDAREASOLID(#6655,#6656,#9,0.2);
#6658=IFCSHAPEREPRESENTATION(#24,'Body','SweptSolid',(#6657));
#6659=IFCPRODUCTDEFINITIONSHAPE($,$,(#6658));
#6660=IFCCARTESIANPOINT((5.2,-0.100000000000018,9.8));
#6661=IFCAXIS2PLACEMENT3D(#6660,$,$);
#6662=IFCLOCALPLACEMENT(#646,#6661);
#6663=IFCOPENINGELEMENT('1NZBiqK_xYmMzyPoF7_Z0o',#18,'Fenster 2-flg - Variabel:Fenster 2-flg - Variabel:505156:1',$,$,#6662,#6659,'505156',.OPENING.);
#6664=IFCRELVOIDSELEMENT('20LeAmtxjFagTYkQU7cvkS',#18,$,$,#691,#6663);
#6665=IFCRELFILLSELEMENT('0278MalNLxe95nAWC5$TBa',#18,$,$,#6663,#4918);
#6666=IFCCARTESIANPOINT((2.00999999999999,0.199999999999992,0.));
#6667=IFCAXIS2PLACEMENT3D(#6666,#9,#6);
#6668=IFCLOCALPLACEMENT(#6662,#6667);
#6669=IFCCARTESIANPOINTLIST2D(((0.,2.01),(0.,-7.25547004698621E-30),(1.26,-7.25547004698621E-30),(1.26,2.01),(0.,2.01)));
#6670=IFCINDEXEDPOLYCURVE(#6669,$,.F.);
#6671=IFCARBITRARYCLOSEDPROFILEDEF(.AREA.,$,#6670);
#6672=IFCAXIS2PLACEMENT3D(#3,#7,#9);
#6673=IFCEXTRUDEDAREASOLID(#6671,#6672,#9,0.2);
#6674=IFCSHAPEREPRESENTATION(#24,'Body','SweptSolid',(#6673));
#6675=IFCPRODUCTDEFINITIONSHAPE($,$,(#6674));
#6676=IFCCARTESIANPOINT((10.69,-0.100000000000035,9.8));
#6677=IFCAXIS2PLACEMENT3D(#6676,$,$);
#6678=IFCLOCALPLACEMENT(#646,#6677);
#6679=IFCOPENINGELEMENT('0xZcQ4jFlHydFGvDhhoAwc',#18,'Fenster 2-flg - Variabel:Fenster 2-flg - Variabel:505252:1',$,$,#6678,#6675,'505252',.OPENING.);
#6680=IFCRELVOIDSELEMENT('20LeAmtxjFagTYkQU7cvjy',#18,$,$,#691,#6679);
#6681=IFCRELFILLSELEMENT('2IK7OKTy_w6d$me8EFPVz2',#18,$,$,#6679,#4950);
#6682=IFCCARTESIANPOINT((2.00999999999999,0.199999999999996,0.));
#6683=IFCAXIS2PLACEMENT3D(#6682,#9,#6);
#6684=IFCLOCALPLACEMENT(#6678,#6683);
#6685=IFCCARTESIANPOINTLIST2D(((0.,1.885),(0.,-8.49158716610238E-30),(2.35999999999998,-8.49158716610238E-30),(2.35999999999998,1.885),(0.,1.885)));
#6686=IFCINDEXEDPOLYCURVE(#6685,$,.F.);
#6687=IFCARBITRARYCLOSEDPROFILEDEF(.AREA.,$,#6686);
#6688=IFCAXIS2PLACEMENT3D(#3,#7,#9);
#6689=IFCEXTRUDEDAREASOLID(#6687,#6688,#9,0.2);
#6690=IFCSHAPEREPRESENTATION(#24,'Body','SweptSolid',(#6689));
#6691=IFCPRODUCTDEFINITIONSHAPE($,$,(#6690));
#6692=IFCCARTESIANPOINT((10.615,-0.100000000000036,0.));
#6693=IFCAXIS2PLACEMENT3D(#6692,$,$);
#6694=IFCLOCALPLACEMENT(#646,#6693);
#6695=IFCOPENINGELEMENT('2TSns$wHNupm8I5bQLhBc6',#18,'Drehfl\X2\00FC\X0\gel 2-flg - Stahlzarge:1.885 x 2.26:505380:1',$,$,#6694,#6691,'505380',.OPENING.);
#6696=IFCRELVOIDSELEMENT('3$2VM3JKb4Xw__akKbRvkL',#18,$,$,#691,#6695);
#6697=IFCRELFILLSELEMENT('3nvK5kSIL7mWn1u2surnWN',#18,$,$,#6695,#4966);
#6698=IFCAXIS2PLACEMENT3D(#3,$,$);
#6699=IFCLOCALPLACEMENT(#6694,#6698);
#6700=IFCCARTESIANPOINTLIST2D(((0.,2.01),(0.,-7.20172582441594E-30),(1.26,-7.20172582441594E-30),(1.26,2.01),(0.,2.01)));
#6701=IFCINDEXEDPOLYCURVE(#6700,$,.F.);
#6702=IFCARBITRARYCLOSEDPROFILEDEF(.AREA.,$,#6701);
#6703=IFCAXIS2PLACEMENT3D(#3,#7,#9);
#6704=IFCEXTRUDEDAREASOLID(#6702,#6703,#9,0.2);
#6705=IFCSHAPEREPRESENTATION(#24,'Body','SweptSolid',(#6704));
#6706=IFCPRODUCTDEFINITIONSHAPE($,$,(#6705));
#6707=IFCCARTESIANPOINT((0.799999999999997,-0.100000000000004,5.4));
#6708=IFCAXIS2PLACEMENT3D(#6707,$,$);
#6709=IFCLOCALPLACEMENT(#646,#6708);
#6710=IFCOPENINGELEMENT('2ZYYsIjKLcB6ieYF8KUDPs',#18,'Fenster 2-flg - Variabel:Fenster 2-flg - Variabel:506161:1',$,$,#6709,#6706,'506161',.OPENING.);
#6711=IFCRELVOIDSELEMENT('3$2VM3JKb4Xw__akKbRvI0',#18,$,$,#691,#6710);
#6712=IFCRELFILLSELEMENT('0MHXgZ9JRkCMGlun$aeMXE',#18,$,$,#6710,#5012);
#6713=IFCCARTESIANPOINT((2.01,0.199999999999996,0.));
#6714=IFCAXIS2PLACEMENT3D(#6713,#9,#6);
#6715=IFCLOCALPLACEMENT(#6709,#6714);
#6716=IFCUNITASSIGNMENT((#19,#69,#70,#2394));
ENDSEC;
END-ISO-10303-21;
